{"type":"FeatureCollection","properties":{"source":"Natural Earth 1:10m Admin 1 states and provinces (adm0_a3 = IND), clipped to the India outline","source_version":"Natural Earth 5.2.0-pre (nvkelso/natural-earth-vector master, retrieved 2026-09-27)","license":"Public domain (Natural Earth)"},"features":[{"type":"Feature","properties":{"name":"Ladakh","code":"IN-LA","type":"Union Territory"},"geometry":{"type":"MultiPolygon","coordinates":[[[[78.35887,32.51559],[78.31339,32.47174],[78.28218,32.48065],[78.2704,32.50417],[78.30409,32.59615],[78.37468,32.64878],[78.38336,32.71444],[78.36662,32.76521],[78.31773,32.76467],[78.31432,32.73544],[78.26874,32.7157],[78.25386,32.6979],[78.22792,32.69018],[78.19154,32.69201],[78.15454,32.67405],[78.11464,32.66772],[78.05904,32.61834],[78.00891,32.61031],[77.93853,32.69534],[77.92892,32.76244],[77.89347,32.80296],[77.85792,32.87301],[77.72108,33.01264],[77.7033,33.01326],[77.67519,33.00042],[77.55354,32.92342],[77.47768,32.90125],[77.39396,32.88993],[77.37133,32.86704],[77.3487,32.86724],[77.13579,32.92675],[76.99988,33.00724],[76.94014,33.03429],[76.90304,33.07377],[76.82945,33.12555],[76.76868,33.18681],[76.73984,33.19741],[76.68873,33.27076],[76.64657,33.35211],[76.57784,33.4277],[76.48803,33.50223],[76.38575,33.53866],[76.3053,33.55199],[76.2461,33.57409],[76.23268,33.64986],[76.23584,33.72879],[76.16638,33.87323],[76.07333,33.92202],[76.02437,33.98209],[75.87959,33.9637],[75.74166,34.06643],[75.69954,34.11768],[75.69129,34.16372],[75.6634,34.19923],[75.58456,34.21012],[75.46949,34.28005],[75.37455,34.37098],[75.34413,34.46901],[75.34809,34.55722],[75.61164,34.49836],[75.65557,34.49696],[75.71365,34.50852],[75.77711,34.50381],[75.79582,34.50792],[75.87395,34.57138],[75.93927,34.61205],[75.97338,34.62233],[76.0234,34.67716],[76.05833,34.68341],[76.12179,34.66088],[76.15497,34.66166],[76.26204,34.68465],[76.43816,34.76289],[76.4765,34.75778],[76.53582,34.7262],[76.63959,34.74114],[76.74387,34.81927],[76.75328,34.83834],[76.74956,34.89208],[76.75762,34.91513],[76.78201,34.93089],[76.8526,34.94335],[76.92112,34.92071],[77.01311,34.98639],[77.02861,35.00339],[77.03522,35.0345],[77.02313,35.08634],[77.04243,35.10701],[77.80035,35.49541],[77.83425,35.45215],[77.85709,35.4366],[77.88313,35.43107],[77.91269,35.44099],[77.95786,35.48207],[77.98586,35.49416],[78.04426,35.49163],[78.05563,35.45288],[78.03806,35.3981],[78.00984,35.34746],[78.00116,35.26891],[78.0364,35.19424],[78.13004,35.05543],[78.14813,34.94314],[78.16218,34.90883],[78.21138,34.84826],[78.27319,34.65887],[78.29603,34.62466],[78.3353,34.59438],[78.37943,34.57867],[78.60732,34.54647],[78.66458,34.52642],[78.75068,34.47128],[78.80173,34.41501],[78.92214,34.3723],[78.95118,34.34917],[78.98539,34.28636],[78.98549,34.2399],[78.97619,34.21716],[78.90322,34.15812],[78.80607,34.12298],[78.73011,34.07926],[78.72112,33.99439],[78.77031,33.87235],[78.78726,33.80843],[78.79408,33.74391],[78.78137,33.55278],[78.8009,33.49424],[78.82426,33.46106],[78.96499,33.34425],[79.07505,33.29574],[79.09803,33.28766],[79.26006,33.29178],[79.34031,33.27513],[79.42008,33.27517],[79.4561,33.2504],[79.42348,33.15782],[79.37317,33.11214],[79.38106,33.06177],[79.39927,33.02688],[79.33979,33.01326],[79.33359,32.99429],[79.41409,32.97205],[79.56409,32.79393],[79.61391,32.76504],[79.62067,32.72872],[79.57617,32.67065],[79.5312,32.64832],[79.51574,32.60812],[79.4435,32.53477],[79.40682,32.52968],[79.37948,32.57645],[79.32047,32.59227],[79.28741,32.53258],[79.23561,32.5043],[79.19117,32.50427],[79.11293,32.47239],[79.09174,32.39056],[79.07531,32.37079],[79.02818,32.3771],[78.94343,32.34637],[78.91129,32.35474],[78.77145,32.46166],[78.73693,32.54579],[78.75099,32.61279],[78.73683,32.62984],[78.71326,32.63752],[78.63017,32.57801],[78.40816,32.55838],[78.38481,32.54755],[78.38098,32.52804],[78.35887,32.51559]]]]}},{"type":"Feature","properties":{"name":"Arunachal Pradesh","code":"IN-AR","type":"State"},"geometry":{"type":"MultiPolygon","coordinates":[[[[91.56436,27.85137],[91.68013,27.84982],[91.72987,27.80414],[91.82659,27.80763],[91.85637,27.76454],[91.86491,27.72999],[91.95225,27.72482],[91.9889,27.7694],[92.06488,27.76172],[92.10616,27.78608],[92.12629,27.81272],[92.23957,27.86528],[92.24918,27.86264],[92.28876,27.79308],[92.30385,27.78616],[92.32918,27.83293],[92.35005,27.80254],[92.36793,27.80383],[92.39284,27.85603],[92.40442,27.85383],[92.42757,27.82117],[92.47511,27.8466],[92.51815,27.83947],[92.57498,27.84781],[92.59291,27.86819],[92.63647,27.89537],[92.68367,27.91045],[92.73639,27.98591],[92.68926,28.04832],[92.63892,28.05749],[92.63727,28.07198],[92.65484,28.10583],[92.67861,28.13306],[92.77917,28.1959],[92.79023,28.1789],[92.83478,28.18353],[92.86537,28.2052],[92.90382,28.2497],[92.97492,28.28231],[93.20782,28.34054],[93.21807,28.39465],[93.18629,28.432],[93.28697,28.52052],[93.31717,28.60346],[93.44621,28.67189],[93.55174,28.67895],[93.62553,28.67236],[93.66491,28.69024],[93.72248,28.69665],[93.78174,28.6805],[93.86308,28.70487],[93.92779,28.68275],[93.98159,28.76813],[93.99314,28.80189],[93.99202,28.84465],[94.02685,28.86418],[94.1354,28.89779],[94.17366,28.93016],[94.25018,28.93311],[94.34731,29.02435],[94.27079,29.09793],[94.2875,29.14794],[94.33577,29.14962],[94.37288,29.19631],[94.39644,29.20708],[94.47499,29.2108],[94.51478,29.22106],[94.59994,29.31664],[94.63043,29.31945],[94.70422,29.2847],[94.76768,29.21385],[94.76148,29.17471],[94.77657,29.1667],[94.85409,29.17],[94.89129,29.1605],[94.98906,29.15398],[95.04767,29.14081],[95.11691,29.1081],[95.1997,29.09425],[95.22492,29.05936],[95.36741,29.0365],[95.42982,29.04652],[95.48758,29.06899],[95.51131,29.13179],[95.52144,29.13786],[95.51534,29.20943],[95.55017,29.21248],[95.55378,29.23904],[95.56443,29.24561],[95.59234,29.24969],[95.6467,29.22835],[95.71716,29.21828],[95.74736,29.27365],[95.74478,29.34043],[95.79594,29.35289],[95.86313,29.32398],[95.95374,29.35922],[96.07454,29.36929],[96.14197,29.36847],[96.17628,29.28646],[96.20542,29.25695],[96.23529,29.24121],[96.26785,29.24173],[96.3371,29.27971],[96.36624,29.25723],[96.36686,29.24421],[96.31642,29.17186],[96.21008,29.14577],[96.19364,29.13693],[96.17462,29.10884],[96.17595,29.01735],[96.19532,28.94111],[96.24859,28.94534],[96.29466,28.99232],[96.36657,29.03654],[96.4576,28.99459],[96.45213,28.97038],[96.49223,28.948],[96.51083,28.88552],[96.57667,28.80853],[96.59258,28.75788],[96.59801,28.70991],[96.50104,28.68763],[96.50238,28.64448],[96.40902,28.55893],[96.33646,28.47967],[96.30185,28.42071],[96.36964,28.37812],[96.44113,28.39542],[96.56152,28.44729],[96.71692,28.43654],[96.93396,28.33662],[96.96579,28.33047],[96.99742,28.33708],[97.07845,28.37514],[97.11555,28.36656],[97.18273,28.31499],[97.21053,28.30809],[97.22965,28.27461],[97.3235,28.21748],[97.32866,28.19001],[97.2989,28.12924],[97.2929,28.09508],[97.30655,28.06966],[97.35512,28.02304],[97.36225,27.99488],[97.34003,27.95181],[97.33352,27.89416],[97.2929,27.87755],[97.27637,27.91034],[97.22293,27.89972],[97.13178,27.81686],[97.06532,27.77399],[97.05674,27.74678],[96.99091,27.72663],[96.95701,27.68808],[96.88352,27.63632],[96.86213,27.5993],[96.86202,27.57837],[96.87732,27.55307],[96.88848,27.50718],[96.89024,27.49248],[96.87701,27.46308],[96.88135,27.44411],[97.10129,27.1833],[97.10439,27.15602],[97.13477,27.12734],[97.11917,27.08729],[97.10604,27.08259],[97.07721,27.09649],[97.03804,27.08703],[97.003,27.11452],[96.86533,27.17162],[96.8427,27.18852],[96.84177,27.20439],[96.85965,27.24072],[96.85376,27.24872],[96.82172,27.27306],[96.77635,27.33063],[96.70524,27.36076],[96.67589,27.35766],[96.64902,27.33621],[96.5869,27.35358],[96.54732,27.30645],[96.51094,27.2925],[96.40779,27.29818],[96.14259,27.25751],[96.07417,27.22986],[96.01319,27.1908],[95.93836,27.0799],[95.88886,27.02703],[95.77796,26.99515],[95.6993,26.89619],[95.62427,26.88074],[95.5913,26.82374],[95.57476,26.81614],[95.53136,26.82028],[95.48981,26.81072],[95.41064,26.70163],[95.26057,26.64762],[95.24693,26.6489],[95.24631,26.67972],[95.22574,26.73103],[95.23308,26.79806],[95.20621,26.82058],[95.19742,26.84177],[95.20218,26.86673],[95.22905,26.89826],[95.23153,26.96032],[95.20921,26.98822],[95.17986,27.00373],[95.17644,27.03318],[95.18502,27.04202],[95.26119,27.04887],[95.3569,27.11506],[95.42377,27.14129],[95.46314,27.17687],[95.49343,27.25004],[95.53425,27.27177],[95.55957,27.27138],[95.62241,27.23296],[95.64381,27.23033],[95.79956,27.28588],[95.87066,27.28704],[95.90374,27.27609],[95.92699,27.30438],[95.95924,27.31627],[95.97216,27.34334],[96.00968,27.36975],[96.00936,27.41344],[95.97826,27.44969],[95.94032,27.44688],[95.90095,27.40528],[95.88772,27.40179],[95.89041,27.43866],[95.87955,27.46261],[95.89578,27.49755],[95.88679,27.557],[95.8716,27.57638],[95.79852,27.62772],[95.78798,27.6957],[95.77589,27.71733],[95.81341,27.77443],[95.90074,27.86538],[95.93816,27.91915],[95.97309,27.98881],[95.71677,27.9902],[95.67233,27.97796],[95.54355,27.90207],[95.40837,27.87083],[95.36641,27.87298],[95.30481,27.89589],[95.24703,27.86616],[94.94814,27.76952],[94.79848,27.70123],[94.66278,27.6687],[94.52594,27.6039],[94.4999,27.60568],[94.47458,27.59387],[94.44915,27.6162],[94.35293,27.59312],[94.28906,27.61516],[94.26601,27.63932],[94.24306,27.64798],[94.21226,27.61255],[94.25691,27.54809],[94.24306,27.52597],[93.98251,27.32771],[93.84659,27.19889],[93.82707,27.16705],[93.83492,27.11388],[93.82655,27.096],[93.69467,27.00595],[93.63204,26.98337],[93.54636,26.9729],[93.46068,26.94724],[93.41914,26.97729],[93.375,26.98879],[93.0203,26.95301],[92.96459,26.96572],[92.94495,26.97864],[92.93617,27.00145],[92.81483,27.0508],[92.69877,27.06592],[92.67882,27.06109],[92.60575,27.00944],[92.54735,26.99944],[92.32887,26.93575],[92.27864,26.93236],[92.21032,26.91234],[92.08037,26.92157],[92.08392,26.93732],[92.06697,26.99494],[92.04971,27.02683],[91.99989,27.07153],[91.9877,27.10403],[91.99586,27.15803],[92.02708,27.19984],[92.03679,27.23648],[92.08185,27.27513],[92.08878,27.29234],[92.0236,27.44678],[91.97509,27.47243],[91.90059,27.45973],[91.85658,27.46624],[91.77956,27.45648],[91.72709,27.45994],[91.65738,27.47915],[91.59506,27.54638],[91.57325,27.61971],[91.57987,27.65798],[91.62669,27.71642],[91.63577,27.78252],[91.60534,27.81066],[91.56602,27.82107],[91.56436,27.85137]]]]}},{"type":"Feature","properties":{"name":"Sikkim","code":"IN-SK","type":"State"},"geometry":{"type":"MultiPolygon","coordinates":[[[[88.73291,27.14894],[88.69333,27.15511],[88.66449,27.17336],[88.61354,27.16814],[88.51804,27.17622],[88.42399,27.0999],[88.35743,27.08512],[88.2331,27.1371],[88.1006,27.14338],[88.08447,27.15943],[88.08117,27.1894],[88.06959,27.20904],[88.00466,27.24916],[88.03512,27.32257],[88.01476,27.37807],[88.04163,27.43807],[88.02809,27.45512],[88.02334,27.49491],[88.11088,27.6395],[88.13486,27.72317],[88.15966,27.77412],[88.1546,27.81515],[88.16659,27.8336],[88.16462,27.84536],[88.11822,27.86088],[88.0975,27.90401],[88.09992,27.92832],[88.11574,27.94726],[88.16297,27.9469],[88.19785,27.9583],[88.37877,27.98263],[88.45577,28.03152],[88.4754,28.03625],[88.50207,28.02888],[88.594,28.10661],[88.61049,28.10583],[88.65204,28.0694],[88.73565,28.05526],[88.81771,27.99488],[88.81068,27.92786],[88.85156,27.87716],[88.85388,27.84368],[88.80567,27.65511],[88.74815,27.56013],[88.74164,27.53168],[88.75756,27.51145],[88.75436,27.46422],[88.77358,27.40851],[88.89233,27.31554],[88.88463,27.28635],[88.86143,27.27038],[88.80117,27.25642],[88.77585,27.24087],[88.73844,27.17979],[88.73291,27.14894]]]]}},{"type":"Feature","properties":{"name":"West Bengal","code":"IN-WB","type":"State"},"geometry":{"type":"MultiPolygon","coordinates":[[[[87.46828,21.63005],[87.43087,21.68932],[87.43159,21.76159],[87.42446,21.77474],[87.40855,21.78614],[87.25197,21.8221],[87.22561,21.86358],[87.2068,21.94143],[87.19068,21.9562],[87.15544,21.9721],[87.12081,21.97693],[87.09415,21.9422],[87.06914,21.92758],[87.05921,21.90719],[87.04784,21.90218],[87.03141,21.90799],[86.99586,21.95703],[87.00568,22.01398],[86.99937,22.0499],[86.98738,22.06659],[86.94377,22.0964],[86.89271,22.11658],[86.8339,22.12175],[86.76672,22.16772],[86.70461,22.1887],[86.68652,22.21802],[86.69334,22.22433],[86.72869,22.24647],[86.76187,22.24061],[86.77231,22.28391],[86.8339,22.28833],[86.85251,22.30202],[86.80331,22.34838],[86.78988,22.41564],[86.71815,22.4694],[86.71629,22.50558],[86.75091,22.50268],[86.75939,22.51209],[86.74006,22.55821],[86.70234,22.58588],[86.6396,22.59154],[86.61139,22.60425],[86.59464,22.63255],[86.58689,22.68068],[86.52436,22.72941],[86.49873,22.74313],[86.45232,22.74536],[86.3991,22.78497],[86.40189,22.87287],[86.41481,22.90594],[86.41047,22.93578],[86.44147,22.96402],[86.49522,22.97694],[86.50648,22.98834],[86.45046,23.0042],[86.31404,23.0086],[86.2605,23.01981],[86.21802,23.01989],[86.17803,23.00573],[86.14247,23.02826],[86.00191,23.1651],[85.94249,23.18034],[85.88843,23.16308],[85.87117,23.2107],[85.83913,23.24062],[85.82983,23.2608],[85.84399,23.30703],[85.88068,23.3563],[85.89484,23.41648],[85.87851,23.42805],[85.84151,23.4301],[85.82311,23.45387],[85.82239,23.4702],[85.8289,23.48306],[85.84947,23.49319],[86.00481,23.51422],[86.01587,23.52931],[86.00222,23.58564],[86.01556,23.60179],[86.03912,23.60716],[86.09834,23.57874],[86.12914,23.57835],[86.13452,23.55887],[86.12149,23.50089],[86.12645,23.49247],[86.18485,23.47226],[86.22795,23.44325],[86.27301,23.45374],[86.33647,23.50844],[86.34835,23.56794],[86.41047,23.61657],[86.45853,23.63861],[86.64611,23.6969],[86.7998,23.72553],[86.81788,23.75013],[86.82243,23.7769],[86.81003,23.81255],[86.81509,23.83668],[86.87721,23.91306],[86.90728,23.90578],[86.97994,23.86387],[87.0156,23.8596],[87.07968,23.81521],[87.13187,23.80312],[87.16629,23.81023],[87.16846,23.82942],[87.13942,23.85994],[87.13931,23.87332],[87.1543,23.87994],[87.20535,23.86888],[87.23254,23.84583],[87.24649,23.86495],[87.25042,23.90554],[87.27563,23.91554],[87.28266,23.92794],[87.28297,23.95487],[87.22572,24.02734],[87.23553,24.04042],[87.30902,24.05621],[87.32173,24.04267],[87.32814,24.0076],[87.33806,24.00184],[87.39718,24.02339],[87.45816,24.01983],[87.49123,24.05592],[87.48854,24.13243],[87.51727,24.13891],[87.56326,24.11207],[87.58187,24.13654],[87.59406,24.17845],[87.65091,24.17948],[87.66155,24.1862],[87.66341,24.20041],[87.65277,24.21891],[87.62455,24.22294],[87.62373,24.26048],[87.69184,24.29655],[87.7338,24.33469],[87.77576,24.41931],[87.77628,24.4643],[87.80046,24.50078],[87.78713,24.53383],[87.78899,24.56956],[87.75984,24.5815],[87.75085,24.59333],[87.78217,24.59982],[87.82299,24.58139],[87.84924,24.57953],[87.888,24.59736],[87.89999,24.62095],[87.87012,24.6347],[87.89534,24.66183],[87.87901,24.69438],[87.87477,24.72609],[87.85792,24.75528],[87.81741,24.76735],[87.811,24.78554],[87.82372,24.79688],[87.8542,24.7897],[87.86196,24.85153],[87.8819,24.89197],[87.87746,24.93887],[87.84408,25.04155],[87.77628,25.09679],[87.76873,25.15924],[87.78372,25.21409],[87.8171,25.24668],[87.83901,25.2883],[87.79881,25.36595],[87.77483,25.36698],[87.76119,25.39147],[87.74382,25.40264],[87.76418,25.42235],[87.76801,25.43628],[87.84997,25.47111],[87.88035,25.50129],[87.9558,25.53408],[87.97492,25.52831],[87.99053,25.50769],[88.00582,25.50121],[88.06742,25.49108],[88.06494,25.51986],[88.04313,25.5471],[88.05678,25.61412],[88.04282,25.67815],[88.0051,25.71081],[87.94257,25.73533],[87.91053,25.76512],[87.86506,25.8439],[87.80098,25.87878],[87.7895,25.91917],[87.8171,25.93707],[87.83942,26.02231],[87.93668,26.099],[87.97027,26.1383],[88.01647,26.15088],[88.07982,26.19282],[88.16747,26.27718],[88.22007,26.29945],[88.26369,26.33271],[88.29717,26.33622],[88.30389,26.35175],[88.29221,26.37645],[88.25449,26.39604],[88.2578,26.41087],[88.28229,26.42844],[88.27867,26.435],[88.23744,26.47464],[88.19527,26.50014],[88.20343,26.54719],[88.12189,26.5305],[88.08714,26.5391],[88.16338,26.70514],[88.16783,26.76292],[88.15139,26.86281],[88.09682,26.95934],[88.05595,27.01804],[88.00949,27.04564],[87.9913,27.0815],[87.97073,27.10274],[87.98546,27.14837],[87.98934,27.21839],[88.00466,27.24916],[88.06959,27.20904],[88.08117,27.1894],[88.08447,27.15943],[88.1006,27.14338],[88.2331,27.1371],[88.35743,27.08512],[88.42399,27.0999],[88.51804,27.17622],[88.61354,27.16814],[88.66449,27.17336],[88.69333,27.15511],[88.73308,27.14897],[88.82763,27.09788],[88.84562,27.04956],[88.85171,26.94544],[88.88644,26.97898],[88.90664,26.98109],[88.92447,26.96166],[88.9253,26.92936],[88.93233,26.91924],[88.95455,26.91262],[88.99661,26.92275],[89.02157,26.91267],[89.06069,26.88146],[89.0965,26.82141],[89.12808,26.81346],[89.21283,26.81304],[89.24084,26.81976],[89.2736,26.84389],[89.34166,26.85433],[89.44289,26.79702],[89.50542,26.80369],[89.58609,26.78405],[89.61136,26.76596],[89.61348,26.74855],[89.59751,26.72095],[89.60981,26.71222],[89.68515,26.72457],[89.73874,26.70328],[89.81729,26.6962],[89.83496,26.73155],[89.8587,26.72206],[89.85398,26.70943],[89.87899,26.63698],[89.8885,26.5329],[89.85853,26.47105],[89.84344,26.38216],[89.81522,26.36098],[89.81512,26.3479],[89.82886,26.32785],[89.78153,26.30868],[89.75879,26.26318],[89.73264,26.25065],[89.73533,26.21171],[89.65783,26.18717],[89.65301,26.22269],[89.61332,26.21938],[89.6064,26.21101],[89.61441,26.16419],[89.58676,26.1692],[89.57343,26.16073],[89.56278,26.14259],[89.5694,26.13009],[89.60422,26.12073],[89.56692,26.09898],[89.56702,26.08709],[89.60386,26.08466],[89.61136,26.07221],[89.60288,26.05526],[89.55916,26.02224],[89.54909,25.96886],[89.52842,25.95712],[89.48563,25.99872],[89.41127,25.9932],[89.39142,26.01547],[89.35148,25.99686],[89.31515,26.00679],[89.27298,26.04348],[89.23763,26.0581],[89.21262,26.09898],[89.13159,26.13376],[89.1117,26.1645],[89.10338,26.22517],[89.06943,26.28739],[89.06886,26.31426],[89.0948,26.30951],[89.10353,26.31369],[89.10291,26.32734],[89.05522,26.34702],[89.05263,26.37462],[89.01088,26.39017],[88.95016,26.43694],[88.94101,26.43942],[88.91197,26.42123],[88.89125,26.38578],[88.89187,26.36878],[88.91243,26.34894],[88.96602,26.32847],[88.98173,26.29183],[89.00798,26.29716],[89.00436,26.27571],[89.03434,26.26579],[89.03971,26.24718],[89.01946,26.23447],[88.97532,26.22434],[88.94685,26.23292],[88.90272,26.27292],[88.87579,26.27736],[88.85564,26.26512],[88.84065,26.23204],[88.82484,26.22657],[88.808,26.23344],[88.78402,26.27995],[88.74795,26.2925],[88.6634,26.26444],[88.64583,26.27602],[88.70299,26.30966],[88.71224,26.32826],[88.70971,26.34062],[88.66744,26.36816],[88.66852,26.38573],[88.65224,26.39152],[88.65627,26.41513],[88.61152,26.43084],[88.59116,26.46123],[88.52682,26.47539],[88.46238,26.52882],[88.41102,26.5451],[88.39789,26.55869],[88.39438,26.61802],[88.38528,26.62354],[88.35283,26.57869],[88.31386,26.48154],[88.3151,26.46505],[88.32255,26.45177],[88.33562,26.44821],[88.34301,26.4772],[88.35355,26.48459],[88.46114,26.45389],[88.49546,26.37808],[88.49763,26.35271],[88.44864,26.35343],[88.43169,26.36222],[88.41381,26.3402],[88.36678,26.31343],[88.3366,26.28181],[88.33454,26.2308],[88.32627,26.21592],[88.21888,26.18016],[88.1638,26.14047],[88.13992,26.08533],[88.15641,26.06141],[88.15103,26.03133],[88.12587,26.0134],[88.08804,25.92322],[88.0744,25.90814],[88.08757,25.83098],[88.12773,25.77491],[88.22746,25.80427],[88.25992,25.78902],[88.32027,25.72525],[88.39298,25.68076],[88.41944,25.65378],[88.42378,25.59224],[88.4754,25.56258],[88.48559,25.54263],[88.53029,25.5002],[88.59359,25.49509],[88.66635,25.46289],[88.70619,25.49168],[88.74257,25.49519],[88.74195,25.51276],[88.77234,25.50196],[88.81492,25.4586],[88.81632,25.43721],[88.79962,25.39561],[88.842,25.33282],[88.88019,25.32347],[88.90287,25.30342],[88.97532,25.30264],[88.98271,25.29448],[88.97532,25.26523],[88.92907,25.22942],[88.92788,25.19273],[88.90964,25.18916],[88.92416,25.16787],[88.89864,25.16932],[88.81709,25.19681],[88.78422,25.16095],[88.72454,25.16648],[88.63426,25.19226],[88.59912,25.19314],[88.55938,25.17076],[88.4754,25.1951],[88.4413,25.18973],[88.43148,25.17304],[88.43417,25.11666],[88.4258,25.05106],[88.41412,25.02152],[88.39102,24.99509],[88.37567,24.94561],[88.32275,24.87468],[88.31361,24.8683],[88.24276,24.8806],[88.23284,24.91827],[88.20245,24.9453],[88.16452,24.94111],[88.11491,24.91641],[88.14096,24.84458],[88.10778,24.8011],[88.09481,24.80311],[88.08824,24.79614],[88.07698,24.76118],[88.05321,24.75498],[88.04846,24.71121],[88.02716,24.67573],[88.02179,24.6456],[88.05724,24.6341],[88.08184,24.59987],[88.08602,24.53672],[88.10995,24.50099],[88.13878,24.49525],[88.4013,24.36942],[88.4754,24.31547],[88.63452,24.29412],[88.66015,24.33826],[88.71456,24.31542],[88.73751,24.2871],[88.7464,24.21408],[88.73162,24.18984],[88.69379,24.17532],[88.67808,24.15429],[88.68299,24.12429],[88.6741,24.08264],[88.70092,24.04365],[88.725,24.03838],[88.70159,23.99528],[88.71436,23.9644],[88.71415,23.92516],[88.65312,23.86978],[88.59359,23.86692],[88.57762,23.85516],[88.57752,23.81852],[88.55271,23.77498],[88.56119,23.74101],[88.54155,23.63876],[88.56636,23.62874],[88.5617,23.60202],[88.57142,23.59233],[88.60925,23.58879],[88.64764,23.53508],[88.70464,23.49518],[88.71942,23.4681],[88.75684,23.4988],[88.77017,23.48883],[88.76789,23.46728],[88.71927,23.34829],[88.68594,23.29331],[88.69658,23.25235],[88.71002,23.24122],[88.7757,23.22163],[88.82267,23.23796],[88.95998,23.20269],[88.9547,23.18381],[88.86479,23.10027],[88.8513,23.07513],[88.83879,22.97581],[88.89347,22.87964],[88.90515,22.86644],[88.94452,22.84801],[88.93688,22.78233],[88.90814,22.74078],[88.95641,22.58498],[88.95031,22.56198],[88.92799,22.54813],[88.97098,22.52793],[89.0025,22.42799],[88.98948,22.39667],[89.00152,22.33368],[89.02354,22.29482],[89.00912,22.28562],[89.0623,22.21156],[89.07816,22.15084],[89.0604,22.12987],[89.04371,22.1374],[89.0486,22.12295],[89.03688,22.0856],[89.05738,22.03124],[89.0656,21.96711],[89.06088,21.93846],[89.03688,21.92512],[89.01303,21.92943],[89.00953,21.90461],[88.94467,21.93879],[88.92872,21.98656],[88.91391,21.98656],[88.90504,21.96943],[88.92408,21.92634],[88.99586,21.88418],[89.01588,21.85334],[89.03094,21.77045],[89.04371,21.73334],[89.06788,21.70913],[89.08522,21.67471],[89.08823,21.63373],[89.08269,21.61734],[89.06422,21.6092],[89.04469,21.61351],[89.03395,21.63325],[89.01979,21.60611],[89.00026,21.60342],[88.93385,21.64395],[88.89698,21.65013],[88.8816,21.67202],[88.87208,21.74901],[88.86606,21.76683],[88.85865,21.76683],[88.83823,21.70197],[88.85987,21.65257],[88.85865,21.63654],[88.84425,21.62222],[88.82398,21.61726],[88.80584,21.62287],[88.79786,21.6402],[88.81837,21.65762],[88.81088,21.69172],[88.80047,21.66185],[88.78403,21.65595],[88.77711,21.64354],[88.79664,21.58442],[88.79054,21.56826],[88.76246,21.55585],[88.72788,21.55988],[88.70753,21.57832],[88.72218,21.6092],[88.68491,21.69721],[88.70362,21.81061],[88.69451,21.83983],[88.71469,21.89785],[88.72218,21.96613],[88.75831,21.99946],[88.76303,22.01728],[88.75465,22.03758],[88.71705,22.05805],[88.70851,22.07221],[88.73015,22.10358],[88.76303,22.13056],[88.72657,22.12116],[88.69484,22.08153],[88.69947,22.05321],[88.73072,22.03718],[88.68995,21.94599],[88.67872,21.93667],[88.667,21.94501],[88.63087,21.94546],[88.62745,21.9704],[88.65349,22.01801],[88.6395,22.10952],[88.65699,22.15107],[88.674,22.16206],[88.68312,22.18496],[88.67994,22.20441],[88.66017,22.20502],[88.61915,22.10952],[88.62599,22.04804],[88.60255,22.00642],[88.5984,21.92935],[88.56707,21.85082],[88.56463,21.76683],[88.62403,21.77802],[88.63282,21.75007],[88.62338,21.71027],[88.61264,21.6975],[88.59181,21.70539],[88.59962,21.63727],[88.59506,21.61213],[88.57814,21.62344],[88.57228,21.55793],[88.54477,21.562],[88.53647,21.5751],[88.52963,21.55337],[88.54396,21.53408],[88.51295,21.52464],[88.49391,21.53482],[88.48797,21.55654],[88.49562,21.58186],[88.51401,21.60082],[88.51881,21.63915],[88.52963,21.65762],[88.50489,21.74152],[88.53289,21.79532],[88.53102,21.82412],[88.49562,21.8767],[88.51466,21.9162],[88.51498,21.9372],[88.49562,21.95181],[88.49985,21.93366],[88.47446,21.89033],[88.49204,21.83714],[88.4935,21.80516],[88.47446,21.80097],[88.45338,21.74177],[88.45476,21.70539],[88.47218,21.66328],[88.45631,21.62401],[88.40968,21.59927],[88.39308,21.60025],[88.38282,21.67133],[88.39259,21.69855],[88.35572,21.68496],[88.3462,21.68862],[88.33123,21.71906],[88.32472,21.70136],[88.34571,21.6706],[88.34881,21.6503],[88.33546,21.61579],[88.32179,21.60566],[88.30974,21.61018],[88.29819,21.76411],[88.27312,21.79792],[88.26157,21.79865],[88.29542,21.67658],[88.29705,21.65388],[88.28338,21.6092],[88.30584,21.57168],[88.27898,21.55516],[88.2544,21.55467],[88.23748,21.60171],[88.22438,21.61302],[88.20826,21.60297],[88.1819,21.66523],[88.18092,21.68496],[88.21046,21.74726],[88.20143,21.77432],[88.20973,21.78856],[88.15406,21.88809],[88.15943,21.90616],[88.14674,21.95922],[88.15626,21.99087],[88.22242,22.07795],[88.19801,22.16779],[88.08131,22.21735],[88.07732,22.24042],[88.04347,22.22476],[88.00904,22.24042],[87.97267,22.28319],[87.94044,22.41303],[87.92799,22.42422],[87.90659,22.42475],[87.92286,22.39777],[87.94752,22.27766],[87.96534,22.24482],[88.00847,22.2049],[88.13258,22.17914],[88.16098,22.15656],[88.17351,22.11689],[88.16432,22.08979],[88.11118,22.03486],[88.08473,22.0207],[88.04314,22.01728],[88.05079,21.98501],[87.98365,21.85419],[87.97047,21.83649],[87.89918,21.79483],[87.89291,21.77432],[87.8672,21.7508],[87.75571,21.69172],[87.70379,21.6555],[87.62135,21.65062],[87.47739,21.61359],[87.46828,21.63005]]],[[[88.04225,21.66816],[88.09002,21.80866],[88.11931,21.85952],[88.14674,21.86986],[88.167,21.76545],[88.16342,21.70547],[88.13258,21.68496],[88.14438,21.65778],[88.13942,21.63032],[88.13006,21.62592],[88.06349,21.63666],[88.05177,21.64159],[88.04225,21.66816]]],[[[88.07106,21.8736],[88.09425,21.93789],[88.10572,21.94758],[88.11891,21.94501],[88.13258,21.92048],[88.12501,21.88866],[88.10499,21.86115],[88.0809,21.84935],[88.07228,21.85676],[88.07106,21.8736]]],[[[88.58432,21.83576],[88.59864,21.86986],[88.63624,21.92137],[88.65016,21.92744],[88.66326,21.92129],[88.67058,21.90742],[88.64918,21.84235],[88.64633,21.78791],[88.59181,21.80439],[88.58432,21.83576]]],[[[88.83082,21.57738],[88.84132,21.614],[88.88852,21.58954],[88.91131,21.56688],[88.90797,21.53071],[88.86248,21.52359],[88.83872,21.53193],[88.83082,21.57738]]]]}},{"type":"Feature","properties":{"name":"Assam","code":"IN-AS","type":"State"},"geometry":{"type":"MultiPolygon","coordinates":[[[[89.65724,26.16538],[89.65783,26.18717],[89.73533,26.21171],[89.73264,26.25065],[89.75879,26.26318],[89.78153,26.30868],[89.82886,26.32785],[89.81512,26.3479],[89.81522,26.36098],[89.84344,26.38216],[89.85853,26.47105],[89.8885,26.5329],[89.87899,26.63698],[89.85398,26.70943],[89.8587,26.72206],[89.91211,26.71672],[90.12719,26.75139],[90.1522,26.77175],[90.17742,26.83206],[90.21091,26.85149],[90.28444,26.85707],[90.32857,26.89066],[90.34883,26.89665],[90.38263,26.8918],[90.47523,26.83242],[90.58778,26.78007],[90.71708,26.76705],[91.0074,26.78214],[91.06207,26.80457],[91.09194,26.80477],[91.19818,26.80234],[91.27601,26.77408],[91.31322,26.77868],[91.34557,26.7947],[91.38846,26.85846],[91.42019,26.87154],[91.47507,26.86554],[91.50742,26.80803],[91.52065,26.79759],[91.59372,26.81077],[91.63795,26.79898],[91.70213,26.80348],[91.79525,26.8535],[91.82512,26.85846],[91.84393,26.84937],[91.86305,26.80477],[91.87866,26.80302],[91.88693,26.81444],[91.8859,26.83087],[91.87401,26.84431],[91.89551,26.8535],[91.89313,26.88136],[91.90822,26.88518],[91.92569,26.87867],[91.97509,26.84663],[92.03586,26.85485],[92.07276,26.88777],[92.08037,26.92157],[92.21032,26.91234],[92.27864,26.93236],[92.32887,26.93575],[92.54735,26.99944],[92.60575,27.00944],[92.67882,27.06109],[92.69877,27.06592],[92.81483,27.0508],[92.93617,27.00145],[92.94495,26.97864],[92.96459,26.96572],[93.0203,26.95301],[93.375,26.98879],[93.41914,26.97729],[93.46068,26.94724],[93.4798,26.94921],[93.52497,26.9681],[93.63204,26.98337],[93.69467,27.00595],[93.82655,27.096],[93.83492,27.11388],[93.82707,27.16705],[93.84659,27.19889],[93.98251,27.32771],[94.24306,27.52597],[94.25691,27.54809],[94.21226,27.61255],[94.24306,27.64798],[94.26601,27.63932],[94.28906,27.61516],[94.35293,27.59312],[94.44915,27.6162],[94.47458,27.59387],[94.4999,27.60568],[94.52594,27.6039],[94.66278,27.6687],[94.79848,27.70123],[94.94814,27.76952],[95.24703,27.86616],[95.30481,27.89589],[95.36641,27.87298],[95.40837,27.87083],[95.54355,27.90207],[95.67233,27.97796],[95.71677,27.9902],[95.97309,27.98881],[95.93816,27.91915],[95.90074,27.86538],[95.81341,27.77443],[95.77589,27.71733],[95.78798,27.6957],[95.79852,27.62772],[95.8716,27.57638],[95.88679,27.557],[95.89578,27.49755],[95.87955,27.46261],[95.89041,27.43866],[95.88772,27.40179],[95.90095,27.40528],[95.94032,27.44688],[95.97826,27.44969],[96.00936,27.41344],[96.00719,27.36513],[95.97608,27.34691],[95.95924,27.31627],[95.92699,27.30438],[95.90374,27.27609],[95.87066,27.28704],[95.79956,27.28588],[95.64381,27.23033],[95.62241,27.23296],[95.55957,27.27138],[95.53425,27.27177],[95.5111,27.26198],[95.48805,27.24154],[95.46314,27.17687],[95.42377,27.14129],[95.3569,27.11506],[95.26119,27.04887],[95.18502,27.04202],[95.14978,27.00047],[95.0179,26.92818],[94.96622,26.92714],[94.91713,26.95117],[94.87321,26.91505],[94.7989,26.81438],[94.76541,26.78803],[94.66898,26.73212],[94.58723,26.69992],[94.5492,26.70194],[94.52057,26.67992],[94.48656,26.67667],[94.42869,26.61688],[94.42062,26.56747],[94.39654,26.5344],[94.34549,26.4897],[94.32792,26.4819],[94.30828,26.48541],[94.29877,26.49947],[94.29102,26.54288],[94.26963,26.55471],[94.19542,26.46546],[94.18395,26.3956],[94.17041,26.36077],[94.10292,26.30356],[94.00773,26.1844],[94.00174,26.16492],[94.01021,26.13127],[94.00267,26.07676],[93.9697,26.02704],[93.97166,25.98487],[93.98923,25.94622],[93.94778,25.88617],[93.90417,25.85682],[93.77911,25.83103],[93.77477,25.84628],[93.80288,25.88095],[93.81012,25.90364],[93.80795,25.93139],[93.79637,25.9516],[93.75865,25.96064],[93.68506,25.927],[93.67762,25.91144],[93.70697,25.87532],[93.70584,25.86436],[93.58078,25.76308],[93.52435,25.68928],[93.41914,25.61704],[93.33831,25.54847],[93.34059,25.5293],[93.39629,25.46139],[93.42782,25.44248],[93.44373,25.4217],[93.45851,25.38072],[93.45572,25.32259],[93.44921,25.30212],[93.39433,25.23505],[93.31206,25.06578],[93.28137,25.05646],[93.26297,25.03599],[93.26008,25.00884],[93.27682,24.97344],[93.2394,24.94481],[93.25336,24.91471],[93.20716,24.84758],[93.19941,24.81652],[93.18111,24.80944],[93.14814,24.82389],[93.12882,24.81448],[93.11766,24.7972],[93.08706,24.70699],[93.0912,24.68271],[93.10629,24.67193],[93.08004,24.62444],[93.1006,24.57703],[93.06453,24.55892],[93.03673,24.41461],[93.01182,24.4128],[93.01844,24.39913],[92.99188,24.38071],[92.93017,24.39164],[92.86341,24.36562],[92.83726,24.36761],[92.78382,24.46156],[92.75778,24.48298],[92.74631,24.47109],[92.70734,24.36957],[92.6226,24.28074],[92.62446,24.23852],[92.58849,24.22131],[92.50188,24.14085],[92.48018,24.12922],[92.4533,24.13233],[92.43129,24.153],[92.41486,24.19571],[92.42881,24.22953],[92.42302,24.23803],[92.29848,24.23772],[92.23099,24.24803],[92.22024,24.26433],[92.25435,24.33707],[92.25776,24.396],[92.23626,24.43786],[92.22789,24.49538],[92.14998,24.54218],[92.1636,24.5592],[92.18293,24.64726],[92.23378,24.77753],[92.23502,24.82476],[92.21766,24.87458],[92.22303,24.89138],[92.25218,24.90298],[92.29042,24.8913],[92.35832,24.85365],[92.36359,24.84102],[92.38075,24.8367],[92.47769,24.86391],[92.49454,24.89486],[92.48379,24.92822],[92.44979,24.94644],[92.45806,24.95328],[92.45403,24.95812],[92.41227,24.98739],[92.38695,24.99509],[92.38494,25.00477],[92.51015,25.11294],[92.55748,25.1279],[92.56069,25.15025],[92.64916,25.15544],[92.68037,25.18792],[92.81163,25.23412],[92.78631,25.28246],[92.7983,25.32734],[92.78961,25.34889],[92.70176,25.42553],[92.63675,25.44744],[92.62032,25.46997],[92.58487,25.49152],[92.63644,25.53477],[92.67882,25.58673],[92.68357,25.59637],[92.67789,25.61063],[92.65577,25.61149],[92.61763,25.58955],[92.59345,25.58666],[92.47687,25.69988],[92.41362,25.75184],[92.3824,25.76434],[92.31646,25.72732],[92.22768,25.71375],[92.17838,25.68469],[92.16732,25.68954],[92.17384,25.75517],[92.16702,25.81713],[92.21466,25.91948],[92.20784,25.93935],[92.17911,25.94774],[92.1757,25.97978],[92.26148,26.05541],[92.27037,26.07322],[92.26427,26.08267],[92.16412,26.08838],[92.05405,26.05683],[92.02067,26.05885],[91.92248,26.03823],[91.89086,26.04366],[91.82533,26.08926],[91.80714,26.0881],[91.75195,26.04807],[91.71815,25.96769],[91.69376,25.94144],[91.67247,25.93116],[91.63165,25.93958],[91.64581,26.00009],[91.63785,26.02611],[91.60622,26.03771],[91.59196,26.03441],[91.55796,25.9848],[91.47228,25.8901],[91.49656,25.88289],[91.53284,25.90155],[91.52736,25.88808],[91.47352,25.86183],[91.41626,25.85876],[91.36055,25.84326],[91.32913,25.82122],[91.26909,25.75161],[91.251,25.7376],[91.22206,25.73068],[91.20811,25.73618],[91.19932,25.76065],[91.19591,25.86894],[91.17886,25.86964],[91.0816,25.83757],[91.06093,25.85173],[91.03127,25.83571],[91.02373,25.84705],[91.029,25.8993],[91.01442,25.9157],[90.98745,25.9226],[90.97453,25.94364],[90.92461,25.9417],[90.86839,25.9516],[90.81454,25.94356],[90.77806,25.92506],[90.76658,25.95973],[90.75294,25.96214],[90.64432,25.93147],[90.63357,25.93912],[90.62675,25.96413],[90.60959,25.9694],[90.579,25.9372],[90.53466,25.91095],[90.5329,25.92142],[90.55171,25.96126],[90.54531,25.98066],[90.49487,26.00991],[90.3971,26.01715],[90.37374,26.01436],[90.32392,25.9848],[90.13562,25.95978],[90.04105,25.8863],[90.02017,25.8524],[89.98017,25.81401],[89.96746,25.7621],[89.94462,25.72582],[89.9409,25.70409],[89.94917,25.6658],[89.96663,25.63862],[90.00053,25.60932],[89.99847,25.58066],[89.96653,25.56149],[89.90338,25.55353],[89.89356,25.48552],[89.88333,25.46594],[89.80857,25.43951],[89.82323,25.48914],[89.83439,25.63477],[89.80153,25.72468],[89.78313,25.81445],[89.78695,25.83915],[89.83005,25.90798],[89.83439,25.93175],[89.79202,25.94912],[89.82561,25.9657],[89.82866,25.9794],[89.81414,25.99614],[89.78943,25.98798],[89.75584,26.03242],[89.74985,26.08389],[89.72877,26.11417],[89.71848,26.14554],[89.70654,26.15417],[89.67037,26.15412],[89.65724,26.16538]]]]}},{"type":"Feature","properties":{"name":"Uttarakhand","code":"IN-UT","type":"State"},"geometry":{"type":"MultiPolygon","coordinates":[[[[80.06967,28.80517],[80.02802,28.75225],[80.00063,28.73732],[79.972,28.73287],[79.93479,28.7476],[79.93148,28.7822],[79.89572,28.7752],[79.89014,28.78251],[79.89355,28.81418],[79.88704,28.81801],[79.83412,28.80579],[79.82865,28.82452],[79.84105,28.85529],[79.81263,28.87687],[79.74328,28.88524],[79.72994,28.87961],[79.7256,28.85891],[79.69935,28.85044],[79.63279,28.86333],[79.60024,28.84904],[79.58825,28.84912],[79.56654,28.87935],[79.52624,28.87842],[79.44366,28.84958],[79.41668,28.92178],[79.37121,28.96989],[79.34062,28.96299],[79.29638,28.97156],[79.1706,29.05112],[79.14528,29.07781],[79.13918,29.10691],[79.1304,29.11525],[79.05588,29.15176],[79.03665,29.15388],[78.95035,29.12701],[78.91377,29.10559],[78.89826,29.17737],[78.86767,29.21517],[78.71409,29.29059],[78.72628,29.29788],[78.73094,29.32007],[78.76112,29.3303],[78.79677,29.32077],[78.81631,29.34999],[78.86002,29.35025],[78.90695,29.38836],[78.91997,29.42218],[78.80638,29.45309],[78.64309,29.53758],[78.58903,29.58011],[78.5542,29.6209],[78.51482,29.68914],[78.47865,29.72196],[78.36166,29.7755],[78.32538,29.84309],[78.28652,29.89231],[78.21769,29.95368],[78.17728,29.95259],[78.15495,29.92544],[78.16074,29.87714],[78.1905,29.7926],[78.19784,29.74816],[78.18906,29.70669],[78.15495,29.67498],[78.1072,29.65452],[78.07609,29.66406],[77.96654,29.72441],[77.83146,29.6599],[77.78381,29.74175],[77.76769,29.81937],[77.75094,29.86019],[77.7464,29.97734],[77.79063,30.03948],[77.83497,30.13139],[77.86918,30.16576],[77.93987,30.21508],[77.94608,30.22834],[77.92892,30.24433],[77.81161,30.29226],[77.75063,30.32562],[77.66154,30.39492],[77.61896,30.40202],[77.58506,30.38293],[77.56532,30.41486],[77.57586,30.42874],[77.59778,30.43703],[77.68862,30.4552],[77.80179,30.50837],[77.81296,30.52106],[77.81378,30.54666],[77.77358,30.55764],[77.7433,30.60056],[77.76335,30.61645],[77.77079,30.63506],[77.76469,30.66084],[77.74433,30.68539],[77.73492,30.7359],[77.70702,30.75942],[77.7034,30.7736],[77.70578,30.79145],[77.75188,30.88305],[77.78722,30.87378],[77.79342,30.89574],[77.78908,30.93064],[77.76221,30.94997],[77.7497,30.97992],[77.75653,30.98542],[77.78412,30.98015],[77.8021,30.99216],[77.80696,31.01307],[77.79601,31.03136],[77.80603,31.05051],[77.94111,31.1729],[78.03971,31.17218],[78.18616,31.24809],[78.23453,31.26119],[78.29737,31.29427],[78.36868,31.29003],[78.40165,31.26814],[78.43369,31.26807],[78.47369,31.23192],[78.50098,31.21957],[78.5817,31.23107],[78.65156,31.21538],[78.79274,31.20701],[78.83357,31.14683],[78.86953,31.12198],[78.9332,31.11851],[78.99325,31.13079],[78.99335,31.1634],[78.9363,31.24037],[78.89261,31.28177],[78.92101,31.26968],[78.95955,31.32512],[78.9888,31.34326],[79.04994,31.42295],[79.07021,31.46138],[79.07799,31.46166],[79.1314,31.43843],[79.17922,31.3938],[79.20763,31.35137],[79.23832,31.32966],[79.23924,31.31172],[79.25411,31.29901],[79.26202,31.27851],[79.24843,31.2567],[79.25286,31.24544],[79.27832,31.24004],[79.28832,31.22547],[79.30321,31.1831],[79.30216,31.16345],[79.31942,31.14228],[79.36705,31.11156],[79.40159,31.02364],[79.44634,31.02379],[79.47642,31.01402],[79.5127,30.96617],[79.57781,30.93837],[79.63031,30.9625],[79.73904,30.97925],[79.85035,30.95449],[79.90316,30.89021],[80.00559,30.84727],[80.02863,30.83078],[80.06253,30.78479],[80.0922,30.7745],[80.1571,30.79316],[80.19607,30.7481],[80.22459,30.73409],[80.23141,30.72495],[80.20702,30.68614],[80.16661,30.67441],[80.16692,30.6619],[80.19989,30.62588],[80.2033,30.60635],[80.17984,30.55948],[80.25281,30.56501],[80.32588,30.54651],[80.5083,30.46233],[80.57527,30.46626],[80.59635,30.4598],[80.72306,30.39205],[80.78166,30.32099],[80.97602,30.25521],[81.0033,30.21273],[80.99602,30.19697],[80.92083,30.17666],[80.90331,30.18043],[80.88388,30.2104],[80.86791,30.20017],[80.83644,30.17005],[80.84967,30.14338],[80.82982,30.11713],[80.76967,30.07729],[80.71583,30.01331],[80.64141,29.96344],[80.57134,29.94686],[80.54953,29.89368],[80.47615,29.80614],[80.45486,29.79059],[80.39523,29.77658],[80.36898,29.75793],[80.3543,29.73028],[80.3544,29.70488],[80.38675,29.62682],[80.3852,29.60484],[80.35078,29.56207],[80.32722,29.54858],[80.32722,29.52484],[80.32009,29.51582],[80.26624,29.47213],[80.25746,29.45006],[80.21767,29.43464],[80.21374,29.41689],[80.24216,29.36741],[80.25498,29.31664],[80.28009,29.31015],[80.28278,29.29131],[80.25818,29.20246],[80.23606,29.21308],[80.2188,29.21109],[80.21374,29.19656],[80.23307,29.13931],[80.22066,29.12608],[80.16351,29.12337],[80.13261,29.11021],[80.11307,29.07221],[80.1047,29.02761],[80.10791,28.99459],[80.09943,28.97728],[80.05292,28.94911],[80.0339,28.91594],[80.03639,28.83703],[80.07305,28.82092],[80.06967,28.80517]]]]}},{"type":"Feature","properties":{"name":"Nagaland","code":"IN-NL","type":"State"},"geometry":{"type":"MultiPolygon","coordinates":[[[[94.64983,25.44674],[94.59953,25.46077],[94.55281,25.49033],[94.53586,25.51369],[94.57069,25.62149],[94.57038,25.68763],[94.49028,25.62371],[94.4353,25.59441],[94.38672,25.54144],[94.32533,25.51204],[94.19511,25.49658],[94.15077,25.52144],[94.10995,25.51514],[94.084,25.51953],[94.02675,25.55384],[93.976,25.54831],[93.9299,25.55441],[93.8032,25.54356],[93.7696,25.53208],[93.75927,25.5003],[93.80754,25.47953],[93.81343,25.45715],[93.80857,25.4461],[93.67907,25.32827],[93.67938,25.31432],[93.6492,25.26192],[93.60548,25.2058],[93.58636,25.21262],[93.55784,25.2475],[93.51505,25.25965],[93.44921,25.30212],[93.45851,25.38072],[93.44373,25.4217],[93.42782,25.44248],[93.39629,25.46139],[93.33594,25.53803],[93.34586,25.55699],[93.41914,25.61704],[93.52435,25.68928],[93.58078,25.76308],[93.70584,25.86436],[93.70697,25.87532],[93.67762,25.91144],[93.68506,25.927],[93.75865,25.96064],[93.79637,25.9516],[93.80795,25.93139],[93.81012,25.90364],[93.80288,25.88095],[93.77477,25.84628],[93.77911,25.83103],[93.90417,25.85682],[93.94778,25.88617],[93.98923,25.94622],[93.97166,25.98487],[93.9697,26.02704],[94.00267,26.07676],[94.01021,26.13127],[94.00174,26.16492],[94.00773,26.1844],[94.10292,26.30356],[94.17041,26.36077],[94.18395,26.3956],[94.19542,26.46546],[94.26963,26.55471],[94.29102,26.54288],[94.29877,26.49947],[94.30828,26.48541],[94.32792,26.4819],[94.34549,26.4897],[94.39654,26.5344],[94.42062,26.56747],[94.42869,26.61688],[94.48656,26.67667],[94.52057,26.67992],[94.5492,26.70194],[94.58723,26.69992],[94.66898,26.73212],[94.76541,26.78803],[94.7989,26.81438],[94.87321,26.91505],[94.91713,26.95117],[94.96622,26.92714],[95.0179,26.92818],[95.14978,27.00047],[95.17644,27.03318],[95.17986,27.00373],[95.22543,26.97422],[95.23432,26.94575],[95.22905,26.89826],[95.20218,26.86673],[95.19742,26.84177],[95.20621,26.82058],[95.23525,26.79061],[95.22481,26.74214],[95.24631,26.67972],[95.24693,26.6489],[95.22326,26.67036],[95.20486,26.66757],[95.17324,26.63383],[95.13262,26.6208],[95.11908,26.60422],[95.10957,26.5513],[95.04064,26.47559],[95.06606,26.40743],[95.04364,26.3277],[95.04632,26.24796],[95.05872,26.21768],[95.09448,26.19504],[95.07836,26.17132],[95.08818,26.10409],[95.13748,26.08296],[95.15009,26.07097],[95.15122,26.04994],[95.06586,25.95382],[95.00064,25.92204],[94.9932,25.88095],[95.01346,25.7777],[95.0088,25.73714],[94.96147,25.71797],[94.87166,25.59802],[94.85347,25.58604],[94.86029,25.56717],[94.82236,25.55911],[94.78236,25.50459],[94.76438,25.49168],[94.69203,25.47633],[94.64983,25.44674]]]]}},{"type":"Feature","properties":{"name":"Manipur","code":"IN-MN","type":"State"},"geometry":{"type":"MultiPolygon","coordinates":[[[[93.30214,24.03577],[93.24871,24.01773],[93.25243,24.04931],[93.23289,24.06884],[93.21315,24.04915],[93.18742,24.04029],[93.17254,24.04081],[93.16809,24.05484],[93.14804,24.06199],[93.10567,24.04494],[93.07094,24.07186],[92.99549,24.09527],[92.97792,24.1093],[92.99756,24.13132],[93.00221,24.1848],[93.01771,24.23992],[93.01864,24.28865],[93.04593,24.32653],[93.04169,24.34084],[93.02288,24.35425],[93.02205,24.39016],[93.01182,24.4128],[93.03673,24.41461],[93.06453,24.55892],[93.1006,24.57703],[93.08004,24.62444],[93.10629,24.67193],[93.0912,24.68271],[93.08706,24.70699],[93.11766,24.7972],[93.12882,24.81448],[93.14814,24.82389],[93.18111,24.80944],[93.19941,24.81652],[93.20716,24.84758],[93.25336,24.91471],[93.2394,24.94481],[93.27682,24.97344],[93.26008,25.00884],[93.26297,25.03599],[93.28137,25.05646],[93.31206,25.06578],[93.41076,25.26166],[93.44921,25.30212],[93.51505,25.25965],[93.55784,25.2475],[93.58636,25.21262],[93.60548,25.2058],[93.6492,25.26192],[93.67938,25.31432],[93.67907,25.32827],[93.80857,25.4461],[93.81343,25.45715],[93.80754,25.47953],[93.75927,25.5003],[93.7696,25.53208],[93.78128,25.53746],[93.9299,25.55441],[93.976,25.54831],[94.02675,25.55384],[94.084,25.51953],[94.10995,25.51514],[94.15077,25.52144],[94.19511,25.49658],[94.32533,25.51204],[94.38672,25.54144],[94.4353,25.59441],[94.49028,25.62371],[94.5739,25.68556],[94.57069,25.62149],[94.53586,25.51369],[94.55281,25.49033],[94.59953,25.46077],[94.65036,25.44665],[94.608,25.39463],[94.55012,25.24528],[94.55333,25.20415],[94.57689,25.17361],[94.68914,25.13852],[94.70681,25.10994],[94.71384,25.06826],[94.70856,25.02589],[94.67353,24.97481],[94.65482,24.88915],[94.59901,24.81347],[94.58154,24.73012],[94.55571,24.70886],[94.51633,24.70495],[94.47499,24.59739],[94.41845,24.56031],[94.39706,24.49507],[94.36368,24.46582],[94.3612,24.42541],[94.32874,24.39448],[94.33071,24.36286],[94.29536,24.3326],[94.28275,24.26643],[94.23397,24.16034],[94.19025,23.99528],[94.13506,23.91901],[94.13186,23.85697],[94.11687,23.84165],[94.09971,23.84263],[94.05506,23.88795],[93.99791,23.91696],[93.91233,23.939],[93.88319,23.94531],[93.80371,23.93606],[93.78283,23.94546],[93.74304,23.99528],[93.71111,24.00546],[93.6124,24.00905],[93.58801,23.99523],[93.57106,23.96802],[93.56135,23.9657],[93.54347,23.98089],[93.49572,23.95913],[93.45665,23.95996],[93.43918,23.99523],[93.3965,24.03753],[93.36828,24.07848],[93.34854,24.08889],[93.32219,24.08006],[93.30214,24.03577]]]]}},{"type":"Feature","properties":{"name":"Mizoram","code":"IN-MZ","type":"State"},"geometry":{"type":"MultiPolygon","coordinates":[[[[92.25001,23.64262],[92.2681,23.71956],[92.26086,23.77566],[92.27088,23.80506],[92.26851,23.82201],[92.29207,23.85351],[92.31274,23.84516],[92.31863,23.85053],[92.31378,23.93645],[92.33197,23.99484],[92.31812,24.03595],[92.32876,24.10308],[92.32535,24.18834],[92.29848,24.23772],[92.42302,24.23803],[92.42881,24.22953],[92.41486,24.19571],[92.43129,24.153],[92.46354,24.12858],[92.48948,24.13251],[92.58849,24.22131],[92.62446,24.23852],[92.6226,24.28074],[92.70734,24.36957],[92.74631,24.47109],[92.75778,24.48298],[92.78382,24.46156],[92.83726,24.36761],[92.86341,24.36562],[92.93017,24.39164],[92.99188,24.38071],[93.01844,24.39913],[93.02288,24.35425],[93.04169,24.34084],[93.04593,24.32653],[93.0143,24.27446],[93.01771,24.23992],[93.00221,24.1848],[92.99756,24.13132],[92.97937,24.10478],[93.07094,24.07186],[93.10567,24.04494],[93.14804,24.06199],[93.16809,24.05484],[93.17254,24.04081],[93.18742,24.04029],[93.21315,24.04915],[93.23289,24.06884],[93.25243,24.04931],[93.24871,24.01773],[93.30256,24.03578],[93.30813,23.9775],[93.35599,23.90699],[93.3748,23.73902],[93.40632,23.71912],[93.4303,23.68034],[93.43236,23.64732],[93.40022,23.45402],[93.40725,23.34726],[93.3779,23.29682],[93.3749,23.12973],[93.31826,23.03366],[93.27279,23.00591],[93.24654,23.00449],[93.19651,23.05384],[93.17708,23.05844],[93.15238,23.04994],[93.14008,23.0319],[93.14318,22.97751],[93.17109,22.92044],[93.17553,22.8817],[93.1253,22.82155],[93.1159,22.7984],[93.07952,22.77272],[93.07084,22.69288],[93.07394,22.6719],[93.11052,22.59635],[93.09915,22.51196],[93.11786,22.46287],[93.15352,22.42752],[93.16592,22.38659],[93.17367,22.25942],[93.16902,22.24691],[93.12354,22.23069],[93.12313,22.21839],[93.14174,22.18728],[93.11952,22.18097],[93.07249,22.20247],[93.02453,22.2019],[93.02546,22.11292],[92.98547,22.09596],[92.96717,22.06268],[92.97988,22.00228],[92.9681,21.98724],[92.9556,21.98962],[92.92097,22.02181],[92.90619,22.01731],[92.88924,21.96672],[92.87746,21.95701],[92.86702,21.96652],[92.8539,22.02414],[92.83612,22.04651],[92.77163,22.10418],[92.70807,22.14795],[92.68378,22.15431],[92.67107,22.1339],[92.67396,22.09524],[92.66208,22.09478],[92.65618,22.07529],[92.65835,22.03282],[92.65091,22.01917],[92.61526,22.00879],[92.57588,21.97757],[92.55996,22.06134],[92.53733,22.12862],[92.57557,22.1433],[92.57702,22.16867],[92.51738,22.51258],[92.50084,22.56054],[92.49588,22.69562],[92.48069,22.72616],[92.44204,22.76293],[92.42633,22.87106],[92.41186,22.88793],[92.37868,22.90044],[92.35987,22.92661],[92.35222,22.96033],[92.35305,23.02991],[92.32762,23.17143],[92.33269,23.22626],[92.35749,23.27894],[92.34706,23.31543],[92.34861,23.3541],[92.3267,23.37527],[92.32535,23.40351],[92.30148,23.4318],[92.29104,23.49528],[92.2528,23.60931],[92.25001,23.64262]]]]}},{"type":"Feature","properties":{"name":"Tripura","code":"IN-TR","type":"State"},"geometry":{"type":"MultiPolygon","coordinates":[[[[91.13235,23.72065],[91.14175,23.7399],[91.19498,23.75517],[91.20521,23.77157],[91.22816,23.84498],[91.21276,23.88074],[91.21627,23.90839],[91.25038,23.96404],[91.27415,23.98823],[91.29162,23.99482],[91.32707,23.98786],[91.33906,23.99523],[91.35084,24.07424],[91.36303,24.09985],[91.40458,24.10313],[91.51754,24.0852],[91.58183,24.0961],[91.60602,24.11886],[91.62906,24.21532],[91.6395,24.2117],[91.66617,24.15592],[91.70368,24.14295],[91.72115,24.14899],[91.73262,24.16431],[91.72301,24.22098],[91.73293,24.23428],[91.80704,24.22113],[91.81376,24.18312],[91.84424,24.15532],[91.8645,24.15059],[91.87711,24.15804],[91.88434,24.17555],[91.90594,24.26064],[91.89985,24.33805],[91.92186,24.34451],[91.97219,24.31606],[91.97137,24.32968],[91.94884,24.36353],[91.94997,24.37539],[92.03338,24.36885],[92.08826,24.38164],[92.10759,24.40598],[92.11089,24.51429],[92.14998,24.54218],[92.22789,24.49538],[92.23626,24.43786],[92.25776,24.396],[92.26076,24.36704],[92.25435,24.33707],[92.22024,24.26433],[92.23099,24.24803],[92.29848,24.23772],[92.32535,24.18834],[92.32876,24.10308],[92.31812,24.03595],[92.33197,23.99484],[92.31378,23.93645],[92.31863,23.85053],[92.31274,23.84516],[92.29538,23.85459],[92.27492,23.8378],[92.26086,23.77566],[92.2681,23.71956],[92.25974,23.70264],[92.23874,23.71685],[92.2221,23.70778],[92.20939,23.66161],[92.1943,23.64814],[92.15079,23.73165],[92.10841,23.71824],[92.05963,23.65949],[92.04237,23.64556],[92.01901,23.64006],[92.00351,23.64742],[91.93664,23.72354],[91.92269,23.72297],[91.91442,23.68832],[91.91597,23.65016],[91.94232,23.53443],[91.94078,23.49518],[91.90512,23.44663],[91.81768,23.40092],[91.7626,23.32155],[91.74368,23.27233],[91.74916,23.23241],[91.79556,23.0895],[91.77624,23.06526],[91.75598,23.06154],[91.73831,23.02467],[91.70699,22.99537],[91.64694,22.97658],[91.61666,22.97806],[91.6024,22.95297],[91.58607,22.94447],[91.57677,22.96881],[91.53656,22.98185],[91.51941,23.00562],[91.51816,23.03508],[91.50328,23.04441],[91.4636,23.18412],[91.44644,23.19789],[91.43993,23.22352],[91.43652,23.21486],[91.41357,23.24863],[91.39435,23.26266],[91.37213,23.26189],[91.3557,23.22414],[91.3559,23.17965],[91.37461,23.09572],[91.37089,23.06278],[91.3374,23.07107],[91.31353,23.10105],[91.3005,23.14231],[91.27725,23.30326],[91.26578,23.32935],[91.28728,23.35555],[91.25813,23.37364],[91.22733,23.46878],[91.19508,23.49518],[91.16987,23.56197],[91.14082,23.6121],[91.13969,23.65357],[91.16646,23.65409],[91.17524,23.67031],[91.16894,23.68538],[91.13659,23.69889],[91.13235,23.72065]]]]}},{"type":"Feature","properties":{"name":"Meghalaya","code":"IN-ML","type":"State"},"geometry":{"type":"MultiPolygon","coordinates":[[[[89.79502,25.37416],[89.80857,25.43951],[89.87548,25.46044],[89.88881,25.4733],[89.90338,25.55353],[89.96653,25.56149],[90.00208,25.58681],[90.00053,25.60932],[89.96663,25.63862],[89.94917,25.6658],[89.9409,25.70409],[89.94462,25.72582],[89.96746,25.7621],[89.98017,25.81401],[90.02017,25.8524],[90.04105,25.8863],[90.13562,25.95978],[90.32392,25.9848],[90.37374,26.01436],[90.3971,26.01715],[90.49487,26.00991],[90.54531,25.98066],[90.55171,25.96126],[90.5329,25.92142],[90.53466,25.91095],[90.579,25.9372],[90.60959,25.9694],[90.62675,25.96413],[90.63357,25.93912],[90.64432,25.93147],[90.75294,25.96214],[90.76658,25.95973],[90.77806,25.92506],[90.81454,25.94356],[90.86839,25.9516],[90.92461,25.9417],[90.97453,25.94364],[90.98745,25.9226],[91.01442,25.9157],[91.029,25.8993],[91.02373,25.84705],[91.03127,25.83571],[91.06093,25.85173],[91.0816,25.83757],[91.17886,25.86964],[91.19591,25.86894],[91.19932,25.76065],[91.20811,25.73618],[91.22206,25.73068],[91.251,25.7376],[91.26909,25.75161],[91.32913,25.82122],[91.36055,25.84326],[91.41626,25.85876],[91.47352,25.86183],[91.52736,25.88808],[91.53284,25.90155],[91.49656,25.88289],[91.47228,25.8901],[91.55796,25.9848],[91.59196,26.03441],[91.60622,26.03771],[91.63785,26.02611],[91.64581,26.00009],[91.63165,25.93958],[91.67247,25.93116],[91.69376,25.94144],[91.71815,25.96769],[91.75195,26.04807],[91.80714,26.0881],[91.82533,26.08926],[91.89086,26.04366],[91.92248,26.03823],[92.02067,26.05885],[92.05405,26.05683],[92.16412,26.08838],[92.25518,26.08515],[92.27037,26.07322],[92.26148,26.05541],[92.1757,25.97978],[92.17911,25.94774],[92.20784,25.93935],[92.21466,25.91948],[92.16702,25.81713],[92.17384,25.75517],[92.16732,25.68954],[92.17838,25.68469],[92.22768,25.71375],[92.31646,25.72732],[92.3824,25.76434],[92.41362,25.75184],[92.47687,25.69988],[92.59345,25.58666],[92.61763,25.58955],[92.65577,25.61149],[92.67789,25.61063],[92.68357,25.59637],[92.67882,25.58673],[92.63644,25.53477],[92.58487,25.49152],[92.62032,25.46997],[92.63675,25.44744],[92.70176,25.42553],[92.78961,25.34889],[92.7983,25.32734],[92.78631,25.28246],[92.81163,25.23412],[92.68037,25.18792],[92.64916,25.15544],[92.56069,25.15025],[92.55748,25.1279],[92.51015,25.11294],[92.38494,25.00477],[92.38106,25.02344],[92.32814,25.04801],[92.30354,25.07428],[92.23368,25.08496],[92.20805,25.09811],[92.1727,25.13196],[92.151,25.12973],[92.11616,25.13945],[92.09291,25.16472],[92.034,25.18167],[92.00175,25.18296],[91.95628,25.16978],[91.90057,25.17759],[91.7937,25.16534],[91.73014,25.16746],[91.71071,25.14467],[91.67743,25.15263],[91.66203,25.1272],[91.63868,25.12405],[91.5962,25.12891],[91.56612,25.15996],[91.54876,25.1611],[91.52344,25.14518],[91.48075,25.13526],[91.43187,25.13795],[91.28397,25.17898],[91.2357,25.20192],[91.19085,25.18947],[91.13535,25.19123],[90.82198,25.14229],[90.79397,25.14539],[90.75397,25.16756],[90.73796,25.16942],[90.70767,25.15299],[90.62344,25.17144],[90.58334,25.16203],[90.50138,25.1688],[90.39978,25.14901],[90.36464,25.14999],[90.28692,25.18007],[90.13008,25.21159],[89.90813,25.29691],[89.81904,25.28497],[89.80736,25.3045],[89.79502,25.37416]]]]}},{"type":"Feature","properties":{"name":"Punjab","code":"IN-PB","type":"State"},"geometry":{"type":"MultiPolygon","coordinates":[[[[73.84524,30.35696],[73.86767,30.38745],[73.88761,30.39654],[73.90611,30.39484],[73.89991,30.42212],[73.91666,30.41716],[73.93908,30.42605],[74.0044,30.50894],[74.04409,30.51866],[74.05753,30.53137],[74.05711,30.59157],[74.06745,30.61054],[74.11148,30.64624],[74.16367,30.6649],[74.19116,30.71704],[74.26671,30.78835],[74.25669,30.81528],[74.3002,30.83817],[74.31136,30.85595],[74.30402,30.87403],[74.31922,30.89341],[74.34247,30.90194],[74.40128,30.8931],[74.42432,30.93232],[74.44158,30.94617],[74.51931,30.96245],[74.56406,31.00436],[74.56426,31.02503],[74.57946,31.04271],[74.65883,31.08379],[74.61698,31.11526],[74.5531,31.10896],[74.53677,31.11516],[74.51486,31.14182],[74.50639,31.17541],[74.52509,31.23541],[74.53222,31.30321],[74.5716,31.38925],[74.61191,31.4402],[74.61718,31.45891],[74.6146,31.47782],[74.58452,31.51751],[74.55558,31.61223],[74.48944,31.71119],[74.51621,31.73739],[74.53512,31.77114],[74.5408,31.81088],[74.55042,31.827],[74.67,31.90415],[74.69842,31.95025],[74.76301,31.93898],[74.78368,31.94286],[74.82864,32.02544],[74.87319,32.01169],[74.8891,32.0289],[74.95566,32.03221],[74.98615,32.06321],[75.03018,32.06642],[75.02264,32.09468],[75.04082,32.09799],[75.10211,32.0781],[75.13839,32.09349],[75.17415,32.08683],[75.17312,32.10972],[75.19575,32.12863],[75.24991,32.14889],[75.29466,32.14889],[75.31657,32.21075],[75.35905,32.26168],[75.35295,32.28439],[75.2984,32.33243],[75.32711,32.33996],[75.39036,32.33549],[75.44194,32.35976],[75.44473,32.3303],[75.5024,32.30059],[75.53795,32.34518],[75.5733,32.37464],[75.61195,32.39546],[75.69825,32.40603],[75.72936,32.42962],[75.743,32.46438],[75.79768,32.48112],[75.84739,32.51675],[75.87065,32.49972],[75.91261,32.41906],[75.77928,32.33658],[75.7276,32.28793],[75.6134,32.25093],[75.60627,32.22586],[75.61464,32.19677],[75.63231,32.19103],[75.65402,32.19801],[75.66105,32.18878],[75.63944,32.14685],[75.58219,32.09225],[75.58095,32.0767],[75.6843,32.05308],[75.6998,32.05611],[75.87974,31.97239],[75.96811,31.84105],[75.96191,31.83157],[75.92759,31.82994],[75.92325,31.80628],[76.07053,31.56417],[76.12593,31.43054],[76.14701,31.35442],[76.17946,31.31848],[76.20106,31.307],[76.24282,31.31814],[76.27538,31.31044],[76.2945,31.34752],[76.31961,31.3538],[76.32209,31.41281],[76.34958,31.41986],[76.35992,31.4303],[76.41284,31.35512],[76.4394,31.29969],[76.45283,31.29822],[76.46937,31.30799],[76.49169,31.28452],[76.52053,31.28918],[76.54223,31.25569],[76.56724,31.28052],[76.58419,31.25993],[76.58233,31.22742],[76.62357,31.22649],[76.62843,31.22008],[76.60135,31.17753],[76.5998,31.1349],[76.62306,31.10728],[76.6059,31.0726],[76.6153,31.03015],[76.64517,30.99927],[76.76816,30.9076],[76.80186,30.85615],[76.82873,30.8462],[76.83524,30.83587],[76.82966,30.80877],[76.81457,30.78913],[76.77395,30.79902],[76.7415,30.79649],[76.69695,30.77634],[76.6954,30.75588],[76.78056,30.67345],[76.8003,30.68268],[76.85126,30.68156],[76.86066,30.64524],[76.8866,30.63379],[76.89942,30.60482],[76.89312,30.5438],[76.91038,30.51416],[76.89601,30.48662],[76.90696,30.39577],[76.89105,30.36125],[76.86924,30.36236],[76.83875,30.42424],[76.78646,30.42292],[76.75287,30.43052],[76.72145,30.4106],[76.71711,30.37675],[76.74015,30.3629],[76.72972,30.3496],[76.64993,30.29681],[76.53913,30.24513],[76.53314,30.23462],[76.54533,30.21779],[76.59081,30.24668],[76.60528,30.22152],[76.64145,30.19798],[76.62481,30.14284],[76.53138,30.08398],[76.49707,30.08522],[76.45459,30.10162],[76.40932,30.18588],[76.38782,30.18004],[76.39402,30.14943],[76.37346,30.11697],[76.33894,30.14124],[76.32809,30.13883],[76.32995,30.11684],[76.31723,30.10656],[76.26669,30.11369],[76.22876,30.13865],[76.20582,30.13098],[76.20582,30.11305],[76.25274,30.08858],[76.21657,30.07519],[76.22194,30.04641],[76.20334,30.02168],[76.17698,29.94554],[76.19331,29.90107],[76.21905,29.88549],[76.22556,29.86908],[76.14732,29.82327],[76.08438,29.80211],[76.04386,29.75816],[76.00397,29.75653],[75.95694,29.73862],[75.88666,29.74924],[75.85194,29.80503],[75.82982,29.82107],[75.79696,29.8302],[75.7275,29.81035],[75.71768,29.77803],[75.69856,29.76898],[75.66322,29.77532],[75.60441,29.76467],[75.45248,29.80921],[75.37672,29.71294],[75.3453,29.68697],[75.34282,29.66284],[75.32153,29.66258],[75.29673,29.63395],[75.28991,29.61153],[75.30179,29.58049],[75.24856,29.55982],[75.23461,29.56179],[75.21787,29.61468],[75.19027,29.64447],[75.19255,29.66325],[75.17208,29.68821],[75.20712,29.70764],[75.20795,29.74684],[75.23833,29.75188],[75.20361,29.8003],[75.19317,29.83268],[75.1601,29.82428],[75.14769,29.79283],[75.10025,29.82691],[75.10067,29.85562],[75.0926,29.86931],[75.10439,29.88528],[75.10656,29.91042],[75.09529,29.92776],[75.08175,29.91993],[75.0678,29.88836],[74.99566,29.87298],[74.9413,29.90972],[74.91866,29.94838],[74.84146,29.96559],[74.81624,29.98631],[74.71072,29.96838],[74.67217,29.94344],[74.65067,29.91407],[74.51652,29.94719],[74.38557,29.96308],[73.8871,29.98424],[73.88462,30],[73.89847,30.03491],[73.96968,30.13744],[73.97712,30.17806],[73.9704,30.19632],[73.94683,30.20408],[73.93464,30.26105],[73.9119,30.30378],[73.89164,30.32978],[73.84524,30.35696]]]]}},{"type":"Feature","properties":{"name":"Rajasthan","code":"IN-RJ","type":"State"},"geometry":{"type":"MultiPolygon","coordinates":[[[[69.46509,26.80777],[69.50757,27.05008],[69.53444,27.12558],[69.57558,27.18842],[69.66611,27.27002],[69.73061,27.31032],[69.84802,27.41037],[69.90806,27.49729],[69.99354,27.57108],[70.01689,27.60059],[70.10195,27.81174],[70.199,27.90096],[70.26773,27.94527],[70.34194,28.01147],[70.45625,28.03979],[70.5349,28.01596],[70.63319,27.93163],[70.64161,27.91127],[70.64073,27.85479],[70.67174,27.7911],[70.71039,27.74115],[70.76176,27.70978],[70.83157,27.70146],[70.91379,27.71782],[71.15068,27.82241],[71.22633,27.84536],[71.39779,27.86838],[71.47712,27.86244],[71.56073,27.86853],[71.86086,27.95021],[71.8744,27.95969],[71.89156,28.0971],[71.9083,28.13557],[71.9882,28.2281],[72.14994,28.35377],[72.19779,28.44488],[72.2565,28.64559],[72.28027,28.68716],[72.35458,28.76719],[72.90152,29.02262],[72.93036,29.04768],[72.96292,29.11683],[73.05087,29.22822],[73.23287,29.5366],[73.37033,29.92732],[73.38522,29.94231],[73.55782,30.01254],[73.73972,30.04845],[73.77827,30.06731],[73.94435,30.18829],[73.94683,30.20408],[73.9704,30.19632],[73.97712,30.17806],[73.97133,30.14186],[73.89847,30.03491],[73.88462,30],[73.8871,29.98424],[74.38557,29.96308],[74.51652,29.94719],[74.51435,29.91538],[74.54484,29.88797],[74.54701,29.86081],[74.52468,29.84079],[74.48189,29.8235],[74.46649,29.79893],[74.45936,29.76309],[74.46804,29.74439],[74.49833,29.73625],[74.5407,29.75428],[74.56509,29.7563],[74.58432,29.77012],[74.60478,29.75503],[74.60271,29.72635],[74.58339,29.67434],[74.57481,29.58969],[74.58535,29.56117],[74.61191,29.53073],[74.61005,29.48779],[74.59486,29.46761],[74.55052,29.46538],[74.53708,29.44138],[74.61284,29.33281],[74.6363,29.33392],[74.64498,29.35867],[74.65594,29.36596],[74.70937,29.37108],[74.75857,29.36425],[74.8088,29.39813],[74.83123,29.40376],[74.89778,29.38273],[74.92548,29.36601],[74.96962,29.28434],[74.99328,29.27961],[75.01768,29.2901],[75.04207,29.28571],[75.06491,29.24672],[75.07958,29.23633],[75.15017,29.25261],[75.18159,29.27325],[75.21415,29.25369],[75.2497,29.25641],[75.26779,29.26442],[75.27699,29.28217],[75.31378,29.29894],[75.33114,29.28982],[75.32308,29.25385],[75.33817,29.23455],[75.38809,29.25765],[75.41,29.20129],[75.40566,29.1876],[75.38075,29.18047],[75.37631,29.17013],[75.39357,29.13631],[75.39295,29.10598],[75.45207,29.02386],[75.51036,29.00045],[75.51873,28.98882],[75.51625,28.95751],[75.48938,28.93945],[75.48597,28.92684],[75.50715,28.86087],[75.52524,28.83447],[75.5301,28.79246],[75.59356,28.64267],[75.69856,28.52056],[75.77308,28.46976],[75.77287,28.43253],[75.81825,28.43082],[75.88708,28.40385],[75.95777,28.34346],[76.02619,28.26223],[76.08138,28.17458],[76.07394,28.15857],[76.0325,28.18782],[76.00097,28.15461],[75.9525,28.13379],[75.94144,28.11772],[75.94857,28.10309],[75.97927,28.08495],[76.0079,28.10836],[76.03002,28.10214],[76.0266,28.08302],[75.99281,28.05069],[75.98289,28.02015],[75.96625,28.00131],[75.98196,27.98803],[75.98609,27.97062],[75.968,27.9546],[75.93566,27.95571],[75.92635,27.9376],[75.93152,27.91809],[75.97328,27.88858],[75.98754,27.84789],[75.99994,27.84274],[76.12035,27.85187],[76.17905,27.80766],[76.20913,27.8274],[76.21502,27.8415],[76.20138,27.88561],[76.18008,27.90956],[76.17905,27.95762],[76.15776,28.01966],[76.15962,28.04428],[76.17523,28.07284],[76.22494,28.06904],[76.25378,28.0802],[76.30473,28.04878],[76.33294,28.0518],[76.34318,28.06353],[76.3438,28.08588],[76.31279,28.10325],[76.30442,28.11764],[76.33398,28.12877],[76.3407,28.13973],[76.29946,28.17645],[76.30256,28.19924],[76.33863,28.18906],[76.36798,28.15637],[76.43237,28.16815],[76.45345,28.16283],[76.48301,28.11738],[76.44157,28.12211],[76.44653,28.1041],[76.4765,28.08475],[76.4456,28.0647],[76.48684,28.04356],[76.52177,28.03832],[76.53903,27.98532],[76.55949,27.97129],[76.5905,28.001],[76.65799,28.01697],[76.64238,28.0678],[76.64683,28.08552],[76.75814,28.15973],[76.80392,28.21905],[76.83338,28.23339],[76.84971,28.23228],[76.93456,28.15699],[76.94148,28.13534],[76.9204,28.05157],[76.93735,27.98067],[76.94355,27.86522],[76.91544,27.81525],[76.90087,27.7441],[76.91937,27.70756],[76.89374,27.69632],[76.89136,27.68381],[76.91048,27.6704],[76.94056,27.68033],[76.97301,27.67929],[77.00587,27.73006],[77.07171,27.74112],[77.07605,27.75404],[77.03202,27.78135],[77.04081,27.8073],[77.05249,27.81133],[77.11718,27.79314],[77.13382,27.7942],[77.15801,27.81696],[77.18808,27.79825],[77.20566,27.8175],[77.22994,27.79272],[77.25278,27.81412],[77.28069,27.80944],[77.2934,27.76877],[77.29423,27.722],[77.31965,27.70162],[77.33288,27.67102],[77.33412,27.64736],[77.31748,27.62198],[77.34032,27.59844],[77.34012,27.55046],[77.41525,27.45928],[77.42766,27.41755],[77.44254,27.39618],[77.50197,27.37487],[77.56232,27.33585],[77.60212,27.3295],[77.61049,27.27929],[77.6355,27.22544],[77.65731,27.20271],[77.64025,27.17726],[77.60408,27.16067],[77.59137,27.13075],[77.51344,27.10922],[77.50073,27.09948],[77.4998,27.08917],[77.51179,27.07256],[77.53277,27.07026],[77.55075,27.04008],[77.61896,27.02995],[77.64304,27.04662],[77.67405,27.00626],[77.70743,27.02631],[77.71922,27.01579],[77.71911,27.00293],[77.69999,26.98872],[77.62847,26.97316],[77.42332,26.88438],[77.39954,26.85552],[77.39789,26.77888],[77.43189,26.78123],[77.4721,26.83655],[77.51055,26.83332],[77.64139,26.88324],[77.69224,26.92231],[77.72046,26.93396],[77.82184,26.91936],[77.85264,26.90288],[77.8791,26.91502],[77.97656,26.90438],[77.99744,26.89508],[78.01625,26.86666],[78.02318,26.90541],[78.06607,26.91231],[78.10689,26.9473],[78.1688,26.94892],[78.23102,26.93466],[78.24652,26.91784],[78.20807,26.88221],[78.17531,26.87348],[78.17345,26.8635],[78.20012,26.82358],[78.18224,26.81733],[78.16901,26.82216],[78.16498,26.79193],[78.15154,26.7832],[78.10121,26.79511],[78.09294,26.77979],[78.10038,26.74286],[78.08736,26.72113],[78.0794,26.68292],[78.03847,26.68181],[78.01284,26.69558],[77.95,26.66982],[77.90277,26.66403],[77.88902,26.65166],[77.88065,26.62556],[77.81916,26.60507],[77.83146,26.57577],[77.80892,26.55928],[77.74402,26.53616],[77.71508,26.50603],[77.61679,26.48298],[77.51437,26.41637],[77.44182,26.41327],[77.43148,26.40015],[77.43127,26.37366],[77.41515,26.36485],[77.40761,26.37229],[77.33578,26.3611],[77.30529,26.33134],[77.28813,26.3],[77.20969,26.24196],[77.12473,26.23786],[77.09982,26.22145],[77.09496,26.19866],[77.08246,26.18528],[77.04908,26.18427],[77.0189,26.17166],[76.99192,26.1359],[76.96939,26.12939],[76.93745,26.10425],[76.908,26.09859],[76.88754,26.06381],[76.8155,26.01883],[76.79607,25.96454],[76.77023,25.95397],[76.74015,25.92322],[76.72703,25.9163],[76.64114,25.92043],[76.62057,25.88506],[76.59194,25.88059],[76.54595,25.84829],[76.51794,25.79925],[76.51267,25.74463],[76.48115,25.73215],[76.47836,25.7198],[76.49221,25.68675],[76.52146,25.55017],[76.55143,25.46013],[76.6029,25.43741],[76.64145,25.38486],[76.70594,25.37264],[76.76589,25.33466],[76.78015,25.33202],[76.81912,25.34447],[76.86966,25.33794],[76.92278,25.30639],[76.94696,25.31856],[77.00153,25.31755],[77.09579,25.35538],[77.14127,25.34197],[77.18106,25.34254],[77.20814,25.36481],[77.23707,25.42225],[77.28121,25.44266],[77.32771,25.4432],[77.34652,25.43134],[77.35851,25.41186],[77.3428,25.36768],[77.36534,25.32442],[77.35789,25.27993],[77.39892,25.21223],[77.38797,25.19089],[77.38239,25.14291],[77.32885,25.10862],[77.30973,25.10997],[77.26601,25.13046],[77.2349,25.12255],[77.20038,25.12934],[77.08804,25.09369],[76.99936,25.08772],[76.86903,25.04015],[76.84733,25.01238],[76.84588,25.00015],[76.87823,24.9354],[76.88175,24.89052],[76.85756,24.86644],[76.79193,24.85169],[76.78056,24.83714],[76.78274,24.82675],[76.84805,24.7597],[76.87782,24.74392],[76.95637,24.7426],[77.01456,24.69916],[77.04618,24.64958],[77.06086,24.57785],[77.05889,24.56163],[77.03523,24.5384],[76.92226,24.49608],[76.8988,24.50008],[76.89632,24.53393],[76.87575,24.5653],[76.82842,24.57664],[76.80671,24.5654],[76.81446,24.50584],[76.80578,24.4621],[76.81643,24.42606],[76.82046,24.3373],[76.89415,24.22966],[76.86273,24.17504],[76.82222,24.17449],[76.79472,24.16144],[76.76661,24.16033],[76.66915,24.22359],[76.65396,24.24054],[76.67411,24.29477],[76.66078,24.3096],[76.58171,24.28245],[76.566,24.26208],[76.55205,24.22139],[76.51154,24.20909],[76.49479,24.21441],[76.47753,24.25346],[76.45614,24.26503],[76.38152,24.26002],[76.30473,24.28314],[76.23031,24.27787],[76.2145,24.28376],[76.19021,24.31061],[76.18897,24.35208],[76.17357,24.35149],[76.13275,24.32939],[76.12396,24.312],[76.11663,24.13403],[76.08324,24.09814],[75.98475,24.03685],[75.9802,24.02595],[76.0018,23.99797],[75.98671,23.96489],[75.89938,23.91833],[75.79251,23.88188],[75.77649,23.88314],[75.74828,23.91231],[75.72874,23.91624],[75.72027,23.90647],[75.72668,23.85878],[75.70538,23.80346],[75.69288,23.78914],[75.65309,23.81038],[75.59707,23.8179],[75.57816,23.87573],[75.50137,23.92174],[75.49031,23.93993],[75.48607,23.98892],[75.51304,24.03603],[75.52948,24.04259],[75.62177,23.99523],[75.64492,23.99952],[75.68358,24.02463],[75.72998,24.00068],[75.76533,24.05535],[75.80615,24.0977],[75.8108,24.10827],[75.80502,24.11912],[75.76347,24.14101],[75.74642,24.17188],[75.75923,24.2116],[75.79478,24.25165],[75.80398,24.29252],[75.79664,24.31407],[75.75179,24.34226],[75.73443,24.42396],[75.74497,24.46884],[75.76543,24.49336],[75.7922,24.49416],[75.83757,24.46998],[75.86103,24.48073],[75.87395,24.50109],[75.86941,24.59938],[75.8137,24.6639],[75.81856,24.69754],[75.81339,24.71766],[75.78187,24.75908],[75.74704,24.78009],[75.71748,24.77466],[75.64895,24.73834],[75.44804,24.70314],[75.38757,24.70475],[75.30861,24.72469],[75.22076,24.72082],[75.19224,24.7319],[75.17508,24.75053],[75.17363,24.77466],[75.20154,24.80107],[75.21043,24.82104],[75.18387,24.87796],[75.18686,24.8929],[75.20247,24.89292],[75.24732,24.85205],[75.29745,24.83939],[75.35502,24.84732],[75.38437,24.86381],[75.40576,24.89021],[75.40514,24.90189],[75.38726,24.90458],[75.29766,24.88763],[75.2681,24.89329],[75.24515,24.91142],[75.25136,24.93654],[75.3052,24.92602],[75.32029,24.93525],[75.31792,24.95525],[75.29156,24.99628],[75.3206,25.04387],[75.31936,25.05956],[75.23513,25.04023],[75.15782,25.04581],[75.13333,25.04002],[75.12289,25.0125],[75.09385,24.97778],[75.10377,24.9275],[75.0954,24.89659],[75.07803,24.88887],[75.04889,24.89848],[74.99514,24.86412],[74.96682,24.86621],[74.89965,24.89716],[74.86172,24.92703],[74.84559,24.93238],[74.81707,24.9275],[74.83753,24.85941],[74.83257,24.80053],[74.92889,24.78577],[74.96652,24.79022],[74.97923,24.77745],[74.96538,24.69405],[74.9569,24.68302],[74.9323,24.66909],[74.88114,24.66488],[74.85851,24.67193],[74.83991,24.70444],[74.81035,24.72673],[74.79764,24.77451],[74.78141,24.78174],[74.77138,24.76363],[74.76921,24.73097],[74.7843,24.66813],[74.71185,24.52385],[74.72022,24.50031],[74.8335,24.46636],[74.84487,24.45499],[74.84683,24.43551],[74.82368,24.40448],[74.76642,24.35872],[74.75402,24.30412],[74.73097,24.26777],[74.74565,24.25728],[74.82389,24.26126],[74.86998,24.23612],[74.88497,24.20498],[74.88828,24.15535],[74.90027,24.11739],[74.91918,24.0883],[74.96848,24.0413],[74.90833,23.89673],[74.90306,23.85526],[74.90657,23.79131],[74.9322,23.75243],[74.93851,23.72168],[74.93499,23.66641],[74.89944,23.62039],[74.87184,23.55192],[74.85334,23.52696],[74.82296,23.50012],[74.77903,23.48743],[74.7224,23.45219],[74.63144,23.42035],[74.56954,23.36785],[74.52127,23.28974],[74.52303,23.26548],[74.53636,23.25091],[74.6115,23.22812],[74.65842,23.22646],[74.7196,23.16944],[74.61191,23.11267],[74.55,23.09874],[74.47611,23.06236],[74.38743,23.0726],[74.36335,23.06505],[74.32345,23.03606],[74.30805,23.06947],[74.27415,23.09009],[74.23333,23.1559],[74.19312,23.17716],[74.14672,23.15807],[74.12192,23.17021],[74.109,23.19112],[74.10579,23.24768],[74.09752,23.26003],[74.03004,23.29767],[73.95955,23.35883],[73.93846,23.36219],[73.92544,23.34013],[73.91159,23.33457],[73.88544,23.33922],[73.80348,23.4388],[73.71067,23.41503],[73.69838,23.41632],[73.66613,23.44182],[73.62716,23.4387],[73.61879,23.45188],[73.63171,23.48774],[73.61652,23.52497],[73.61538,23.60179],[73.5944,23.6274],[73.56639,23.6354],[73.52443,23.60311],[73.50418,23.60264],[73.502,23.65931],[73.51079,23.6845],[73.50273,23.70171],[73.44971,23.71979],[73.41167,23.77922],[73.35814,23.78736],[73.36816,23.89963],[73.42387,23.94094],[73.41819,23.96862],[73.39938,23.99983],[73.39596,24.04223],[73.35411,24.10473],[73.33809,24.10302],[73.30367,24.04546],[73.25582,24.01492],[73.24559,24.01554],[73.20797,24.05404],[73.18947,24.09375],[73.11732,24.13899],[73.10162,24.15943],[73.07754,24.21434],[73.10751,24.29229],[73.13076,24.31348],[73.13717,24.33593],[73.19267,24.33614],[73.20797,24.34668],[73.21665,24.36903],[73.212,24.38743],[73.20394,24.3911],[73.1657,24.37838],[73.09728,24.4043],[73.08983,24.4159],[73.101,24.4851],[73.09107,24.50721],[73.06203,24.50737],[72.99454,24.49006],[72.97449,24.46419],[72.95496,24.38495],[72.92457,24.3634],[72.89739,24.36058],[72.83569,24.37691],[72.74701,24.38066],[72.71756,24.39024],[72.69616,24.40755],[72.66764,24.46094],[72.59953,24.48006],[72.54454,24.51013],[72.50806,24.50646],[72.48264,24.44027],[72.457,24.43055],[72.42197,24.4813],[72.4136,24.52297],[72.35603,24.52468],[72.33846,24.55271],[72.28895,24.56121],[72.24875,24.59271],[72.25578,24.60654],[72.32843,24.61715],[72.33339,24.62708],[72.3275,24.64216],[72.20627,24.63007],[72.17278,24.634],[72.0994,24.65656],[72.0807,24.6686],[72.05093,24.70836],[71.98675,24.69529],[71.93476,24.65816],[71.90148,24.66183],[71.87668,24.68557],[71.85683,24.68493],[71.83358,24.67118],[71.82872,24.63826],[71.82149,24.63571],[71.7848,24.64307],[71.76278,24.67658],[71.637,24.65764],[71.59101,24.6819],[71.54584,24.68805],[71.44962,24.68185],[71.3935,24.64894],[71.37841,24.64666],[71.32198,24.66232],[71.28002,24.65351],[71.2515,24.63682],[71.22235,24.63682],[71.12975,24.66095],[71.08675,24.68743],[71.05663,24.69282],[71.03694,24.72074],[71.00319,24.8082],[70.91524,24.94662],[70.84857,25.16332],[70.73489,25.26735],[70.7105,25.33587],[70.65448,25.39659],[70.64662,25.43137],[70.65386,25.67446],[70.63231,25.70138],[70.59226,25.70882],[70.47723,25.67632],[70.36013,25.67347],[70.26458,25.6973],[70.23445,25.73099],[70.21399,25.78633],[70.11498,25.88173],[70.08325,25.92994],[70.06464,25.98033],[70.07389,26.08311],[70.14691,26.21742],[70.15161,26.25406],[70.14247,26.31369],[70.1605,26.37131],[70.15807,26.53011],[70.1296,26.56251],[70.05606,26.58908],[69.81556,26.58029],[69.77226,26.59507],[69.6594,26.6777],[69.50416,26.73516],[69.47284,26.76658],[69.46509,26.80777]]]]}},{"type":"Feature","properties":{"name":"Gujarat","code":"IN-GJ","type":null},"geometry":{"type":"MultiPolygon","coordinates":[[[[68.15016,23.63137],[68.17543,23.63141],[68.18475,23.65218],[68.20932,23.66275],[68.23258,23.64491],[68.24513,23.65912],[68.27589,23.66584],[68.28045,23.68598],[68.24098,23.67402],[68.20875,23.69623],[68.19752,23.71454],[68.19776,23.77481],[68.16928,23.74823],[68.16375,23.75772],[68.18352,23.8433],[68.20729,23.87702],[68.26036,23.89554],[68.25194,23.90482],[68.25266,23.92009],[68.26393,23.93593],[68.274,23.93769],[68.2862,23.91637],[68.30041,23.9105],[68.32599,23.92779],[68.33503,23.941],[68.33043,23.96657],[68.34263,23.96856],[68.35364,23.93929],[68.38547,23.96042],[68.43156,23.96714],[68.72447,23.96518],[68.72591,24.28922],[68.74731,24.33118],[68.79919,24.32908],[68.81382,24.30844],[68.81965,24.2503],[68.83877,24.23646],[68.88508,24.31356],[68.9042,24.32058],[68.92197,24.31051],[68.96264,24.25723],[68.98078,24.25539],[69.0677,24.28844],[69.16671,24.25317],[69.20625,24.25857],[69.28082,24.28374],[69.56307,24.27676],[69.59232,24.26462],[69.67056,24.18871],[69.71459,24.16858],[69.76905,24.16256],[69.97204,24.16522],[70.01596,24.17406],[70.05214,24.20206],[70.08717,24.28255],[70.1097,24.3049],[70.24256,24.33061],[70.29853,24.36342],[70.37077,24.37236],[70.41635,24.40195],[70.52095,24.42492],[70.56291,24.42409],[70.57521,24.40004],[70.54647,24.37314],[70.54565,24.36218],[70.56766,24.27281],[70.62151,24.24116],[70.75545,24.23144],[70.85147,24.26488],[70.85757,24.27167],[70.84093,24.30583],[70.85653,24.32381],[70.91772,24.36172],[70.93632,24.3672],[70.99668,24.3566],[71.0251,24.38629],[71.08277,24.41151],[71.07502,24.43642],[71.00009,24.4529],[70.97714,24.46494],[70.97322,24.48724],[70.98087,24.53473],[70.95777,24.55602],[70.95482,24.58452],[70.97714,24.63969],[71.06386,24.68258],[71.05663,24.69282],[71.08675,24.68743],[71.12975,24.66095],[71.22235,24.63682],[71.2515,24.63682],[71.28002,24.65351],[71.32198,24.66232],[71.37841,24.64666],[71.3935,24.64894],[71.44962,24.68185],[71.54584,24.68805],[71.59101,24.6819],[71.637,24.65764],[71.76278,24.67658],[71.7848,24.64307],[71.82149,24.63571],[71.82872,24.63826],[71.83358,24.67118],[71.85683,24.68493],[71.87668,24.68557],[71.90148,24.66183],[71.93476,24.65816],[71.98675,24.69529],[72.05093,24.70836],[72.0807,24.6686],[72.0994,24.65656],[72.17278,24.634],[72.20627,24.63007],[72.3275,24.64216],[72.33339,24.62708],[72.32843,24.61715],[72.25578,24.60654],[72.24875,24.59271],[72.28895,24.56121],[72.33846,24.55271],[72.35603,24.52468],[72.4136,24.52297],[72.42197,24.4813],[72.457,24.43055],[72.48264,24.44027],[72.50806,24.50646],[72.54454,24.51013],[72.59953,24.48006],[72.66764,24.46094],[72.69616,24.40755],[72.71756,24.39024],[72.74701,24.38066],[72.83569,24.37691],[72.89739,24.36058],[72.92457,24.3634],[72.95496,24.38495],[72.97449,24.46419],[72.99454,24.49006],[73.06203,24.50737],[73.09107,24.50721],[73.101,24.4851],[73.08983,24.4159],[73.09728,24.4043],[73.1657,24.37838],[73.20394,24.3911],[73.212,24.38743],[73.21665,24.36903],[73.20797,24.34668],[73.19267,24.33614],[73.13717,24.33593],[73.13076,24.31348],[73.10751,24.29229],[73.07754,24.21434],[73.10162,24.15943],[73.11732,24.13899],[73.18947,24.09375],[73.20797,24.05404],[73.24559,24.01554],[73.25582,24.01492],[73.30367,24.04546],[73.33809,24.10302],[73.35411,24.10473],[73.39596,24.04223],[73.39938,23.99983],[73.41819,23.96862],[73.42387,23.94094],[73.36816,23.89963],[73.35814,23.78736],[73.41167,23.77922],[73.44971,23.71979],[73.50273,23.70171],[73.51079,23.6845],[73.502,23.65931],[73.50418,23.60264],[73.52443,23.60311],[73.56639,23.6354],[73.5944,23.6274],[73.61538,23.60179],[73.61652,23.52497],[73.63171,23.48774],[73.61879,23.45188],[73.62716,23.4387],[73.66613,23.44182],[73.69838,23.41632],[73.71067,23.41503],[73.80348,23.4388],[73.88544,23.33922],[73.91159,23.33457],[73.92544,23.34013],[73.93846,23.36219],[73.95955,23.35883],[74.03004,23.29767],[74.08368,23.27153],[74.10579,23.24768],[74.109,23.19112],[74.12192,23.17021],[74.14672,23.15807],[74.18475,23.1775],[74.20594,23.17207],[74.23333,23.1559],[74.27415,23.09009],[74.30805,23.06947],[74.34392,22.98692],[74.35498,22.89894],[74.365,22.87496],[74.41254,22.87964],[74.45192,22.84093],[74.45812,22.80411],[74.36025,22.63242],[74.33017,22.61524],[74.27271,22.60965],[74.1399,22.50581],[74.11974,22.50439],[74.05763,22.52136],[74.03344,22.50963],[74.02569,22.47961],[74.09814,22.41693],[74.11303,22.41067],[74.19654,22.41494],[74.23457,22.40336],[74.24573,22.38561],[74.23426,22.35889],[74.19654,22.33269],[74.1368,22.32091],[74.08492,22.34941],[74.0722,22.3443],[74.05939,22.32063],[74.06621,22.20562],[74.09639,22.1735],[74.11726,22.10204],[74.14062,22.07147],[74.12905,22.02465],[74.12884,21.95176],[74.06104,21.94032],[73.97464,21.90117],[73.9427,21.87461],[73.8995,21.86983],[73.80938,21.83647],[73.79604,21.80516],[73.80348,21.73978],[73.81568,21.71415],[73.83718,21.69759],[73.83914,21.68219],[73.8286,21.65093],[73.81093,21.63473],[73.76204,21.62377],[73.7516,21.61103],[73.82085,21.50833],[73.99593,21.55532],[74.03789,21.55933],[74.109,21.55261],[74.14651,21.5707],[74.19158,21.54551],[74.28542,21.5731],[74.2972,21.55308],[74.29999,21.52791],[74.28077,21.50541],[74.24056,21.48613],[74.10869,21.45156],[74.0535,21.46572],[74.04223,21.46179],[73.96017,21.39438],[73.91862,21.29157],[73.84131,21.26581],[73.80845,21.28588],[73.80007,21.28095],[73.7669,21.2038],[73.72339,21.18628],[73.6961,21.16468],[73.66262,21.17248],[73.63202,21.16592],[73.57694,21.1946],[73.55348,21.19548],[73.55988,21.17419],[73.5974,21.1399],[73.63399,21.11938],[73.70509,21.11871],[73.7423,21.07311],[73.78984,21.05848],[73.83284,21.0037],[73.86829,20.97477],[73.90291,20.88387],[73.90901,20.77571],[73.88916,20.74065],[73.81103,20.6769],[73.81031,20.63931],[73.79232,20.60618],[73.69982,20.56241],[73.62996,20.56386],[73.58603,20.61541],[73.48102,20.67372],[73.44723,20.72003],[73.434,20.71628],[73.40423,20.66985],[73.36465,20.65267],[73.3724,20.63861],[73.40682,20.63032],[73.41694,20.59259],[73.4464,20.58407],[73.4587,20.53802],[73.44206,20.49554],[73.36072,20.36938],[73.38325,20.34871],[73.3941,20.27039],[73.37788,20.21864],[73.38387,20.19419],[73.37788,20.18032],[73.26254,20.19094],[73.24745,20.17533],[73.23773,20.13138],[73.19298,20.11102],[73.16632,20.11487],[73.17004,20.16453],[73.15474,20.17784],[73.11402,20.18166],[73.09634,20.14267],[73.05366,20.14221],[73.04178,20.15774],[73.03392,20.19241],[73.03743,20.21205],[73.11216,20.25491],[73.12322,20.27814],[73.11702,20.28716],[73.07412,20.29173],[73.07629,20.32796],[73.06513,20.33734],[72.99764,20.29359],[72.96354,20.29525],[72.94287,20.25354],[72.90266,20.25827],[72.89243,20.25184],[72.89171,20.2274],[72.93935,20.1843],[72.94721,20.1274],[72.87259,20.1018],[72.83083,20.10404],[72.80582,20.09255],[72.77688,20.10149],[72.73203,20.0757],[72.7081,20.07264],[72.73764,20.18427],[72.75563,20.21516],[72.74195,20.22504],[72.74822,20.28034],[72.77752,20.33006],[72.78159,20.35228],[72.81811,20.37877],[72.86604,20.38083],[72.88183,20.3921],[72.87957,20.43947],[72.86378,20.46202],[72.847,20.46831],[72.88648,20.53156],[72.89145,20.57514],[72.88526,20.61921],[72.9026,20.64191],[72.90943,20.69868],[72.89894,20.73216],[72.94679,20.75947],[72.945,20.77001],[72.91944,20.78742],[72.92498,20.81061],[72.91944,20.82152],[72.90024,20.79914],[72.88575,20.80712],[72.88014,20.8299],[72.9004,20.86811],[72.8812,20.86567],[72.83692,20.83584],[72.85426,20.88715],[72.86492,20.89728],[72.83668,20.92992],[72.88648,20.9621],[72.88844,20.98261],[72.83269,20.97236],[72.81609,20.99901],[72.78761,21.0069],[72.77198,21.02387],[72.76686,21.03856],[72.82309,21.03384],[72.84498,21.03832],[72.84986,21.048],[72.80958,21.13003],[72.75563,21.10956],[72.74195,21.12324],[72.73455,21.09248],[72.70037,21.07477],[72.70582,21.10635],[72.72869,21.1481],[72.71404,21.16413],[72.67644,21.15363],[72.67124,21.0998],[72.63787,21.0854],[72.615,21.10586],[72.61549,21.11982],[72.63038,21.13597],[72.71176,21.19404],[72.73455,21.19892],[72.68767,21.22044],[72.67319,21.23908],[72.64698,21.25361],[72.64576,21.27338],[72.61842,21.25292],[72.60206,21.27766],[72.58676,21.34121],[72.5905,21.34854],[72.64576,21.36278],[72.63868,21.37124],[72.59409,21.36278],[72.57887,21.36701],[72.56463,21.38581],[72.6351,21.40746],[72.72828,21.46581],[72.74708,21.45287],[72.74855,21.47964],[72.73829,21.48286],[72.66505,21.45722],[72.61248,21.42186],[72.58367,21.41743],[72.61964,21.48737],[72.69012,21.54068],[72.7732,21.58051],[72.82309,21.64395],[72.88966,21.64053],[72.96534,21.67878],[73.11695,21.73725],[73.13201,21.7578],[73.12615,21.76683],[73.11883,21.76472],[73.02247,21.71601],[72.92693,21.68496],[72.85816,21.69497],[72.81918,21.67504],[72.79811,21.67353],[72.73325,21.68749],[72.67644,21.67813],[72.61606,21.68545],[72.5503,21.66669],[72.53468,21.67292],[72.52849,21.69514],[72.55633,21.77432],[72.5669,21.84935],[72.58546,21.85887],[72.61842,21.92512],[72.65211,21.94107],[72.69012,21.93879],[72.70232,21.94758],[72.71404,21.98298],[72.73455,21.98656],[72.73455,21.99404],[72.71372,21.9958],[72.70094,21.98892],[72.69353,21.97232],[72.62306,21.96662],[72.5818,21.92817],[72.54274,21.91083],[72.50172,21.97602],[72.52223,22.05427],[72.51954,22.08845],[72.54217,22.15672],[72.57545,22.19452],[72.61411,22.21174],[72.63445,22.2104],[72.6819,22.18159],[72.71941,22.1822],[72.74822,22.16405],[72.81227,22.23412],[72.84742,22.24042],[72.89723,22.21304],[72.91603,22.22309],[72.9227,22.25458],[72.90577,22.2814],[72.88608,22.2624],[72.83863,22.27656],[72.81821,22.27342],[72.7566,22.24372],[72.65943,22.27391],[72.62501,22.27139],[72.60662,22.28384],[72.57374,22.28824],[72.55307,22.28246],[72.50172,22.24042],[72.46616,22.23257],[72.45484,22.24531],[72.46697,22.25584],[72.46388,22.26398],[72.44874,22.26683],[72.41375,22.24632],[72.39186,22.25348],[72.38038,22.3124],[72.40496,22.33295],[72.40805,22.35346],[72.39723,22.36677],[72.36101,22.34345],[72.3283,22.26073],[72.27516,22.26032],[72.26319,22.27635],[72.26466,22.29523],[72.24041,22.30191],[72.20851,22.30044],[72.20094,22.29145],[72.20631,22.27391],[72.14877,22.2779],[72.16603,22.26032],[72.19068,22.25129],[72.24041,22.28824],[72.2461,22.27558],[72.23414,22.24356],[72.26832,22.22675],[72.30649,22.22956],[72.31723,22.18488],[72.30763,22.07901],[72.29566,22.05117],[72.25766,22.01215],[72.22096,22.01097],[72.21437,21.99404],[72.20631,21.99404],[72.19988,22.00698],[72.18246,21.98273],[72.16342,21.97321],[72.1517,21.99388],[72.13429,22.00458],[72.09702,22.00702],[72.1281,21.98355],[72.12485,21.97232],[72.11492,21.96939],[72.07651,21.97972],[72.1045,21.95922],[72.10206,21.94505],[72.05519,21.95352],[72.02866,21.93879],[72.1045,21.91767],[72.1565,21.92585],[72.14536,21.91083],[72.15919,21.90461],[72.15235,21.89785],[72.16977,21.89045],[72.16,21.86591],[72.16944,21.84138],[72.13087,21.84626],[72.09848,21.88052],[72.05795,21.89875],[72.04933,21.88044],[72.08644,21.86563],[72.1045,21.83576],[72.06284,21.83438],[71.99732,21.85493],[71.99415,21.8122],[72.00148,21.78791],[72.02182,21.80097],[72.02182,21.77432],[72.0739,21.78872],[72.1032,21.77521],[72.16603,21.79393],[72.17701,21.76667],[72.2024,21.74811],[72.22381,21.70059],[72.24041,21.69172],[72.27174,21.6909],[72.29566,21.65388],[72.29884,21.62629],[72.27516,21.59553],[72.2422,21.48078],[72.2199,21.44473],[72.16684,21.39208],[72.15162,21.36018],[72.1045,21.31501],[72.1115,21.29609],[72.09702,21.28766],[72.10255,21.2744],[72.09083,21.25292],[72.10475,21.20506],[72.05502,21.16836],[71.99073,21.13638],[71.92628,21.13003],[71.76295,21.03229],[71.71762,21.03205],[71.63998,20.99681],[71.58351,20.95824],[71.54957,20.95124],[71.56935,20.97919],[71.55112,20.97358],[71.49342,20.92914],[71.48072,20.90038],[71.46225,20.88532],[71.31861,20.84931],[71.14064,20.76569],[71.09547,20.76374],[71.06235,20.73896],[71.02418,20.74453],[71.00595,20.73656],[70.982,20.73808],[70.97156,20.72466],[70.97299,20.70962],[70.84018,20.70189],[70.80161,20.70905],[70.77459,20.72736],[70.74024,20.71849],[70.69858,20.7464],[70.54152,20.80785],[70.45143,20.8559],[70.39877,20.90351],[70.33668,20.92707],[70.05444,21.15316],[69.95826,21.27334],[69.84498,21.38959],[69.81471,21.43366],[69.8086,21.46581],[69.78875,21.46931],[69.75636,21.49042],[69.62973,21.61603],[69.56821,21.65013],[69.49936,21.7202],[69.47853,21.75263],[69.42742,21.78124],[69.39772,21.81525],[69.39088,21.8767],[69.36785,21.85611],[69.35548,21.85318],[69.33619,21.86245],[69.19842,21.97972],[69.15064,22.0412],[69.10304,22.07636],[69.04819,22.1579],[68.99415,22.20392],[68.94459,22.29507],[68.94402,22.31826],[68.98325,22.41938],[69.0075,22.44318],[69.07358,22.48188],[69.08522,22.47289],[69.08229,22.45954],[69.04819,22.43159],[69.07179,22.39948],[69.09742,22.39887],[69.12273,22.41108],[69.14698,22.40485],[69.17856,22.42764],[69.20216,22.41486],[69.20574,22.39867],[69.18214,22.36644],[69.18531,22.34968],[69.16969,22.32795],[69.17384,22.3083],[69.21209,22.2814],[69.21209,22.27391],[69.28647,22.28461],[69.3357,22.30614],[69.34645,22.3249],[69.35987,22.32917],[69.4354,22.33039],[69.47967,22.34223],[69.5027,22.37226],[69.51987,22.37763],[69.52564,22.39208],[69.51368,22.43159],[69.51596,22.44815],[69.54786,22.45209],[69.5617,22.39159],[69.5547,22.37763],[69.61606,22.3559],[69.62973,22.38378],[69.64039,22.37596],[69.66944,22.40925],[69.69939,22.40428],[69.73341,22.48005],[69.79493,22.41861],[69.80698,22.42097],[69.83326,22.46381],[69.88478,22.47358],[69.97299,22.54145],[70.05909,22.55842],[70.1447,22.5478],[70.17848,22.56196],[70.3191,22.77827],[70.32252,22.82266],[70.34295,22.84317],[70.37526,22.90266],[70.40463,22.9195],[70.45338,22.96662],[70.48634,22.96369],[70.50473,22.97956],[70.52719,23.02359],[70.52849,23.04706],[70.52369,23.07038],[70.50294,23.1044],[70.46713,23.12971],[70.45094,23.10566],[70.41066,23.086],[70.39877,23.06904],[70.41098,23.02318],[70.40187,22.99925],[70.40162,22.95384],[70.39243,22.94086],[70.34669,22.9313],[70.32569,22.94501],[70.30348,22.93814],[70.29176,22.95303],[70.2693,22.95856],[70.23308,23.00015],[70.23194,22.97492],[70.22202,22.95917],[70.1631,22.94896],[70.14747,22.96605],[70.12908,22.96931],[70.13063,22.99396],[70.10955,22.95917],[70.13234,22.94107],[70.13543,22.93],[70.06178,22.9182],[69.99692,22.89378],[69.83318,22.85847],[69.78012,22.82746],[69.7601,22.80834],[69.72885,22.75483],[69.71583,22.74689],[69.65382,22.76048],[69.5857,22.76118],[69.55698,22.77851],[69.50001,22.78168],[69.33814,22.83308],[69.23878,22.84195],[69.20192,22.85224],[69.03989,22.95051],[68.86622,23.01996],[68.65406,23.15778],[68.64967,23.18085],[68.62257,23.19156],[68.59995,23.22504],[68.59571,23.24038],[68.60939,23.22671],[68.62306,23.26765],[68.57781,23.25528],[68.55226,23.25971],[68.54103,23.27822],[68.56105,23.31611],[68.60694,23.32559],[68.59205,23.34007],[68.57106,23.34638],[68.56105,23.36392],[68.54103,23.357],[68.52068,23.36921],[68.51515,23.39932],[68.52955,23.41193],[68.54103,23.41169],[68.53639,23.42133],[68.50148,23.42328],[68.49049,23.40933],[68.47535,23.40485],[68.46258,23.40912],[68.45883,23.41983],[68.4655,23.44579],[68.44044,23.43427],[68.42368,23.44579],[68.44744,23.48745],[68.48585,23.51411],[68.48129,23.52513],[68.45867,23.52147],[68.43735,23.54881],[68.44695,23.503],[68.43116,23.4936],[68.41163,23.4947],[68.4061,23.50873],[68.40886,23.62132],[68.4275,23.63142],[68.49147,23.61884],[68.49269,23.6376],[68.46876,23.64082],[68.46941,23.65925],[68.53354,23.67918],[68.58351,23.7353],[68.63787,23.76154],[68.65455,23.79906],[68.67075,23.81574],[68.7256,23.81892],[68.82162,23.8784],[68.80568,23.88443],[68.78004,23.87409],[68.76694,23.8784],[68.71778,23.84101],[68.63347,23.83308],[68.59889,23.78189],[68.5547,23.76854],[68.51002,23.74409],[68.47283,23.73749],[68.42774,23.7143],[68.34197,23.62397],[68.35304,23.61066],[68.32732,23.5869],[68.18141,23.59406],[68.1434,23.6127],[68.15016,23.63137]]]]}},{"type":"Feature","properties":{"name":"Himachal Pradesh","code":"IN-HP","type":"Union Territory"},"geometry":{"type":"MultiPolygon","coordinates":[[[[78.89775,31.27512],[78.9363,31.24037],[78.99335,31.1634],[78.99325,31.13079],[78.9332,31.11851],[78.86953,31.12198],[78.83357,31.14683],[78.79274,31.20701],[78.65156,31.21538],[78.5817,31.23107],[78.50098,31.21957],[78.47369,31.23192],[78.43369,31.26807],[78.40165,31.26814],[78.36868,31.29003],[78.31298,31.2945],[78.28424,31.29034],[78.23453,31.26119],[78.18616,31.24809],[78.03971,31.17218],[77.94111,31.1729],[77.79849,31.04136],[77.8082,31.004],[77.8021,30.99216],[77.78412,30.98015],[77.75653,30.98542],[77.7497,30.97992],[77.76221,30.94997],[77.78908,30.93064],[77.79342,30.89574],[77.78722,30.87378],[77.75188,30.88305],[77.70578,30.79145],[77.70702,30.75942],[77.73492,30.7359],[77.74433,30.68539],[77.76469,30.66084],[77.77079,30.63506],[77.76335,30.61645],[77.7433,30.60056],[77.77358,30.55764],[77.81378,30.54666],[77.81296,30.52106],[77.80179,30.50837],[77.66496,30.44597],[77.57586,30.42874],[77.56532,30.41486],[77.58382,30.38218],[77.53845,30.4038],[77.51334,30.42494],[77.46135,30.41732],[77.43438,30.42122],[77.45205,30.45478],[77.38053,30.42925],[77.35913,30.44985],[77.30343,30.46031],[77.241,30.48933],[77.20814,30.47695],[77.20131,30.50015],[77.13414,30.55436],[77.1301,30.56868],[77.1453,30.59586],[77.15026,30.66399],[77.14096,30.69304],[77.11512,30.7221],[77.00153,30.77735],[76.99461,30.80205],[76.95657,30.82076],[76.93394,30.87036],[76.90572,30.8993],[76.84702,30.89868],[76.81012,30.93426],[76.76816,30.9076],[76.62564,31.01661],[76.60569,31.06226],[76.62171,31.11652],[76.5998,31.1349],[76.6028,31.18567],[76.62843,31.22008],[76.61427,31.229],[76.58233,31.22742],[76.58698,31.2498],[76.5719,31.27757],[76.56425,31.28003],[76.54223,31.25569],[76.52053,31.28918],[76.49169,31.28452],[76.46937,31.30799],[76.45283,31.29822],[76.4394,31.29969],[76.41284,31.35512],[76.35992,31.4303],[76.34958,31.41986],[76.32209,31.41281],[76.31961,31.3538],[76.2945,31.34752],[76.27538,31.31044],[76.24282,31.31814],[76.20106,31.307],[76.15848,31.33855],[76.14102,31.36958],[76.12593,31.43054],[76.07053,31.56417],[75.92325,31.80628],[75.92759,31.82994],[75.96191,31.83157],[75.96811,31.84105],[75.87974,31.97239],[75.6998,32.05611],[75.6843,32.05308],[75.58095,32.0767],[75.58219,32.09225],[75.63944,32.14685],[75.66105,32.18878],[75.65402,32.19801],[75.63231,32.19103],[75.61464,32.19677],[75.60627,32.22586],[75.6134,32.25093],[75.7276,32.28793],[75.77928,32.33658],[75.91261,32.41906],[75.87065,32.49972],[75.84739,32.51675],[75.86713,32.54747],[75.86589,32.56057],[75.92263,32.61734],[75.9247,32.65196],[75.90144,32.70286],[75.9124,32.7619],[75.86961,32.8274],[75.81174,32.8843],[75.80491,32.89861],[75.80688,32.92368],[75.82641,32.93807],[75.85855,32.94215],[75.91168,32.9259],[75.94361,32.89812],[75.95467,32.90138],[76.10081,33.01305],[76.23703,33.06349],[76.26173,33.08646],[76.27476,33.12679],[76.29429,33.1479],[76.39671,33.19772],[76.51216,33.21722],[76.54244,33.23286],[76.55856,33.23146],[76.62595,33.18929],[76.75452,33.19456],[76.82945,33.12555],[76.90304,33.07377],[76.94014,33.03429],[76.99988,33.00724],[77.08845,32.95021],[77.13579,32.92675],[77.3487,32.86724],[77.37133,32.86704],[77.39396,32.88993],[77.47768,32.90125],[77.55354,32.92342],[77.67519,33.00042],[77.7033,33.01326],[77.72108,33.01264],[77.85792,32.87301],[77.89347,32.80296],[77.92892,32.76244],[77.93853,32.69534],[78.00891,32.61031],[78.05904,32.61834],[78.11464,32.66772],[78.15454,32.67405],[78.19154,32.69201],[78.22792,32.69018],[78.25386,32.6979],[78.26874,32.7157],[78.31432,32.73544],[78.31773,32.76467],[78.36662,32.76521],[78.38336,32.71444],[78.37778,32.65734],[78.36837,32.63982],[78.30409,32.59615],[78.27401,32.51887],[78.27401,32.49114],[78.29365,32.47329],[78.31339,32.47174],[78.38098,32.52804],[78.45219,32.41678],[78.43452,32.38376],[78.46274,32.2818],[78.45798,32.22966],[78.51307,32.20757],[78.55182,32.15039],[78.64929,32.03644],[78.72215,31.99459],[78.74458,31.9642],[78.72019,31.90291],[78.70034,31.82168],[78.67409,31.78695],[78.67089,31.77052],[78.69559,31.74669],[78.69321,31.71853],[78.72401,31.67331],[78.75812,31.6666],[78.81889,31.60737],[78.79698,31.57885],[78.69952,31.51002],[78.69538,31.4881],[78.76256,31.44511],[78.73848,31.33499],[78.7451,31.30812],[78.78447,31.28827],[78.86199,31.29148],[78.89775,31.27512]]]]}},{"type":"Feature","properties":{"name":"Jammu and Kashmir","code":"IN-JK","type":"Union Territory"},"geometry":{"type":"MultiPolygon","coordinates":[[[[74.31594,32.82175],[74.33379,32.84926],[74.33668,32.87014],[74.32201,32.97204],[74.31126,32.99429],[74.28397,33.00881],[74.19085,33.02209],[74.15385,33.04018],[74.09845,33.10483],[74.00234,33.17769],[73.98849,33.20862],[73.99179,33.25257],[74.00172,33.27017],[74.072,33.30228],[74.09597,33.32848],[74.13628,33.41801],[74.15778,33.49424],[74.14155,33.54937],[73.9767,33.64839],[73.96079,33.69229],[73.97071,33.74706],[74.01133,33.81047],[74.03458,33.82861],[74.14228,33.84424],[74.17752,33.85755],[74.23953,33.90101],[74.26247,33.92995],[74.27229,33.96214],[74.25968,33.99439],[74.22837,34.01289],[74.1184,34.00252],[74.04502,34.01942],[73.9767,34.00459],[73.9458,34.00979],[73.91624,34.02795],[73.89371,34.0543],[73.88441,34.0842],[73.8933,34.11474],[73.91686,34.13526],[73.99541,34.17644],[73.9983,34.1968],[73.99055,34.21851],[73.95438,34.28718],[73.93774,34.30421],[73.87904,34.30429],[73.82912,34.31535],[73.78271,34.34682],[73.77486,34.37095],[73.77982,34.39607],[73.79625,34.41855],[73.84038,34.44441],[73.847,34.49433],[73.86312,34.51707],[73.91097,34.54497],[73.92596,34.56497],[73.91934,34.64254],[73.96223,34.66817],[74.12088,34.69086],[74.22175,34.74775],[74.28583,34.76889],[74.34888,34.77343],[74.41213,34.76449],[74.66493,34.68832],[75.01778,34.62972],[75.111,34.63365],[75.17632,34.64538],[75.21291,34.64497],[75.23688,34.63189],[75.26748,34.5983],[75.34809,34.55722],[75.34413,34.46901],[75.37455,34.37098],[75.46949,34.28005],[75.58456,34.21012],[75.6634,34.19923],[75.69129,34.16372],[75.69954,34.11768],[75.74166,34.06643],[75.87959,33.9637],[76.02437,33.98209],[76.07333,33.92202],[76.16638,33.87323],[76.23584,33.72879],[76.23268,33.64986],[76.2461,33.57409],[76.3053,33.55199],[76.38575,33.53866],[76.48803,33.50223],[76.57784,33.4277],[76.64657,33.35211],[76.68873,33.27076],[76.73984,33.19741],[76.62595,33.18929],[76.55856,33.23146],[76.54244,33.23286],[76.51216,33.21722],[76.39671,33.19772],[76.29429,33.1479],[76.27476,33.12679],[76.26173,33.08646],[76.23703,33.06349],[76.10081,33.01305],[75.95467,32.90138],[75.94361,32.89812],[75.91168,32.9259],[75.86961,32.94],[75.84605,32.94223],[75.81463,32.93179],[75.80336,32.912],[75.81174,32.8843],[75.86961,32.8274],[75.9093,32.7727],[75.91323,32.75568],[75.90341,32.73637],[75.90144,32.70286],[75.9247,32.65196],[75.92263,32.61734],[75.86589,32.56057],[75.86713,32.54747],[75.85504,32.52628],[75.82858,32.49789],[75.743,32.46438],[75.72936,32.42962],[75.69825,32.40603],[75.61195,32.39546],[75.5733,32.37464],[75.53795,32.34518],[75.5024,32.30059],[75.44473,32.3303],[75.44194,32.35976],[75.39036,32.33549],[75.32711,32.33996],[75.2984,32.33243],[75.19616,32.3973],[75.12599,32.41174],[75.05488,32.45554],[75.02367,32.46626],[74.90698,32.44518],[74.83815,32.47487],[74.72498,32.46081],[74.68932,32.47135],[74.66255,32.49838],[74.62958,32.58809],[74.65604,32.64067],[74.64974,32.72315],[74.68229,32.78733],[74.68912,32.80882],[74.68529,32.83123],[74.67175,32.84058],[74.65356,32.83743],[74.63589,32.82208],[74.61408,32.7704],[74.59341,32.75787],[74.52096,32.74529],[74.48448,32.75353],[74.43869,32.78598],[74.36769,32.76353],[74.34619,32.76689],[74.31632,32.79108],[74.3065,32.80991],[74.31594,32.82175]]]]}},{"type":"Feature","properties":{"name":"Bihar","code":"IN-BR","type":"State"},"geometry":{"type":"MultiPolygon","coordinates":[[[[83.83409,27.43404],[83.92302,27.44995],[84.00767,27.44081],[84.02891,27.45373],[84.0796,27.50954],[84.09955,27.51687],[84.11717,27.51328],[84.13097,27.48641],[84.16575,27.47217],[84.18585,27.43864],[84.22554,27.44039],[84.23902,27.43114],[84.2677,27.38856],[84.28941,27.37611],[84.57704,27.32903],[84.60655,27.31048],[84.63192,27.27704],[84.65765,27.2034],[84.6544,27.12537],[84.62148,27.05799],[84.62727,27.03649],[84.64024,27.02838],[84.7607,26.99902],[84.80193,27.01375],[84.81749,27.0106],[84.82813,26.99494],[84.85175,26.98213],[84.92405,26.95567],[84.95273,26.89764],[85.01804,26.87443],[85.01856,26.8458],[85.04399,26.84374],[85.12284,26.8657],[85.16202,26.85102],[85.16568,26.78627],[85.19493,26.75888],[85.28728,26.73697],[85.33704,26.74679],[85.38588,26.78844],[85.42154,26.78266],[85.43962,26.78772],[85.51946,26.82643],[85.59858,26.85438],[85.60938,26.85102],[85.68777,26.81185],[85.70183,26.79661],[85.70963,26.76245],[85.70224,26.68845],[85.71289,26.65321],[85.781,26.5992],[85.80973,26.60303],[85.82854,26.56613],[85.86637,26.57993],[85.95215,26.64204],[86.01137,26.65445],[86.0417,26.64546],[86.11586,26.60256],[86.15265,26.60065],[86.19586,26.58267],[86.28443,26.61202],[86.30861,26.60215],[86.316,26.58096],[86.35367,26.58262],[86.49491,26.52784],[86.5579,26.48402],[86.7136,26.41456],[86.7382,26.44371],[86.79644,26.43151],[86.82186,26.43813],[86.86568,26.47244],[86.87597,26.49492],[86.97245,26.53197],[87.02991,26.57977],[87.04133,26.58019],[87.06671,26.46562],[87.10629,26.40475],[87.13502,26.3942],[87.2191,26.4081],[87.2453,26.37023],[87.31403,26.34377],[87.3564,26.40371],[87.41645,26.42697],[87.48032,26.4234],[87.55205,26.38671],[87.58698,26.37803],[87.68119,26.42423],[87.72754,26.40376],[87.74222,26.41048],[87.75617,26.44691],[87.76899,26.45146],[87.8216,26.43751],[87.85208,26.46066],[87.86981,26.46464],[87.8973,26.44345],[87.91477,26.40826],[87.92898,26.39643],[87.97549,26.36656],[88.00665,26.36986],[88.04432,26.40568],[88.07419,26.45394],[88.08714,26.5391],[88.12189,26.5305],[88.20343,26.54719],[88.19527,26.50014],[88.23744,26.47464],[88.27867,26.435],[88.28229,26.42844],[88.2578,26.41087],[88.25449,26.39604],[88.29955,26.3688],[88.30017,26.33894],[88.26369,26.33271],[88.22007,26.29945],[88.18049,26.28553],[88.07982,26.19282],[88.01647,26.15088],[87.97027,26.1383],[87.93668,26.099],[87.83942,26.02231],[87.8171,25.93707],[87.79323,25.92338],[87.78744,25.91168],[87.80542,25.87367],[87.86506,25.8439],[87.90412,25.77331],[87.94257,25.73533],[88.0051,25.71081],[88.04282,25.67815],[88.05678,25.61412],[88.04313,25.5471],[88.06494,25.51986],[88.06742,25.49108],[88.00582,25.50121],[87.99053,25.50769],[87.97492,25.52831],[87.9558,25.53408],[87.88035,25.50129],[87.84997,25.47111],[87.76801,25.43628],[87.74496,25.39946],[87.76119,25.39147],[87.77483,25.36698],[87.79881,25.36595],[87.83901,25.2883],[87.8171,25.24668],[87.78372,25.21409],[87.77018,25.23699],[87.74961,25.24823],[87.68119,25.24544],[87.59872,25.2667],[87.57019,25.30347],[87.52348,25.32378],[87.47076,25.28417],[87.45474,25.24332],[87.43614,25.2288],[87.42343,25.18854],[87.40669,25.18105],[87.35563,25.19707],[87.30251,25.18392],[87.28297,25.14971],[87.26137,25.06397],[87.21672,25.07255],[87.18551,25.06198],[87.15089,25.03162],[87.12133,24.98628],[87.12174,24.86375],[87.0681,24.77849],[87.07751,24.74534],[87.06666,24.69948],[87.06944,24.66806],[87.04226,24.5884],[87.01312,24.58604],[86.91783,24.61268],[86.91535,24.59726],[86.89075,24.56455],[86.88992,24.5316],[86.81323,24.55416],[86.75536,24.58814],[86.73789,24.58085],[86.72797,24.56013],[86.70234,24.54778],[86.64921,24.54266],[86.60736,24.56129],[86.58565,24.56145],[86.49439,24.4798],[86.48602,24.41047],[86.46752,24.39991],[86.45687,24.35231],[86.43868,24.34038],[86.35507,24.39528],[86.27642,24.43481],[86.27249,24.45445],[86.29843,24.48161],[86.30463,24.50031],[86.29048,24.55155],[86.22361,24.56793],[86.17441,24.55238],[86.15488,24.5561],[86.12573,24.5807],[86.10775,24.67165],[86.09772,24.69048],[86.0815,24.7011],[86.03292,24.71239],[86.04687,24.7396],[86.04015,24.74999],[85.95933,24.70322],[85.91158,24.69847],[85.8659,24.75172],[85.83086,24.77092],[85.74601,24.77004],[85.71852,24.75379],[85.70095,24.72454],[85.68886,24.66883],[85.6808,24.65855],[85.64731,24.64857],[85.6624,24.60573],[85.65682,24.55765],[85.61982,24.54992],[85.57837,24.5578],[85.55657,24.52794],[85.51708,24.49946],[85.48236,24.5093],[85.39141,24.50946],[85.37456,24.49964],[85.28061,24.48726],[85.27131,24.46703],[85.17096,24.43091],[85.16021,24.42133],[85.15773,24.39564],[85.089,24.34195],[85.08249,24.34854],[85.08848,24.38332],[85.08063,24.39332],[84.98182,24.3528],[84.90885,24.35368],[84.88901,24.37283],[84.8763,24.43644],[84.83516,24.43794],[84.82555,24.48491],[84.79847,24.49659],[84.6882,24.4307],[84.6576,24.37505],[84.61233,24.38073],[84.58825,24.39443],[84.51921,24.30751],[84.48449,24.30286],[84.45462,24.32038],[84.43446,24.3465],[84.36636,24.38812],[84.31437,24.44313],[84.31189,24.45114],[84.32522,24.47044],[84.3246,24.50295],[84.30538,24.5308],[84.28584,24.53158],[84.26879,24.51765],[84.24688,24.52688],[84.20295,24.52132],[84.19024,24.47659],[84.17412,24.47954],[84.16916,24.50551],[84.15686,24.51098],[84.14539,24.47665],[84.1305,24.46977],[84.10704,24.48455],[84.04389,24.6239],[84.02167,24.63904],[84.01165,24.63281],[83.9887,24.5879],[83.93827,24.54868],[83.91842,24.5438],[83.8498,24.53507],[83.80887,24.54251],[83.78789,24.53731],[83.76774,24.51378],[83.6959,24.50628],[83.5231,24.52967],[83.52537,24.62891],[83.5109,24.66744],[83.53095,24.70358],[83.52362,24.74634],[83.50884,24.76208],[83.44445,24.78342],[83.35484,24.87504],[83.36569,24.9313],[83.36424,24.9984],[83.32652,25.05842],[83.32301,25.07901],[83.33427,25.17262],[83.35732,25.21283],[83.41613,25.25438],[83.48362,25.28419],[83.77487,25.44496],[83.80132,25.46413],[83.81765,25.49023],[83.8869,25.51702],[83.91811,25.54927],[84.00338,25.60823],[84.05816,25.67373],[84.14342,25.73621],[84.1798,25.74595],[84.21288,25.72804],[84.21339,25.68311],[84.22238,25.66084],[84.24388,25.64572],[84.27602,25.64148],[84.30941,25.6497],[84.32646,25.66332],[84.32646,25.68621],[84.31271,25.71972],[84.31468,25.74215],[84.32615,25.74851],[84.37276,25.76507],[84.43808,25.71869],[84.48666,25.70073],[84.52417,25.70022],[84.59218,25.73835],[84.61244,25.78685],[84.53162,25.86209],[84.45658,25.86997],[84.41214,25.89594],[84.39653,25.92369],[84.37431,25.9403],[84.27995,25.92707],[84.26145,25.93131],[84.22559,25.96358],[84.20605,26.01542],[84.17588,26.02275],[84.15035,26.06601],[84.06487,26.10355],[84.02229,26.18388],[83.98808,26.20856],[83.9885,26.23501],[84.00772,26.25093],[84.08989,26.2617],[84.12058,26.28028],[84.16699,26.27452],[84.18559,26.28486],[84.16172,26.33793],[84.18621,26.39462],[84.17763,26.40428],[84.08616,26.42606],[84.01599,26.47345],[83.96907,26.45314],[83.92628,26.46464],[83.91842,26.48456],[83.92586,26.54636],[83.94416,26.54967],[83.96348,26.51593],[83.99056,26.54595],[84.05402,26.56476],[84.07139,26.59168],[84.08616,26.63757],[84.09919,26.64959],[84.16492,26.65375],[84.22952,26.6406],[84.38299,26.64166],[84.39395,26.65442],[84.38144,26.67744],[84.30631,26.74436],[84.28336,26.75558],[84.24636,26.75705],[84.24016,26.77222],[84.24636,26.85345],[84.2261,26.89151],[84.18776,26.89397],[84.149,26.87634],[84.11066,26.90528],[84.07056,26.9236],[84.02715,26.99962],[84.02343,27.05995],[83.99832,27.08207],[83.97971,27.11984],[83.94137,27.15403],[83.9424,27.2225],[83.92411,27.24834],[83.88576,27.28014],[83.89279,27.32397],[83.84804,27.329],[83.85334,27.34619],[83.87739,27.36174],[83.87765,27.36991],[83.87119,27.38944],[83.83409,27.43404]]]]}},{"type":"Feature","properties":{"name":"Uttar Pradesh","code":"IN-UP","type":"State"},"geometry":{"type":"MultiPolygon","coordinates":[[[[83.85331,27.34608],[83.84918,27.32665],[83.88328,27.33006],[83.89279,27.32397],[83.88576,27.28014],[83.92411,27.24834],[83.9424,27.2225],[83.94137,27.15403],[83.97971,27.11984],[83.99832,27.08207],[84.02343,27.05995],[84.02715,26.99962],[84.07056,26.9236],[84.11066,26.90528],[84.149,26.87634],[84.18776,26.89397],[84.2261,26.89151],[84.24636,26.85345],[84.24016,26.77222],[84.24636,26.75705],[84.28336,26.75558],[84.30631,26.74436],[84.38144,26.67744],[84.39395,26.65442],[84.38299,26.64166],[84.22952,26.6406],[84.16492,26.65375],[84.09919,26.64959],[84.08616,26.63757],[84.07139,26.59168],[84.05402,26.56476],[83.99056,26.54595],[83.96348,26.51593],[83.94416,26.54967],[83.92586,26.54636],[83.91842,26.48456],[83.92628,26.46464],[83.96907,26.45314],[84.01599,26.47345],[84.08616,26.42606],[84.17763,26.40428],[84.18621,26.39462],[84.16172,26.33793],[84.18559,26.28486],[84.16699,26.27452],[84.12058,26.28028],[84.08989,26.2617],[84.00772,26.25093],[83.9885,26.23501],[83.98808,26.20856],[84.02229,26.18388],[84.06487,26.10355],[84.15035,26.06601],[84.17588,26.02275],[84.20605,26.01542],[84.2197,25.97444],[84.24357,25.94371],[84.27995,25.92707],[84.37431,25.9403],[84.39653,25.92369],[84.41214,25.89594],[84.45658,25.86997],[84.53162,25.86209],[84.60551,25.7998],[84.61047,25.77388],[84.59218,25.73835],[84.52417,25.70022],[84.48666,25.70073],[84.43808,25.71869],[84.38764,25.75938],[84.37276,25.76507],[84.35592,25.76055],[84.31468,25.74215],[84.31271,25.71972],[84.3276,25.68016],[84.32419,25.6589],[84.27602,25.64148],[84.24388,25.64572],[84.22238,25.66084],[84.21339,25.68311],[84.21288,25.72804],[84.1798,25.74595],[84.14342,25.73621],[84.05816,25.67373],[84.00338,25.60823],[83.91811,25.54927],[83.8869,25.51702],[83.81765,25.49023],[83.80132,25.46413],[83.77487,25.44496],[83.38409,25.23593],[83.34595,25.19898],[83.33427,25.17262],[83.32301,25.07901],[83.32652,25.05842],[83.36424,24.9984],[83.36569,24.9313],[83.35484,24.87504],[83.44445,24.78342],[83.50884,24.76208],[83.52362,24.74634],[83.53095,24.70358],[83.5109,24.66744],[83.52537,24.62891],[83.5231,24.52967],[83.43783,24.52093],[83.39835,24.49331],[83.39794,24.45722],[83.44868,24.38042],[83.45158,24.35368],[83.42047,24.31392],[83.4121,24.26808],[83.36673,24.21067],[83.30978,24.08432],[83.25996,24.04778],[83.2487,23.99391],[83.22772,23.9613],[83.20632,23.94402],[83.104,23.91221],[82.93647,23.92017],[82.89409,23.94216],[82.83942,23.98965],[82.80087,23.99872],[82.76966,24.0413],[82.73452,24.06587],[82.73607,24.11504],[82.68708,24.15581],[82.67385,24.18033],[82.68067,24.19098],[82.70899,24.19423],[82.73286,24.21413],[82.74113,24.2778],[82.7648,24.33004],[82.76346,24.39905],[82.73968,24.41391],[82.73255,24.4273],[82.7433,24.5067],[82.73441,24.55163],[82.75023,24.56796],[82.79694,24.5609],[82.80841,24.56641],[82.81802,24.5894],[82.79477,24.61677],[82.77214,24.66831],[82.73173,24.67149],[82.71653,24.68043],[82.71457,24.71777],[82.69224,24.71981],[82.62393,24.69188],[82.59509,24.68774],[82.5491,24.69188],[82.4534,24.72201],[82.42714,24.71857],[82.42746,24.65878],[82.40968,24.63563],[82.30705,24.63201],[82.30271,24.63814],[82.32617,24.67992],[82.32338,24.69376],[82.31005,24.7065],[82.27615,24.70544],[82.26519,24.71544],[82.26302,24.79117],[82.23326,24.75875],[82.20804,24.7643],[82.20514,24.77815],[82.21641,24.80626],[82.20866,24.84311],[82.19553,24.84394],[82.15502,24.81632],[82.12215,24.8081],[82.03316,24.85949],[81.98025,24.86189],[81.95606,24.87102],[81.87317,24.92998],[81.86656,24.94287],[81.874,24.98021],[81.84206,25.02708],[81.80806,25.0355],[81.75277,25.02049],[81.72672,25.02984],[81.7076,25.06529],[81.66512,25.06446],[81.57789,25.08454],[81.57345,25.09816],[81.57996,25.1165],[81.56332,25.14304],[81.55846,25.171],[81.53697,25.19975],[81.42534,25.16482],[81.46204,25.14009],[81.46917,25.12694],[81.45687,25.11141],[81.41842,25.10413],[81.36964,25.11162],[81.36488,25.12123],[81.37078,25.1487],[81.36054,25.15697],[81.30918,25.17193],[81.28106,25.16459],[81.24324,25.16952],[81.23404,25.15637],[81.24148,25.11519],[81.23549,25.08912],[81.17461,25.01108],[81.18484,24.97292],[81.18143,24.95814],[81.1312,24.94538],[81.09813,24.90861],[81.0047,24.96644],[80.94372,24.95326],[80.90042,24.9839],[80.80502,24.96881],[80.77867,24.9715],[80.76172,24.98331],[80.76492,25.00005],[80.79055,25.03256],[80.79572,25.05994],[80.82435,25.08736],[80.82993,25.12485],[80.85887,25.18756],[80.85618,25.208],[80.83541,25.21774],[80.80223,25.20983],[80.77743,25.16309],[80.66642,25.14971],[80.72575,25.10415],[80.72916,25.09539],[80.7179,25.08198],[80.63883,25.07343],[80.60586,25.10136],[80.57951,25.14792],[80.56462,25.15244],[80.55243,25.14738],[80.55429,25.11743],[80.54643,25.10754],[80.5206,25.10374],[80.45848,25.11705],[80.47026,25.07374],[80.51388,25.05046],[80.51512,25.04067],[80.47822,25.01834],[80.45197,25.01865],[80.4067,25.06377],[80.40701,25.01336],[80.3513,25.0232],[80.29715,25.01206],[80.27182,25.04108],[80.26531,25.06382],[80.26986,25.0886],[80.30469,25.08927],[80.35451,25.14381],[80.41331,25.17112],[80.422,25.18598],[80.39936,25.24404],[80.3758,25.24412],[80.35575,25.26957],[80.32205,25.28828],[80.31234,25.36866],[80.28361,25.41447],[80.2279,25.40866],[80.19813,25.41643],[80.16775,25.38026],[80.12455,25.35096],[80.08703,25.36163],[80.0153,25.33091],[79.91536,25.2598],[79.84043,25.24068],[79.83485,25.21771],[79.86771,25.17058],[79.86327,25.15324],[79.80167,25.13193],[79.76757,25.15619],[79.6485,25.14927],[79.55373,25.17903],[79.5312,25.16872],[79.50081,25.12022],[79.47952,25.10555],[79.45854,25.10599],[79.43808,25.14164],[79.39901,25.14133],[79.3926,25.13074],[79.39198,25.07413],[79.35767,25.07111],[79.33255,25.08899],[79.33906,25.14741],[79.37772,25.18792],[79.42474,25.25719],[79.4418,25.29727],[79.43032,25.29934],[79.39777,25.27484],[79.35891,25.27872],[79.32387,25.24443],[79.31033,25.24381],[79.29452,25.25942],[79.28956,25.27954],[79.3248,25.3498],[79.31157,25.36455],[79.30248,25.36458],[79.27592,25.33404],[79.26196,25.29592],[79.2907,25.18877],[79.27953,25.16428],[79.17153,25.18167],[79.1428,25.15071],[79.12585,25.14384],[79.11593,25.15381],[79.109,25.19503],[79.08471,25.19526],[79.02404,25.17464],[79.00875,25.19159],[79.01133,25.21399],[79.0474,25.25693],[79.01433,25.28125],[78.99862,25.2827],[78.98674,25.27624],[78.98343,25.23738],[78.97299,25.22818],[78.93785,25.21965],[78.89113,25.17539],[78.86984,25.1805],[78.86209,25.20683],[78.86767,25.23774],[78.88504,25.26554],[78.93547,25.30406],[78.93413,25.34649],[78.9549,25.38571],[78.95997,25.42654],[78.95314,25.44235],[78.90912,25.44139],[78.91914,25.50459],[78.91315,25.52534],[78.89113,25.53811],[78.86974,25.52506],[78.85527,25.50209],[78.8531,25.43403],[78.83553,25.41974],[78.81693,25.41718],[78.8008,25.42687],[78.79718,25.49976],[78.78189,25.52402],[78.72691,25.49446],[78.72256,25.46173],[78.74882,25.42615],[78.73145,25.39592],[78.73827,25.3598],[78.72753,25.34639],[78.67523,25.38251],[78.65228,25.40946],[78.61167,25.41543],[78.58211,25.40674],[78.5758,25.39403],[78.57932,25.36992],[78.53043,25.31566],[78.51358,25.27337],[78.57374,25.21216],[78.61787,25.10888],[78.61952,25.06467],[78.64887,24.94073],[78.7237,24.84872],[78.73621,24.72554],[78.71543,24.68511],[78.71977,24.6564],[78.74014,24.631],[78.82705,24.6471],[78.85651,24.6386],[78.87108,24.62573],[78.89341,24.57129],[78.92245,24.53331],[78.91625,24.4868],[78.97826,24.46742],[78.97237,24.42257],[78.955,24.39254],[78.90198,24.34637],[78.86684,24.27214],[78.8098,24.22023],[78.79212,24.21738],[78.76215,24.23565],[78.74665,24.27942],[78.68877,24.28291],[78.6559,24.29459],[78.53581,24.38859],[78.4894,24.41078],[78.46883,24.40804],[78.45736,24.39311],[78.43504,24.32808],[78.40806,24.30844],[78.37054,24.30247],[78.34584,24.3189],[78.33013,24.34203],[78.35049,24.40797],[78.27753,24.45311],[78.26988,24.47768],[78.24435,24.48788],[78.22389,24.51923],[78.26482,24.58349],[78.27226,24.62444],[78.25799,24.64493],[78.26482,24.66914],[78.2613,24.69265],[78.23071,24.7343],[78.22492,24.79412],[78.19784,24.83944],[78.18193,24.84657],[78.16911,24.86546],[78.18038,24.89251],[78.25727,24.94021],[78.32486,25.00217],[78.34068,25.04581],[78.33044,25.08198],[78.36631,25.18601],[78.36052,25.21045],[78.29768,25.32781],[78.25644,25.37672],[78.25117,25.39783],[78.33003,25.46478],[78.34657,25.48643],[78.3567,25.5396],[78.37054,25.55268],[78.48175,25.57766],[78.54645,25.57257],[78.61611,25.60761],[78.7145,25.62593],[78.74758,25.64272],[78.75357,25.67427],[78.72711,25.74021],[78.73331,25.77416],[78.74882,25.80054],[78.80835,25.84155],[78.83522,25.90573],[78.87966,25.95609],[78.91439,26.04275],[78.95314,26.10032],[78.95408,26.10998],[78.91997,26.14466],[78.92131,26.17267],[78.95656,26.19781],[78.93857,26.23047],[78.93816,26.2546],[78.96327,26.27809],[79.01929,26.2938],[79.05856,26.34304],[79.06084,26.35508],[79.03965,26.37506],[79.05205,26.41149],[79.04926,26.44066],[79.02808,26.49756],[78.95997,26.59667],[78.93578,26.69444],[78.92607,26.70622],[78.86126,26.70126],[78.79243,26.76209],[78.76194,26.76524],[78.7545,26.78573],[78.74541,26.78922],[78.72412,26.77638],[78.71006,26.79888],[78.69321,26.79787],[78.65528,26.77638],[78.61425,26.77638],[78.59523,26.75839],[78.5635,26.7585],[78.51803,26.7832],[78.4616,26.79227],[78.42811,26.82255],[78.38491,26.82681],[78.37148,26.85105],[78.3506,26.85846],[78.286,26.85485],[78.25489,26.81733],[78.20012,26.82358],[78.17262,26.86862],[78.20807,26.88221],[78.246,26.9229],[78.23102,26.93466],[78.1688,26.94892],[78.10689,26.9473],[78.06607,26.91231],[78.02927,26.91001],[78.01625,26.86666],[77.99744,26.89508],[77.97656,26.90438],[77.8791,26.91502],[77.85264,26.90288],[77.82184,26.91936],[77.72046,26.93396],[77.69224,26.92231],[77.64139,26.88324],[77.51055,26.83332],[77.4721,26.83655],[77.43189,26.78123],[77.39789,26.77888],[77.39954,26.85552],[77.42332,26.88438],[77.62847,26.97316],[77.69999,26.98872],[77.71911,27.00293],[77.71922,27.01579],[77.70144,27.02528],[77.67405,27.00626],[77.64304,27.04662],[77.61896,27.02995],[77.55974,27.0368],[77.54341,27.04517],[77.53277,27.07026],[77.50341,27.08047],[77.50507,27.10488],[77.59137,27.13075],[77.60408,27.16067],[77.64025,27.17726],[77.65731,27.20271],[77.6355,27.22544],[77.61049,27.27929],[77.60212,27.3295],[77.55643,27.33851],[77.50197,27.37487],[77.4598,27.38507],[77.43406,27.40613],[77.41525,27.45928],[77.34012,27.55046],[77.34032,27.59844],[77.31831,27.61687],[77.33412,27.64736],[77.33288,27.67102],[77.31965,27.70162],[77.29423,27.722],[77.2934,27.76877],[77.28069,27.80944],[77.31335,27.83608],[77.39758,27.86453],[77.42445,27.89075],[77.46993,27.88806],[77.50817,27.94328],[77.52925,27.95251],[77.52646,27.97447],[77.50383,28.02023],[77.46807,28.04682],[77.47644,28.07149],[77.46972,28.11273],[77.50383,28.09286],[77.49494,28.15185],[77.50724,28.17024],[77.53866,28.18099],[77.52863,28.19293],[77.50155,28.19668],[77.49701,28.20892],[77.52067,28.21722],[77.52832,28.23784],[77.53866,28.24306],[77.52894,28.25347],[77.4908,28.26355],[77.48791,28.299],[77.46652,28.31522],[77.49701,28.39325],[77.46817,28.39669],[77.46579,28.43428],[77.42817,28.43067],[77.41546,28.46496],[77.40761,28.46899],[77.37722,28.45534],[77.37691,28.48413],[77.34353,28.49829],[77.29784,28.56939],[77.30508,28.59045],[77.33753,28.62619],[77.31314,28.70727],[77.30694,28.7206],[77.22715,28.78359],[77.20628,28.82186],[77.21671,28.84351],[77.2008,28.87679],[77.22074,28.91438],[77.20969,28.93513],[77.17548,28.96306],[77.17765,28.98061],[77.19573,28.99758],[77.16938,29.03647],[77.14819,29.09962],[77.13393,29.11636],[77.14137,29.13034],[77.13072,29.28059],[77.15005,29.31333],[77.13393,29.3426],[77.13289,29.37221],[77.14984,29.40337],[77.14819,29.41492],[77.13062,29.4264],[77.06561,29.42484],[77.07274,29.44009],[77.12028,29.48378],[77.1052,29.49541],[77.0775,29.49223],[77.06561,29.50368],[77.07243,29.52789],[77.05817,29.55548],[77.06468,29.56951],[77.09982,29.58902],[77.08587,29.62401],[77.09362,29.64085],[77.08783,29.6585],[77.11388,29.68222],[77.10664,29.7023],[77.13754,29.72279],[77.13393,29.76436],[77.16183,29.77121],[77.18044,29.80425],[77.20969,29.92884],[77.22994,29.97665],[77.27728,30.0176],[77.28472,30.03809],[77.3179,30.04042],[77.32327,30.06437],[77.40326,30.11284],[77.40575,30.1416],[77.41432,30.15245],[77.57008,30.27823],[77.58506,30.3252],[77.58506,30.38293],[77.61896,30.40202],[77.66154,30.39492],[77.75063,30.32562],[77.81161,30.29226],[77.92892,30.24433],[77.94608,30.22834],[77.93987,30.21508],[77.86918,30.16576],[77.83497,30.13139],[77.79063,30.03948],[77.7464,29.97734],[77.75094,29.86019],[77.76769,29.81937],[77.78381,29.74175],[77.83146,29.6599],[77.96654,29.72441],[78.07609,29.66406],[78.1072,29.65452],[78.15495,29.67498],[78.18906,29.70669],[78.19784,29.74816],[78.1905,29.7926],[78.16074,29.87714],[78.15495,29.92544],[78.17728,29.95259],[78.21769,29.95368],[78.28652,29.89231],[78.32538,29.84309],[78.36166,29.7755],[78.47865,29.72196],[78.51482,29.68914],[78.5542,29.6209],[78.58903,29.58011],[78.64309,29.53758],[78.80638,29.45309],[78.91997,29.42218],[78.90695,29.38836],[78.86002,29.35025],[78.81631,29.34999],[78.79677,29.32077],[78.76112,29.3303],[78.73094,29.32007],[78.72628,29.29788],[78.71409,29.29059],[78.86767,29.21517],[78.89826,29.17737],[78.91377,29.10559],[78.95035,29.12701],[79.03665,29.15388],[79.05588,29.15176],[79.1304,29.11525],[79.13918,29.10691],[79.14528,29.07781],[79.1706,29.05112],[79.29638,28.97156],[79.34062,28.96299],[79.37121,28.96989],[79.41668,28.92178],[79.44366,28.84958],[79.52624,28.87842],[79.56654,28.87935],[79.58825,28.84912],[79.60024,28.84904],[79.63279,28.86333],[79.69935,28.85044],[79.7256,28.85891],[79.72994,28.87961],[79.74328,28.88524],[79.81263,28.87687],[79.84105,28.85529],[79.82865,28.82452],[79.83412,28.80579],[79.88704,28.81801],[79.89355,28.81418],[79.89014,28.78251],[79.89572,28.7752],[79.93148,28.7822],[79.93479,28.7476],[79.972,28.73287],[80.00063,28.73732],[80.02802,28.75225],[80.05551,28.7791],[80.07305,28.82092],[80.08186,28.81935],[80.11421,28.80258],[80.16206,28.75328],[80.21643,28.74194],[80.23327,28.73272],[80.25704,28.70274],[80.29105,28.68967],[80.3297,28.62748],[80.34975,28.62022],[80.40835,28.62634],[80.48845,28.56244],[80.49341,28.57565],[80.48762,28.65647],[80.5176,28.68003],[80.55584,28.67895],[80.56359,28.64704],[80.63562,28.62787],[80.67862,28.57472],[80.72709,28.55968],[80.78166,28.51475],[80.79841,28.5057],[80.87225,28.49687],[80.88667,28.45279],[80.90527,28.44085],[80.94119,28.43268],[80.97602,28.43692],[80.9878,28.43098],[81.00041,28.397],[81.14634,28.37225],[81.1697,28.36132],[81.19037,28.33812],[81.22432,28.25078],[81.28236,28.19159],[81.29595,28.16746],[81.27678,28.15379],[81.29941,28.14252],[81.2962,28.12831],[81.30706,28.12381],[81.33812,28.13273],[81.35791,28.16598],[81.39604,28.16063],[81.43527,28.12978],[81.45821,28.07728],[81.47346,28.0664],[81.56192,28.02599],[81.61505,27.98124],[81.68895,27.9632],[81.75013,27.90967],[81.85565,27.85094],[81.8832,27.84905],[81.9464,27.90535],[81.9759,27.91695],[82.02722,27.91241],[82.05161,27.90517],[82.09037,27.87233],[82.15104,27.84828],[82.27041,27.76048],[82.34792,27.72601],[82.40193,27.67718],[82.44068,27.66643],[82.52616,27.67521],[82.65214,27.70415],[82.67969,27.69441],[82.69705,27.6694],[82.70925,27.63092],[82.72971,27.51817],[82.75214,27.49496],[82.87626,27.48755],[82.94716,27.45732],[83.01047,27.44339],[83.13279,27.44422],[83.16963,27.4312],[83.21924,27.39378],[83.24942,27.3481],[83.28244,27.33094],[83.32435,27.34169],[83.36275,27.38562],[83.37096,27.41021],[83.35582,27.42866],[83.35592,27.45249],[83.36099,27.4622],[83.38703,27.47047],[83.48098,27.46975],[83.59043,27.45662],[83.6634,27.43228],[83.85331,27.34608]]]]}},{"type":"Feature","properties":{"name":"Andhra Pradesh","code":"IN-AP","type":"State"},"geometry":{"type":"MultiPolygon","coordinates":[[[[80.05063,14.19611],[80.0735,14.20185],[80.1211,14.24201],[80.13559,14.22919],[80.12338,14.19351],[80.12582,14.1485],[80.14967,14.02774],[80.24928,13.80028],[80.24545,13.7556],[80.22096,13.69697],[80.2881,13.52709],[80.27776,13.51253],[80.24545,13.59174],[80.19728,13.64362],[80.1836,13.67918],[80.14186,13.72895],[80.13559,13.61909],[80.12127,13.62726],[80.11785,13.67451],[80.094,13.69477],[80.09132,13.65912],[80.05299,13.61909],[80.05649,13.59516],[80.10133,13.5371],[80.1194,13.50068],[80.21974,13.48778],[80.25922,13.466],[80.20227,13.44848],[80.15276,13.45941],[80.10253,13.45936],[80.09798,13.46918],[80.10863,13.51212],[80.08455,13.51305],[80.04796,13.53445],[80.03411,13.53414],[80.02946,13.51938],[80.05303,13.49726],[80.05416,13.48385],[80.0429,13.47179],[79.9998,13.45647],[79.96921,13.42714],[79.96011,13.40763],[79.96476,13.37846],[79.9567,13.36577],[79.8733,13.3172],[79.81635,13.29492],[79.75816,13.2933],[79.75599,13.27017],[79.7902,13.24193],[79.78493,13.22402],[79.77604,13.22082],[79.72085,13.22253],[79.69677,13.23581],[79.6885,13.28294],[79.68013,13.28914],[79.58205,13.2779],[79.54422,13.32353],[79.52221,13.33624],[79.49068,13.33988],[79.44955,13.33115],[79.42547,13.26816],[79.4266,13.23193],[79.4202,13.21999],[79.37865,13.19821],[79.31488,13.13199],[79.29473,13.13227],[79.27778,13.14798],[79.2508,13.14775],[79.16161,13.04492],[79.07758,13.03559],[79.01247,13.05559],[78.99883,13.08375],[78.96121,13.09323],[78.93082,13.087],[78.92245,13.05458],[78.90136,13.03781],[78.88369,13.04114],[78.86974,13.07509],[78.85868,13.08047],[78.72494,13.05778],[78.70365,13.02585],[78.66159,13.01365],[78.64474,12.992],[78.61053,12.84994],[78.57766,12.77049],[78.53364,12.73599],[78.50036,12.7448],[78.49064,12.68835],[78.44744,12.64352],[78.39855,12.63192],[78.35277,12.6415],[78.27443,12.69744],[78.22957,12.75989],[78.24869,12.79162],[78.24249,12.84989],[78.26037,12.85759],[78.2859,12.84338],[78.30078,12.85614],[78.326,12.86079],[78.33902,12.87007],[78.34192,12.90776],[78.35918,12.91725],[78.44,12.86746],[78.4678,12.86766],[78.46325,12.88994],[78.44858,12.91025],[78.41592,12.92686],[78.41189,12.9367],[78.45447,13.0005],[78.471,13.04812],[78.51152,13.07721],[78.52361,13.13871],[78.55658,13.18498],[78.56836,13.27482],[78.55358,13.3018],[78.53498,13.28338],[78.51617,13.27885],[78.45912,13.31572],[78.44155,13.3148],[78.41623,13.32756],[78.39473,13.31805],[78.38088,13.32275],[78.37313,13.34722],[78.35018,13.37611],[78.36135,13.41339],[78.3631,13.54083],[78.37468,13.57964],[78.36837,13.591],[78.32765,13.58775],[78.30419,13.59953],[78.27215,13.58615],[78.23174,13.58956],[78.1841,13.60155],[78.12674,13.65857],[78.10979,13.66253],[78.08395,13.65353],[78.06793,13.65927],[78.05614,13.69201],[78.06142,13.69805],[78.09945,13.69679],[78.10544,13.70857],[78.08219,13.75381],[78.09769,13.79608],[78.07971,13.85693],[78.03268,13.88473],[78.00209,13.86714],[77.96023,13.86884],[77.92065,13.83047],[77.90928,13.88057],[77.94039,13.91708],[77.93708,13.96326],[77.91414,13.95406],[77.89657,13.92564],[77.87879,13.91662],[77.84489,13.93401],[77.79156,13.94168],[77.77182,13.91778],[77.79094,13.88458],[77.78918,13.87032],[77.73492,13.82422],[77.69369,13.80761],[77.6693,13.76094],[77.64046,13.78172],[77.614,13.77944],[77.59323,13.76709],[77.59199,13.73942],[77.55116,13.73686],[77.49422,13.70237],[77.44874,13.69945],[77.44254,13.70196],[77.44068,13.74399],[77.42476,13.79745],[77.39862,13.82166],[77.38921,13.84324],[77.29206,13.84843],[77.25826,13.86688],[77.22085,13.86809],[77.19666,13.89187],[77.15615,13.87458],[77.15222,13.9036],[77.14354,13.9107],[77.13134,13.90042],[77.12401,13.87024],[77.09992,13.85866],[77.12587,13.83089],[77.1332,13.78482],[77.12773,13.76789],[77.10954,13.76146],[77.06375,13.76973],[77.04112,13.74399],[76.99378,13.77991],[76.97445,13.7505],[76.96278,13.7672],[76.95471,13.80738],[76.95812,13.83337],[77.00649,13.89832],[77.01021,13.91406],[76.9359,14.0109],[76.94086,14.06726],[76.87296,14.13735],[76.868,14.15381],[76.87544,14.16273],[76.90004,14.17056],[76.91668,14.18841],[76.94955,14.16983],[76.96743,14.17102],[76.99533,14.06638],[77.01972,14.05155],[77.08194,14.03385],[77.11233,14.00506],[77.18064,14.00682],[77.244,14.02222],[77.28927,14.01075],[77.33102,13.9391],[77.33236,13.90817],[77.38673,13.89037],[77.40078,13.90321],[77.38528,13.93365],[77.38611,13.9693],[77.35583,13.99318],[77.349,14.02129],[77.32792,14.05217],[77.36099,14.1064],[77.32792,14.12265],[77.37536,14.16758],[77.45122,14.17655],[77.46776,14.19244],[77.45422,14.23939],[77.46104,14.29014],[77.41742,14.29988],[77.4105,14.31923],[77.38239,14.33543],[77.36358,14.32851],[77.35758,14.31316],[77.38797,14.25277],[77.37898,14.23838],[77.35386,14.24598],[77.32709,14.28104],[77.26798,14.30148],[77.25681,14.33396],[77.18509,14.32646],[77.13289,14.34401],[77.11129,14.32962],[77.08287,14.28874],[77.08246,14.25146],[77.07274,14.23259],[77.04546,14.23166],[76.9082,14.25786],[76.90583,14.26825],[76.92185,14.30471],[76.8681,14.33807],[76.85818,14.38256],[76.87368,14.40692],[76.908,14.41041],[76.93094,14.4494],[76.9296,14.46651],[76.911,14.48674],[76.86903,14.48953],[76.82563,14.48126],[76.79131,14.54167],[76.75638,14.55893],[76.74057,14.61293],[76.74387,14.66789],[76.76527,14.7191],[76.76186,14.76367],[76.76465,14.77295],[76.79968,14.79483],[76.82222,14.92098],[76.81012,14.94842],[76.71948,14.98588],[76.74336,15.01839],[76.74553,15.06389],[76.76434,15.09412],[76.86335,15.04097],[76.948,15.02164],[76.99347,15.03355],[77.03419,15.00521],[77.05693,15.0143],[77.08721,15.0459],[77.13072,15.14163],[77.13227,15.17481],[77.10489,15.30821],[77.08525,15.328],[77.02592,15.35149],[77.01445,15.41725],[76.96743,15.506],[76.97239,15.52218],[77.00091,15.50389],[77.00804,15.51184],[77.00918,15.56933],[76.99967,15.61378],[77.01052,15.64463],[77.03853,15.66248],[77.07688,15.65382],[77.08494,15.66729],[77.05166,15.73702],[77.03109,15.74876],[77.02768,15.76092],[77.03409,15.87373],[77.07357,15.92102],[77.14375,15.96071],[77.22643,15.97639],[77.26364,15.9621],[77.42879,15.9559],[77.4922,15.9383],[77.56324,15.93232],[77.66057,15.89558],[77.74903,15.89757],[77.79485,15.88927],[77.84986,15.89387],[77.8956,15.918],[78.10035,15.82966],[78.12395,15.84992],[78.14137,15.88813],[78.18507,15.90872],[78.23528,15.95047],[78.23691,15.96959],[78.25595,16.00568],[78.2444,16.03852],[78.29982,16.02281],[78.31634,16.02794],[78.34156,16.05943],[78.35353,16.05268],[78.37884,16.07587],[78.39999,16.08344],[78.49977,16.09378],[78.55966,16.05671],[78.6456,16.0716],[78.68417,16.04633],[78.73406,16.0303],[78.79111,16.03453],[78.83945,16.06672],[78.8458,16.08548],[78.83912,16.12482],[78.84693,16.15074],[78.88185,16.13829],[78.89772,16.14277],[78.92286,16.18976],[79.02166,16.24714],[79.16057,16.21935],[79.18409,16.22102],[79.21005,16.2366],[79.23341,16.33051],[79.20826,16.3887],[79.2199,16.47333],[79.21347,16.49323],[79.24781,16.55402],[79.26564,16.56961],[79.33798,16.58523],[79.41774,16.5902],[79.47706,16.63178],[79.50432,16.64187],[79.55055,16.62971],[79.58497,16.64855],[79.59433,16.66914],[79.6347,16.66914],[79.6797,16.68903],[79.72088,16.68903],[79.75196,16.72374],[79.77166,16.72712],[79.81259,16.71149],[79.82626,16.69208],[79.8615,16.70661],[79.88234,16.70323],[79.90968,16.63129],[79.9581,16.63044],[80.04298,16.73855],[80.05299,16.78522],[80.07333,16.82286],[80.00243,16.871],[80.0127,16.90215],[80.07764,16.97256],[80.15313,17.02314],[80.22045,17.03325],[80.25411,17.0236],[80.28056,16.99739],[80.32912,16.88976],[80.35099,16.86214],[80.39314,16.83852],[80.44814,16.82278],[80.50615,16.79249],[80.56056,16.78359],[80.59791,16.79328],[80.59654,16.81366],[80.56975,16.83798],[80.56563,16.86165],[80.59516,16.907],[80.58623,16.93394],[80.55945,16.94905],[80.52579,16.95233],[80.47428,16.93656],[80.38431,16.97598],[80.37744,16.99306],[80.38637,17.01933],[80.38431,17.06202],[80.39736,17.07908],[80.442,17.03247],[80.46742,17.03575],[80.4942,17.05939],[80.50176,17.10797],[80.59094,17.13979],[80.6416,17.1169],[80.6697,17.07992],[80.82952,17.04602],[80.85577,17.05307],[80.87788,17.08212],[80.89308,17.15563],[80.93079,17.19252],[80.99048,17.21818],[81.05913,17.22246],[81.14419,17.24954],[81.21433,17.32364],[81.40834,17.37064],[81.46953,17.42049],[81.52922,17.58843],[81.53525,17.63769],[81.57389,17.70453],[81.62859,17.76342],[81.77578,17.83321],[81.78657,17.86312],[81.7786,17.89437],[81.75897,17.90893],[81.82522,17.93795],[81.92361,18.00022],[81.99544,18.00999],[82.04236,18.04327],[82.09218,18.04988],[82.13187,18.03885],[82.18106,17.99991],[82.24008,17.99293],[82.25041,17.99743],[82.27697,18.04045],[82.32989,18.04404],[82.33806,18.06631],[82.3303,18.11202],[82.36028,18.13941],[82.35283,18.1553],[82.31263,18.18698],[82.31129,18.2055],[82.36079,18.29162],[82.35097,18.32304],[82.3671,18.3666],[82.36989,18.41898],[82.40937,18.46655],[82.4382,18.51926],[82.5027,18.51063],[82.51251,18.46208],[82.51127,18.42221],[82.52864,18.39696],[82.58486,18.34839],[82.59737,18.32521],[82.58248,18.28186],[82.58238,18.25106],[82.59354,18.24005],[82.64243,18.22948],[82.66971,18.2893],[82.77162,18.34444],[82.78588,18.36989],[82.77968,18.41673],[82.79539,18.42934],[82.81606,18.4321],[82.84924,18.4143],[82.87838,18.40908],[82.88768,18.39606],[82.8883,18.3625],[82.90412,18.35534],[82.95197,18.35816],[83.0392,18.39035],[83.04385,18.41704],[83.02969,18.45037],[83.033,18.4619],[83.08354,18.52533],[83.0761,18.54417],[83.04757,18.54331],[83.02163,18.5877],[83.02814,18.64085],[83.06504,18.67638],[83.12653,18.75816],[83.15041,18.76635],[83.20167,18.74162],[83.25676,18.76534],[83.32921,18.82224],[83.39205,18.85332],[83.39422,18.86942],[83.38058,18.87869],[83.37479,18.89505],[83.3473,18.90471],[83.32683,18.9297],[83.29955,18.97652],[83.29986,18.99158],[83.3414,19.00458],[83.39143,18.98577],[83.42367,18.96435],[83.44962,18.96846],[83.45551,18.98685],[83.4491,19.00086],[83.46574,19.01868],[83.45613,19.06108],[83.46419,19.07346],[83.49013,19.05155],[83.50315,19.00879],[83.51834,19.01],[83.53964,19.05165],[83.58118,19.08041],[83.59844,19.1272],[83.61281,19.12979],[83.6464,19.0761],[83.70149,19.01189],[83.72577,18.94399],[83.73807,18.92928],[83.75192,18.94817],[83.74469,18.9806],[83.74954,19.00111],[83.77187,19.00969],[83.80184,18.99995],[83.82592,18.92047],[83.85424,18.86004],[83.89713,18.80836],[83.9978,18.80699],[84.07139,18.81787],[84.16213,18.78531],[84.33607,18.8165],[84.36884,18.84939],[84.39137,18.90094],[84.42723,18.9044],[84.46723,18.95362],[84.4633,18.97962],[84.47436,19.00111],[84.46971,19.03065],[84.52521,19.03297],[84.56696,19.06633],[84.64148,19.10054],[84.6697,19.09015],[84.68706,19.11196],[84.68551,19.15756],[84.76302,19.15638],[84.77776,19.1162],[84.73878,19.14765],[84.71998,19.10163],[84.74049,19.07368],[84.761,19.10163],[84.77524,19.10049],[84.77833,19.09101],[84.67954,18.9457],[84.66505,18.93012],[84.63087,18.91572],[84.54786,18.79609],[84.54184,18.77578],[84.44825,18.68065],[84.42368,18.63646],[84.37045,18.6013],[84.33286,18.5537],[84.28175,18.52558],[84.24692,18.52558],[84.23764,18.51093],[84.24936,18.50165],[84.27101,18.50019],[84.34995,18.55292],[84.14389,18.37482],[84.11313,18.29828],[84.0774,18.27155],[83.77516,18.13959],[83.61394,18.04515],[83.58229,18.01911],[83.55665,17.97346],[83.52613,17.94253],[83.47291,17.90249],[83.46559,17.90249],[83.45192,17.92292],[83.45297,17.86848],[83.43116,17.85423],[83.41774,17.80622],[83.40235,17.78449],[83.34132,17.71743],[83.2986,17.69013],[83.26824,17.71748],[83.24692,17.71625],[83.24204,17.70653],[83.24928,17.69538],[83.29249,17.67748],[83.29908,17.66429],[83.24692,17.63422],[83.2129,17.63491],[83.23894,17.59296],[83.08823,17.53071],[82.89682,17.40933],[82.88331,17.42206],[82.83766,17.39277],[82.7964,17.38304],[82.75815,17.3592],[82.71852,17.34862],[82.47486,17.20596],[82.42286,17.13996],[82.38771,17.12694],[82.37037,17.11009],[82.29933,17.03034],[82.29168,16.99844],[82.2527,16.92918],[82.25514,16.88532],[82.26791,16.8675],[82.31422,16.84662],[82.33465,16.85407],[82.35206,16.8454],[82.36248,16.85908],[82.34889,16.95649],[82.36655,16.90864],[82.36557,16.81159],[82.33814,16.67841],[82.31422,16.62816],[82.31284,16.60814],[82.29933,16.61009],[82.29379,16.62564],[82.28094,16.62084],[82.30738,16.57978],[82.25904,16.5655],[82.20346,16.51268],[82.06861,16.44428],[82.03736,16.44766],[81.99269,16.40843],[81.95623,16.40717],[81.94077,16.38837],[81.86166,16.37539],[81.76295,16.32258],[81.7116,16.3122],[81.65626,16.33735],[81.6364,16.33271],[81.58497,16.34211],[81.56813,16.34638],[81.5739,16.35834],[81.55698,16.37303],[81.54021,16.37368],[81.54908,16.35236],[81.49586,16.36066],[81.41668,16.34016],[81.42823,16.36567],[81.41139,16.38251],[81.37574,16.3675],[81.35963,16.37434],[81.31739,16.3675],[81.25961,16.33271],[81.24855,16.32014],[81.25961,16.28864],[81.25416,16.27131],[81.23032,16.2436],[81.19028,16.13886],[81.18002,16.08674],[81.15602,16.03852],[81.14975,15.96963],[81.1351,15.9665],[81.08823,15.92121],[81.02687,15.88084],[80.99887,15.84675],[81.01922,15.79238],[81.01254,15.77782],[80.91,15.85269],[80.90268,15.89082],[80.90895,15.98347],[80.8965,16.03107],[80.8965,16.01056],[80.88901,16.00373],[80.87534,16.0174],[80.89129,15.97826],[80.89576,15.93602],[80.89015,15.89525],[80.83025,15.74763],[80.80714,15.71638],[80.80274,15.84243],[80.77613,15.88426],[80.7601,15.89297],[80.67018,15.9077],[80.66285,15.88935],[80.61842,15.88768],[80.57114,15.86872],[80.55388,15.88084],[80.52589,15.85692],[80.46909,15.83466],[80.43629,15.8083],[80.39332,15.79702],[80.35963,15.77582],[80.27963,15.70067],[80.20134,15.5183],[80.1976,15.50308],[80.21119,15.49665],[80.18385,15.4523],[80.1268,15.38813],[80.09059,15.30488],[80.08237,15.20409],[80.05299,15.0926],[80.05454,15.01415],[80.07342,14.94204],[80.10816,14.71434],[80.11695,14.69815],[80.15984,14.66266],[80.17848,14.60578],[80.16969,14.58584],[80.14186,14.57123],[80.14918,14.56501],[80.1902,14.57123],[80.19695,14.56501],[80.17596,14.46874],[80.17498,14.34455],[80.12818,14.25654],[80.08717,14.25031],[80.05502,14.22158],[80.04664,14.20661],[80.05063,14.19611]],[[82.21744,16.72296],[82.21372,16.73244],[82.22178,16.7503],[82.17765,16.71859],[82.26064,16.69032],[82.28514,16.69787],[82.26653,16.70309],[82.29506,16.70963],[82.30105,16.73329],[82.29124,16.74208],[82.27263,16.72195],[82.21744,16.72296]]],[[[80.87916,15.84007],[80.88836,15.84675],[80.93727,15.81892],[80.98316,15.78075],[80.98487,15.76179],[80.94264,15.74103],[80.91798,15.75511],[80.8685,15.81196],[80.87916,15.84007]]]]}},{"type":"Feature","properties":{"name":"Odisha","code":"IN-OR","type":"State"},"geometry":{"type":"MultiPolygon","coordinates":[[[[84.77418,19.13997],[84.75465,19.15966],[84.68551,19.15756],[84.68706,19.11196],[84.6697,19.09015],[84.64148,19.10054],[84.56696,19.06633],[84.52521,19.03297],[84.46971,19.03065],[84.47436,19.00111],[84.4633,18.97962],[84.46723,18.95362],[84.42723,18.9044],[84.39137,18.90094],[84.36884,18.84939],[84.33607,18.8165],[84.16213,18.78531],[84.07139,18.81787],[83.9978,18.80699],[83.89713,18.80836],[83.85424,18.86004],[83.82592,18.92047],[83.80184,18.99995],[83.77187,19.00969],[83.74954,19.00111],[83.74469,18.9806],[83.75192,18.94817],[83.73807,18.92928],[83.72577,18.94399],[83.70149,19.01189],[83.6464,19.0761],[83.61281,19.12979],[83.60475,19.13134],[83.58118,19.08041],[83.53964,19.05165],[83.51834,19.01],[83.50315,19.00879],[83.48424,19.06093],[83.46419,19.07346],[83.45799,19.0694],[83.46574,19.01868],[83.449,19.00049],[83.45468,18.9769],[83.43546,18.96189],[83.3414,19.00458],[83.29986,18.99158],[83.29955,18.97652],[83.32683,18.9297],[83.3473,18.90471],[83.37479,18.89505],[83.38058,18.87869],[83.39422,18.86942],[83.39205,18.85332],[83.32921,18.82224],[83.25676,18.76534],[83.20167,18.74162],[83.15041,18.76635],[83.12653,18.75816],[83.06504,18.67638],[83.02814,18.64085],[83.02163,18.5877],[83.04757,18.54331],[83.0761,18.54417],[83.08354,18.52533],[83.033,18.4619],[83.02969,18.45037],[83.04385,18.41704],[83.0392,18.39035],[83.03,18.38195],[82.99879,18.37916],[82.95197,18.35816],[82.90412,18.35534],[82.8883,18.3625],[82.88768,18.39606],[82.87838,18.40908],[82.84924,18.4143],[82.81606,18.4321],[82.79539,18.42934],[82.77968,18.41673],[82.78588,18.36989],[82.77162,18.34444],[82.66971,18.2893],[82.65204,18.24026],[82.63571,18.22886],[82.59354,18.24005],[82.58238,18.25106],[82.58248,18.28186],[82.59737,18.32521],[82.58486,18.34839],[82.52864,18.39696],[82.51127,18.42221],[82.51251,18.46208],[82.5027,18.51063],[82.4382,18.51926],[82.40937,18.46655],[82.36989,18.41898],[82.3671,18.3666],[82.35097,18.32304],[82.36079,18.29162],[82.31129,18.2055],[82.31263,18.18698],[82.35283,18.1553],[82.36028,18.13941],[82.3303,18.11202],[82.33806,18.06631],[82.32989,18.04404],[82.27697,18.04045],[82.25041,17.99743],[82.24008,17.99293],[82.18106,17.99991],[82.13187,18.03885],[82.09218,18.04988],[82.04236,18.04327],[81.99544,18.00999],[81.92361,18.00022],[81.82522,17.93795],[81.73944,17.89764],[81.7044,17.86103],[81.65582,17.85088],[81.57841,17.79695],[81.51123,17.82628],[81.50276,17.82421],[81.47981,17.78752],[81.39403,17.80669],[81.39734,17.88315],[81.40829,17.88896],[81.42969,17.87733],[81.44416,17.87974],[81.45315,17.925],[81.47444,17.96002],[81.48291,18.05143],[81.50627,18.08559],[81.52487,18.16029],[81.51382,18.20083],[81.54255,18.26245],[81.55371,18.26982],[81.5934,18.27224],[81.64383,18.29237],[81.67556,18.32976],[81.73313,18.34958],[81.79235,18.43844],[81.84372,18.47771],[81.88961,18.52688],[81.94707,18.5676],[81.9419,18.59398],[81.90842,18.61594],[81.90335,18.63408],[81.94087,18.65098],[81.98955,18.7002],[82.06985,18.71976],[82.09869,18.77061],[82.13889,18.74725],[82.1545,18.79144],[82.16618,18.87384],[82.18468,18.89766],[82.22003,18.9152],[82.22788,18.93396],[82.22499,19.0152],[82.2006,19.05811],[82.19501,19.09263],[82.15967,19.12284],[82.16866,19.16625],[82.14572,19.22531],[82.1482,19.25815],[82.17176,19.31686],[82.13528,19.35577],[82.16866,19.3866],[82.16752,19.40522],[82.15099,19.42473],[82.10644,19.44021],[82.08102,19.48881],[82.03812,19.50248],[82.02903,19.51785],[82.0406,19.63736],[82.02727,19.69559],[82.03616,19.76709],[82.02014,19.78197],[81.96009,19.79634],[81.9294,19.84925],[81.83318,19.9038],[81.81375,19.93509],[81.81933,19.96571],[81.8678,20.04666],[81.89756,20.0619],[81.9449,20.10557],[81.96061,20.09761],[82.00929,20.04449],[82.0219,20.01167],[82.04608,20.01787],[82.06593,20.05369],[82.08133,20.05787],[82.14882,20.0057],[82.16473,19.97943],[82.20359,19.98033],[82.21786,19.97299],[82.29031,19.83605],[82.30488,19.82331],[82.31346,19.82615],[82.34146,19.87163],[82.3611,19.8839],[82.47593,19.87238],[82.52616,19.85034],[82.57907,19.84316],[82.57525,19.76807],[82.59272,19.7691],[82.63933,19.8051],[82.68232,19.82267],[82.70785,19.84321],[82.71333,19.85553],[82.68449,19.8954],[82.70093,19.96878],[82.69504,20.00054],[82.65338,20.00503],[82.61122,19.98813],[82.56584,20.02227],[82.49587,20.02304],[82.41557,20.06697],[82.4134,20.09335],[82.43583,20.17373],[82.42714,20.29398],[82.41164,20.3268],[82.42032,20.45162],[82.41753,20.4625],[82.40193,20.4533],[82.39128,20.45816],[82.38095,20.50097],[82.37268,20.50686],[82.35904,20.49978],[82.34012,20.54249],[82.36761,20.66926],[82.34415,20.74793],[82.34322,20.86684],[82.35986,20.8824],[82.3949,20.87521],[82.40482,20.86909],[82.40513,20.84405],[82.41588,20.83382],[82.46301,20.85539],[82.51458,20.92374],[82.54817,20.93937],[82.56212,20.95446],[82.60688,21.02414],[82.62724,21.08094],[82.64408,21.10429],[82.64274,21.14036],[82.65669,21.15261],[82.7526,21.16008],[82.79043,21.14502],[82.82226,21.15786],[82.96458,21.17853],[83.00892,21.15091],[83.0392,21.14153],[83.06938,21.11677],[83.14359,21.12062],[83.17397,21.14005],[83.19826,21.17256],[83.2272,21.24963],[83.25707,21.29033],[83.26048,21.33278],[83.27939,21.3588],[83.3011,21.3587],[83.36104,21.33676],[83.37975,21.33919],[83.38833,21.35777],[83.38492,21.38944],[83.33458,21.44422],[83.32766,21.49915],[83.35195,21.57726],[83.45892,21.74803],[83.46688,21.79999],[83.48641,21.80846],[83.51121,21.79624],[83.52217,21.83027],[83.5571,21.83492],[83.56485,21.85358],[83.55958,21.8751],[83.57064,21.92306],[83.52124,21.95636],[83.51287,21.97305],[83.52217,22.02837],[83.57105,22.05837],[83.57002,22.07418],[83.54625,22.10162],[83.54873,22.11294],[83.62366,22.21327],[83.72164,22.25505],[83.84142,22.34858],[83.93186,22.36546],[83.95573,22.37871],[83.98912,22.41711],[83.99646,22.44054],[83.99056,22.48325],[83.96814,22.52255],[83.9702,22.53935],[84.00741,22.53152],[84.06704,22.49958],[84.14776,22.38677],[84.17856,22.36437],[84.23086,22.35734],[84.31096,22.32401],[84.42082,22.33099],[84.4973,22.3722],[84.50505,22.41057],[84.51673,22.42142],[84.73367,22.42729],[84.76891,22.44558],[84.80085,22.45018],[84.90834,22.42196],[84.9441,22.44524],[84.98802,22.45222],[85.06554,22.5032],[85.10037,22.39396],[85.10471,22.33083],[85.09334,22.29022],[85.04001,22.21637],[84.98626,22.10666],[85.05034,22.1209],[85.09789,22.11346],[85.18708,22.05961],[85.22015,22.02915],[85.32413,22.12669],[85.41001,22.16201],[85.44856,22.16252],[85.55068,22.10759],[85.67914,22.07586],[85.74642,22.10116],[85.79221,22.12909],[85.80058,22.10622],[85.77908,22.07194],[85.78064,22.0222],[85.78467,22.01189],[85.83428,21.98613],[85.87748,21.9961],[85.91623,22.02212],[85.97411,22.10459],[85.97256,22.13351],[85.98827,22.18754],[85.9646,22.24487],[85.96522,22.26319],[85.98992,22.30078],[85.99323,22.3352],[85.98248,22.41083],[85.94062,22.46814],[85.93784,22.49917],[85.99768,22.51914],[86.02062,22.54793],[86.04997,22.55581],[86.10248,22.50013],[86.28954,22.40905],[86.33275,22.35667],[86.36603,22.33006],[86.40158,22.32001],[86.49718,22.33468],[86.60219,22.27285],[86.64663,22.23487],[86.68652,22.21802],[86.70461,22.1887],[86.76672,22.16772],[86.8339,22.12175],[86.89271,22.11658],[86.97126,22.07953],[87.00092,22.04522],[87.00557,22.00483],[86.99369,21.97248],[86.99586,21.95703],[87.03141,21.90799],[87.04784,21.90218],[87.05921,21.90719],[87.06914,21.92758],[87.09415,21.9422],[87.12081,21.97693],[87.15544,21.9721],[87.2068,21.94143],[87.22561,21.86358],[87.25197,21.8221],[87.40855,21.78614],[87.42446,21.77474],[87.43159,21.76159],[87.43087,21.68932],[87.47739,21.61359],[87.34181,21.5624],[87.29347,21.55366],[87.25611,21.562],[87.20094,21.55199],[87.11305,21.50796],[87.06373,21.475],[86.91765,21.32738],[86.86695,21.25605],[86.83725,21.17471],[86.844,21.08222],[86.95216,20.84911],[86.96567,20.80598],[86.95387,20.78058],[86.91652,20.78807],[86.87875,20.78058],[86.88933,20.76447],[86.91066,20.75642],[86.98658,20.75186],[87.00001,20.72822],[86.99871,20.71113],[86.98862,20.70425],[86.96119,20.71284],[86.9402,20.69798],[86.9865,20.68439],[86.99488,20.67072],[87.04322,20.69798],[87.00359,20.65705],[86.97625,20.63788],[86.92319,20.62173],[86.75148,20.48916],[86.72462,20.43195],[86.72047,20.36848],[86.76979,20.4007],[86.78875,20.39012],[86.79615,20.43732],[86.80982,20.41511],[86.76832,20.34345],[86.6937,20.29393],[86.70167,20.28465],[86.75465,20.31444],[86.62818,20.23526],[86.51148,20.19746],[86.49513,20.18407],[86.46713,20.09467],[86.41505,20.03632],[86.39145,20.02021],[86.40414,20.00263],[86.42628,19.99917],[86.39723,19.98286],[86.3484,20.00886],[86.2754,20.06737],[86.20916,20.06664],[86.17302,20.1022],[86.1631,20.13483],[86.15252,20.14313],[86.14503,20.12202],[86.15431,20.08999],[86.16774,20.07294],[86.23024,20.0353],[86.28907,20.02644],[86.29591,20.00658],[86.31495,19.98688],[86.37241,19.96499],[86.26856,19.91035],[86.08904,19.84422],[86.05665,19.85688],[86.03207,19.8415],[85.84636,19.79584],[85.78883,19.76569],[85.73439,19.76362],[85.62428,19.71857],[85.63795,19.73164],[85.61427,19.72793],[85.54916,19.69062],[85.4568,19.66332],[85.44988,19.66669],[85.44679,19.69062],[85.43043,19.69172],[85.42701,19.70409],[85.52198,19.73908],[85.51498,19.71113],[85.57651,19.74584],[85.56324,19.7569],[85.57032,19.77318],[85.57032,19.87564],[85.47682,19.90103],[85.44012,19.89623],[85.31959,19.79365],[85.26808,19.78002],[85.22096,19.73603],[85.20338,19.70726],[85.20655,19.68378],[85.18995,19.67097],[85.17514,19.63691],[85.14015,19.59658],[85.13933,19.57978],[85.15138,19.56029],[85.1229,19.54902],[85.10288,19.52961],[85.10874,19.50678],[85.12403,19.51936],[85.12875,19.50951],[85.12403,19.47834],[85.15138,19.49885],[85.18556,19.50568],[85.20289,19.51716],[85.19923,19.5541],[85.21453,19.54727],[85.23325,19.5541],[85.19304,19.57392],[85.19304,19.5808],[85.2129,19.58112],[85.24757,19.60871],[85.23325,19.63255],[85.24757,19.65648],[85.30909,19.64224],[85.3506,19.67764],[85.38307,19.67609],[85.39145,19.69062],[85.40317,19.67129],[85.40528,19.64594],[85.38461,19.63597],[85.37794,19.61494],[85.33676,19.5961],[85.32643,19.6188],[85.31837,19.61953],[85.30909,19.59504],[85.28842,19.60126],[85.3025,19.58666],[85.30291,19.57392],[85.33058,19.5764],[85.57651,19.69062],[85.33668,19.57518],[85.28541,19.53628],[85.24057,19.51805],[85.18043,19.475],[85.06951,19.37214],[84.99586,19.32331],[84.87208,19.21988],[84.79103,19.12059],[84.77776,19.1162],[84.77418,19.13997]]]]}},{"type":"Feature","properties":{"name":"Dadra and Nagar Haveli and Daman and Diu","code":"IN-DH","type":"Union Territory"},"geometry":{"type":"MultiPolygon","coordinates":[[[[70.97156,20.71571],[70.982,20.73808],[71.00595,20.73656],[71.00082,20.72215],[70.98243,20.71015],[70.97156,20.71571]]],[[[72.847,20.46831],[72.86378,20.46202],[72.87957,20.43947],[72.88183,20.3921],[72.86604,20.38083],[72.81811,20.37877],[72.82944,20.43793],[72.847,20.46831]]],[[[73.07133,20.33563],[73.07412,20.29173],[73.11702,20.28716],[73.12322,20.27814],[73.11216,20.25491],[73.03743,20.21205],[73.03392,20.19241],[73.04178,20.15774],[73.05366,20.14221],[73.08611,20.13924],[73.10224,20.14681],[73.11402,20.18166],[73.15474,20.17784],[73.17004,20.16453],[73.1659,20.06257],[73.15329,20.03289],[73.14285,20.02661],[73.10306,20.05624],[73.06379,20.041],[73.0394,20.05934],[72.99723,20.03981],[72.94721,20.1274],[72.93542,20.19187],[72.88871,20.23306],[72.89553,20.25592],[72.94287,20.25354],[72.96819,20.29809],[72.99764,20.29359],[73.05728,20.33475],[73.07133,20.33563]]]]}},{"type":"Feature","properties":{"name":"Maharashtra","code":"IN-MH","type":"State"},"geometry":{"type":"MultiPolygon","coordinates":[[[[72.64918,19.852],[72.66424,19.88158],[72.66521,19.95295],[72.68434,19.96402],[72.70777,20.01276],[72.7081,20.07264],[72.73203,20.0757],[72.77688,20.10149],[72.80582,20.09255],[72.83083,20.10404],[72.87259,20.1018],[72.94721,20.1274],[72.99723,20.03981],[73.0394,20.05934],[73.06379,20.041],[73.10306,20.05624],[73.14285,20.02661],[73.15329,20.03289],[73.1659,20.06257],[73.16632,20.11487],[73.19298,20.11102],[73.23101,20.12572],[73.24331,20.13864],[73.24497,20.16678],[73.2554,20.18636],[73.27184,20.19342],[73.37788,20.18032],[73.38387,20.19419],[73.37788,20.21864],[73.3941,20.27039],[73.38325,20.34871],[73.36072,20.36938],[73.44206,20.49554],[73.4587,20.53802],[73.4464,20.58407],[73.41395,20.59598],[73.40682,20.63032],[73.3724,20.63861],[73.36413,20.64846],[73.37168,20.65949],[73.40423,20.66985],[73.434,20.71628],[73.45353,20.71721],[73.48102,20.67372],[73.58603,20.61541],[73.63791,20.56055],[73.71284,20.56647],[73.80049,20.61541],[73.81031,20.63931],[73.81103,20.6769],[73.88916,20.74065],[73.90901,20.77571],[73.90291,20.88387],[73.875,20.96278],[73.78984,21.05848],[73.7423,21.07311],[73.70509,21.11871],[73.63399,21.11938],[73.5974,21.1399],[73.55988,21.17419],[73.55348,21.19548],[73.57694,21.1946],[73.63202,21.16592],[73.66262,21.17248],[73.6961,21.16468],[73.72339,21.18628],[73.7669,21.2038],[73.80007,21.28095],[73.80845,21.28588],[73.84131,21.26581],[73.91862,21.29157],[73.96017,21.39438],[74.04223,21.46179],[74.0535,21.46572],[74.10869,21.45156],[74.24056,21.48613],[74.29152,21.51386],[74.30082,21.53698],[74.28542,21.5731],[74.19158,21.54551],[74.14651,21.5707],[74.109,21.55261],[74.03789,21.55933],[73.99593,21.55532],[73.82085,21.50833],[73.7516,21.61103],[73.76204,21.62377],[73.81093,21.63473],[73.8286,21.65093],[73.83914,21.68219],[73.83718,21.69759],[73.80752,21.72451],[73.79759,21.81342],[73.80938,21.83647],[73.8995,21.86983],[73.9427,21.87461],[73.97464,21.90117],[74.06104,21.94032],[74.12884,21.95176],[74.20491,21.92507],[74.26775,21.93592],[74.28439,21.94494],[74.28997,21.96602],[74.35198,21.98651],[74.39177,22.0217],[74.40769,22.02305],[74.48561,21.94597],[74.49419,21.91701],[74.4882,21.80508],[74.5069,21.76374],[74.51249,21.72692],[74.60819,21.65891],[74.6609,21.64529],[74.70813,21.61116],[74.86471,21.61612],[74.90368,21.60899],[74.95608,21.57793],[75.01147,21.57349],[75.0677,21.53473],[75.14046,21.42913],[75.2095,21.40288],[75.31192,21.38146],[75.53475,21.3718],[75.62518,21.38546],[75.70652,21.37815],[75.81401,21.38337],[75.87778,21.39978],[75.9523,21.39092],[76.03963,21.3657],[76.08293,21.36808],[76.10805,21.33242],[76.13048,21.28012],[76.14288,21.19312],[76.1312,21.17628],[76.10619,21.17222],[76.10856,21.15313],[76.14391,21.10688],[76.16686,21.09432],[76.1868,21.08582],[76.28664,21.07481],[76.41035,21.09672],[76.43661,21.10781],[76.49831,21.18036],[76.52363,21.19158],[76.62595,21.20884],[76.65396,21.25131],[76.65334,21.29382],[76.63556,21.33146],[76.63711,21.34921],[76.72041,21.40345],[76.74946,21.45303],[76.77705,21.48011],[76.79369,21.577],[76.81405,21.60013],[76.84361,21.61336],[76.9174,21.61809],[77.02882,21.69359],[77.11553,21.72405],[77.17889,21.72617],[77.2039,21.7034],[77.21899,21.70085],[77.23707,21.70966],[77.25113,21.73121],[77.28555,21.74069],[77.31645,21.76981],[77.33298,21.77446],[77.47406,21.7673],[77.49329,21.75477],[77.50372,21.73289],[77.54837,21.70744],[77.56202,21.6262],[77.5614,21.58354],[77.57494,21.54832],[77.55519,21.54248],[77.4568,21.5485],[77.44399,21.54714],[77.432,21.53422],[77.4322,21.50086],[77.48181,21.42389],[77.49018,21.39293],[77.51954,21.41766],[77.53928,21.41239],[77.56842,21.38642],[77.63808,21.39877],[77.67622,21.3951],[77.70299,21.37792],[77.79446,21.42456],[77.89088,21.3974],[78.02917,21.43768],[78.1255,21.48468],[78.19268,21.55111],[78.31019,21.58633],[78.33323,21.61457],[78.35804,21.6248],[78.3938,21.6223],[78.41333,21.6063],[78.42791,21.50848],[78.45509,21.50936],[78.48568,21.52683],[78.51369,21.52659],[78.56123,21.4961],[78.62665,21.47941],[78.696,21.47476],[78.91759,21.51391],[78.93227,21.53468],[78.92193,21.57228],[78.93206,21.5823],[78.99614,21.60344],[79.08151,21.61287],[79.21576,21.65457],[79.22734,21.66392],[79.24005,21.71276],[79.25866,21.71426],[79.33193,21.69028],[79.41306,21.68981],[79.47094,21.67198],[79.48634,21.66348],[79.49833,21.63966],[79.53306,21.61928],[79.55156,21.55003],[79.5652,21.53882],[79.60013,21.54737],[79.66028,21.58519],[79.70483,21.58403],[79.75878,21.59408],[79.81314,21.57977],[79.84973,21.52941],[79.89645,21.53251],[79.93355,21.55452],[79.96528,21.56259],[79.97789,21.56197],[79.98471,21.54832],[80.00528,21.54832],[80.08031,21.57158],[80.08868,21.59178],[80.16413,21.62119],[80.18666,21.63948],[80.24805,21.5968],[80.31017,21.58023],[80.3236,21.54114],[80.33745,21.52553],[80.40267,21.48021],[80.41755,21.44683],[80.39533,21.41487],[80.40267,21.39433],[80.48442,21.40182],[80.6256,21.32648],[80.67903,21.35115],[80.67841,21.30198],[80.63738,21.2517],[80.5485,21.20666],[80.48452,21.1677],[80.4652,21.14796],[80.43626,21.02469],[80.44101,20.97882],[80.46334,20.94221],[80.49124,20.93017],[80.53393,20.93751],[80.54757,20.92728],[80.5547,20.90785],[80.55677,20.78082],[80.57103,20.68238],[80.55894,20.66719],[80.50912,20.64132],[80.49486,20.60117],[80.51501,20.58885],[80.57144,20.61608],[80.61465,20.60618],[80.62374,20.59618],[80.6225,20.5341],[80.6349,20.51234],[80.61444,20.46431],[80.61154,20.40124],[80.62643,20.34261],[80.6224,20.32589],[80.5856,20.31072],[80.53424,20.26938],[80.44112,20.25331],[80.42437,20.23409],[80.42406,20.19722],[80.41414,20.16518],[80.41817,20.14887],[80.53062,20.13487],[80.55718,20.04834],[80.53114,19.9207],[80.50954,19.91953],[80.46024,19.94103],[80.44484,19.93121],[80.42665,19.9014],[80.42747,19.88824],[80.4807,19.87114],[80.48608,19.85499],[80.47181,19.83016],[80.41817,19.80587],[80.40897,19.792],[80.43161,19.77329],[80.47884,19.76647],[80.48732,19.77112],[80.48762,19.79326],[80.50075,19.81091],[80.51842,19.81631],[80.53775,19.81091],[80.57454,19.72877],[80.66767,19.689],[80.68503,19.62224],[80.70136,19.59751],[80.7612,19.58007],[80.80636,19.55136],[80.8381,19.54312],[80.8782,19.50713],[80.89701,19.4686],[80.88894,19.43881],[80.86941,19.41936],[80.80574,19.40334],[80.80544,19.38613],[80.8322,19.34541],[80.83096,19.33425],[80.7612,19.29846],[80.72048,19.26156],[80.67996,19.32153],[80.61744,19.31856],[80.57599,19.39197],[80.55346,19.3869],[80.51698,19.3452],[80.4808,19.32856],[80.44732,19.27213],[80.40536,19.2504],[80.3666,19.11739],[80.34624,19.0815],[80.29043,19.0193],[80.27182,18.97944],[80.27141,18.94696],[80.28392,18.92027],[80.34417,18.85071],[80.34924,18.83092],[80.3389,18.81335],[80.26604,18.76821],[80.26139,18.74452],[80.27038,18.71369],[80.25146,18.70051],[80.16971,18.69005],[80.09054,18.69749],[80.06067,18.73697],[80.00187,18.78562],[79.91691,18.82658],[79.96032,18.86712],[79.96487,18.93536],[79.93355,19.05313],[79.88208,19.04194],[79.86472,19.0484],[79.86182,19.08108],[79.89366,19.13741],[79.94378,19.16922],[79.93055,19.21193],[79.92849,19.26053],[79.94988,19.28877],[79.9565,19.3134],[79.96383,19.42602],[79.95401,19.45202],[79.92745,19.48623],[79.86492,19.50899],[79.84188,19.54671],[79.79578,19.5941],[79.73542,19.60335],[79.6361,19.56981],[79.60892,19.55307],[79.60075,19.51894],[79.57636,19.50811],[79.53895,19.53382],[79.40407,19.53783],[79.34888,19.5801],[79.266,19.58956],[79.24548,19.55952],[79.24328,19.53114],[79.21606,19.5043],[79.2183,19.47435],[79.19773,19.46188],[79.09708,19.53114],[79.06843,19.53598],[79.05888,19.54706],[79.01403,19.54544],[79.0113,19.557],[78.98076,19.56423],[78.97268,19.58477],[78.93485,19.59818],[78.921,19.62467],[78.87594,19.64446],[78.83987,19.73699],[78.78003,19.77667],[78.71171,19.77435],[78.61663,19.8152],[78.56991,19.81352],[78.53374,19.82466],[78.50656,19.81846],[78.49198,19.80231],[78.47772,19.79913],[78.41065,19.82486],[78.38326,19.86615],[78.3292,19.89129],[78.32176,19.86326],[78.32951,19.83856],[78.36321,19.76045],[78.39938,19.73608],[78.40341,19.71926],[78.39235,19.69198],[78.35153,19.66681],[78.33344,19.64327],[78.30574,19.57483],[78.30264,19.48276],[78.28114,19.46672],[78.23081,19.45628],[78.2119,19.44013],[78.17438,19.37466],[78.18182,19.29851],[78.18007,19.279],[78.16787,19.2641],[78.10048,19.27006],[78.05098,19.26541],[78.02493,19.27859],[77.98907,19.325],[77.91145,19.33027],[77.86546,19.29735],[77.8913,19.27942],[77.88995,19.27136],[77.85502,19.22836],[77.83239,19.15893],[77.83673,19.12669],[77.75663,19.0592],[77.75198,19.04589],[77.76655,18.98936],[77.79528,18.98719],[77.80396,18.97874],[77.80727,18.95582],[77.839,18.94701],[77.84241,18.90921],[77.9037,18.86182],[77.91207,18.83536],[77.83931,18.80955],[77.78112,18.70377],[77.73658,18.70405],[77.71239,18.68945],[77.7034,18.66912],[77.70981,18.62269],[77.68852,18.57473],[77.60222,18.55662],[77.55922,18.50763],[77.54393,18.42732],[77.50259,18.38159],[77.55271,18.34583],[77.5583,18.33694],[77.55116,18.30788],[77.5091,18.31457],[77.46145,18.28193],[77.43758,18.28191],[77.42735,18.31614],[77.34663,18.35152],[77.34156,18.42629],[77.3243,18.44913],[77.30188,18.46027],[77.26477,18.45306],[77.22901,18.39947],[77.22736,18.32209],[77.17692,18.29705],[77.11791,18.25385],[77.09775,18.23041],[77.08773,18.19706],[77.06954,18.18907],[77.03957,18.19189],[77.00577,18.17835],[76.94955,18.17998],[76.90025,18.15701],[76.89291,18.14429],[76.89622,18.07959],[76.88175,18.01856],[76.88299,17.9549],[76.86314,17.90374],[76.83906,17.88423],[76.76196,17.90066],[76.74088,17.89842],[76.75566,17.82584],[76.70553,17.79212],[76.67597,17.70685],[76.66068,17.70977],[76.62564,17.73638],[76.59267,17.7706],[76.5534,17.76641],[76.5227,17.77703],[76.51298,17.77282],[76.49696,17.74442],[76.46947,17.73215],[76.46172,17.69778],[76.42172,17.67812],[76.41025,17.65391],[76.39061,17.63678],[76.3131,17.60975],[76.31155,17.60107],[76.33635,17.56831],[76.33232,17.53412],[76.34007,17.51555],[76.31806,17.48738],[76.3163,17.47387],[76.33294,17.45446],[76.34741,17.41343],[76.37811,17.38977],[76.38038,17.37876],[76.35361,17.35703],[76.33088,17.35021],[76.26545,17.35768],[76.21037,17.38891],[76.15652,17.3709],[76.1127,17.38196],[76.04056,17.34936],[76.02102,17.34633],[76.00986,17.3537],[75.96325,17.34258],[75.93648,17.32587],[75.89772,17.35217],[75.88698,17.39465],[75.87003,17.41615],[75.84543,17.40212],[75.83178,17.41697],[75.78393,17.3748],[75.76988,17.37721],[75.74063,17.41568],[75.70476,17.41576],[75.678,17.42527],[75.6596,17.46707],[75.63314,17.4803],[75.62177,17.47635],[75.60761,17.46449],[75.58095,17.41519],[75.55149,17.3893],[75.55284,17.36592],[75.5824,17.29026],[75.61123,17.26982],[75.62105,17.24244],[75.62208,17.22094],[75.60823,17.19278],[75.60513,17.15813],[75.64678,17.09141],[75.64627,17.0809],[75.62229,17.05351],[75.64151,17.01018],[75.62735,16.97697],[75.60286,16.97816],[75.5487,17.01527],[75.5178,16.98201],[75.4717,16.96305],[75.45341,16.96406],[75.42612,16.98486],[75.37083,16.98447],[75.32525,16.96359],[75.25601,16.95917],[75.24143,16.94783],[75.24257,16.9021],[75.1665,16.86794],[75.11824,16.8822],[75.09323,16.90858],[75.06687,16.92318],[75.04889,16.9532],[74.99959,16.94509],[74.96383,16.95421],[74.94802,16.9147],[74.92228,16.88933],[74.8458,16.86124],[74.86668,16.77621],[74.85758,16.75792],[74.79609,16.76632],[74.73904,16.7403],[74.72043,16.71942],[74.68829,16.71268],[74.67217,16.67273],[74.64447,16.65193],[74.67196,16.62542],[74.66576,16.60622],[74.62173,16.59568],[74.58122,16.56204],[74.55238,16.55183],[74.52861,16.59881],[74.52458,16.62384],[74.43487,16.64676],[74.41141,16.59266],[74.35322,16.54351],[74.34051,16.54431],[74.31477,16.56457],[74.29245,16.52837],[74.27829,16.52778],[74.24832,16.54509],[74.22599,16.48615],[74.23498,16.48233],[74.26692,16.49605],[74.27942,16.4614],[74.31456,16.45628],[74.32263,16.42463],[74.35787,16.40073],[74.34671,16.38812],[74.30619,16.37711],[74.32376,16.28293],[74.36624,16.29288],[74.45192,16.25394],[74.47084,16.23575],[74.47631,16.20281],[74.46959,16.10979],[74.4575,16.09742],[74.40634,16.09318],[74.3835,16.06948],[74.38939,16.05801],[74.42815,16.04494],[74.43301,16.01858],[74.42195,15.9767],[74.35156,15.86738],[74.37306,15.83549],[74.3311,15.76193],[74.2816,15.72987],[74.22351,15.7261],[74.2139,15.73157],[74.2138,15.76449],[74.19447,15.76958],[74.13814,15.7295],[74.11241,15.68225],[74.09484,15.67282],[74.10062,15.64029],[74.06156,15.63951],[73.99035,15.61354],[73.9428,15.63246],[73.92482,15.65835],[73.90839,15.72124],[73.89144,15.73594],[73.84379,15.74922],[73.83232,15.78149],[73.81785,15.77684],[73.78426,15.73865],[73.72215,15.73431],[73.70086,15.72321],[73.64625,15.73688],[73.64625,15.79214],[73.60467,15.88084],[73.49098,15.99348],[73.48732,16.01423],[73.51596,16.0174],[73.51596,16.02485],[73.4839,16.02822],[73.44703,16.06892],[73.4607,16.08633],[73.46339,16.15957],[73.48797,16.18936],[73.46502,16.18228],[73.45281,16.16657],[73.44703,16.11359],[73.43523,16.21784],[73.41969,16.2167],[73.41358,16.22394],[73.37867,16.33271],[73.37867,16.35692],[73.35825,16.3675],[73.36443,16.38931],[73.38494,16.4016],[73.35206,16.41812],[73.34132,16.43207],[73.31918,16.50975],[73.30299,16.53303],[73.3073,16.56318],[73.344,16.52359],[73.37867,16.5183],[73.35084,16.53815],[73.37127,16.55927],[73.33644,16.56562],[73.32276,16.57616],[73.31463,16.59943],[73.35825,16.62067],[73.36305,16.59683],[73.37127,16.61018],[73.36647,16.62808],[73.35426,16.63467],[73.3235,16.62067],[73.31218,16.64472],[73.32162,16.69245],[73.3003,16.7132],[73.28956,16.74022],[73.30372,16.81314],[73.29689,16.80565],[73.28663,16.82087],[73.26938,16.87564],[73.27955,16.88764],[73.27052,16.94501],[73.2894,16.98383],[73.25457,17.00674],[73.26271,17.01854],[73.25123,17.03217],[73.25148,17.04243],[73.25896,17.04409],[73.26938,17.03164],[73.27573,17.0786],[73.25514,17.121],[73.26059,17.15054],[73.23618,17.1992],[73.23601,17.22061],[73.21485,17.26874],[73.18702,17.30598],[73.23121,17.27928],[73.24903,17.28486],[73.19597,17.36937],[73.17058,17.38972],[73.16529,17.41303],[73.1854,17.44188],[73.17335,17.45742],[73.18068,17.47769],[73.13168,17.53937],[73.12599,17.55654],[73.12794,17.56468],[73.16342,17.56948],[73.20069,17.58649],[73.13917,17.60078],[73.12135,17.62641],[73.12615,17.65542],[73.10548,17.68891],[73.1233,17.73578],[73.10133,17.79633],[73.07944,17.82461],[73.0652,17.87836],[73.01856,17.95173],[73.0171,17.97211],[73.03541,17.99185],[73.01889,17.9925],[73.00522,18.01236],[73.0088,18.02595],[73.04225,18.04898],[73.04347,18.06696],[73.02272,18.05768],[73.0088,18.03901],[72.98732,18.06656],[72.98097,18.08055],[72.98813,18.09602],[72.97608,18.11864],[72.9673,18.19599],[72.95484,18.21752],[72.92693,18.22394],[72.93995,18.25129],[72.93328,18.26659],[72.93995,18.28604],[72.95314,18.28132],[72.97267,18.2447],[73.01246,18.24315],[73.05096,18.22748],[73.06349,18.21035],[73.04762,18.20116],[73.04762,18.18879],[73.05746,18.18561],[73.07154,18.20409],[73.06528,18.25755],[73.07154,18.27302],[73.05698,18.28095],[73.01246,18.2792],[72.97739,18.29507],[72.96803,18.31061],[72.97478,18.32758],[72.95875,18.32811],[72.9336,18.35493],[72.91261,18.36115],[72.91017,18.39924],[72.89145,18.42939],[72.89576,18.503],[72.90724,18.52359],[72.92465,18.53563],[72.94679,18.53242],[73.0088,18.45051],[73.01498,18.46996],[72.98878,18.48994],[72.9603,18.55467],[72.91017,18.55899],[72.88217,18.63548],[72.86451,18.64891],[72.85174,18.71967],[72.85239,18.76992],[72.86557,18.79938],[72.87916,18.80736],[72.91261,18.79999],[72.92693,18.82665],[72.97478,18.77949],[72.96632,18.76142],[72.96957,18.74698],[72.99513,18.73102],[72.98805,18.75385],[72.99171,18.77936],[73.01629,18.81362],[72.98129,18.83271],[72.97478,18.84833],[72.9817,18.87149],[72.97218,18.87425],[72.94614,18.8583],[72.91627,18.87051],[72.89682,18.89448],[72.91261,18.92349],[72.92807,18.91136],[72.93678,18.94741],[72.97722,18.94843],[72.98829,18.96442],[72.95362,18.96442],[72.95362,18.97126],[73.04664,18.99518],[73.05681,19.01533],[73.03981,19.01752],[72.98829,18.9986],[72.9878,19.03693],[72.98097,19.04637],[72.99187,19.06721],[72.9673,19.09101],[72.97478,19.16307],[72.9673,19.16307],[72.93556,19.11506],[72.92693,19.06684],[72.94337,19.05512],[72.93426,19.03408],[72.89145,18.99177],[72.88526,19.02586],[72.86931,19.01142],[72.83627,18.95913],[72.8213,18.90331],[72.81251,18.89745],[72.80274,18.90982],[72.80274,18.95759],[72.7754,18.93651],[72.77036,18.94819],[72.80242,18.99966],[72.80274,19.04019],[72.81707,19.0327],[72.82423,19.05353],[72.8213,19.06318],[72.80958,19.06684],[72.82309,19.10847],[72.80958,19.14631],[72.82309,19.16926],[72.81121,19.17552],[72.79217,19.15046],[72.78159,19.15965],[72.8025,19.21162],[72.83009,19.25243],[72.81512,19.25365],[72.7754,19.20466],[72.77223,19.26512],[72.77564,19.29902],[72.78541,19.31391],[72.86704,19.3168],[72.88551,19.29605],[72.90056,19.29076],[72.93035,19.28657],[72.97267,19.29369],[72.98829,19.27912],[73.01051,19.22431],[73.02662,19.20551],[73.04965,19.21772],[73.03004,19.22773],[73.02914,19.25934],[72.9878,19.30069],[72.97096,19.30703],[72.89894,19.30703],[72.83692,19.34805],[72.81853,19.33027],[72.80209,19.33194],[72.76344,19.38019],[72.74822,19.44424],[72.74684,19.46796],[72.7544,19.48176],[72.87916,19.53238],[72.8567,19.54133],[72.79591,19.5268],[72.78126,19.53657],[72.77068,19.56615],[72.74195,19.5808],[72.73455,19.5808],[72.74073,19.56074],[72.73455,19.54662],[72.75563,19.51936],[72.7492,19.5126],[72.74155,19.51602],[72.7225,19.53628],[72.71078,19.58759],[72.71803,19.60668],[72.6867,19.7248],[72.70777,19.69746],[72.72641,19.7058],[72.71404,19.74584],[72.73129,19.75458],[72.73276,19.77973],[72.72828,19.79365],[72.69012,19.74897],[72.67791,19.74657],[72.67986,19.80048],[72.64918,19.852]]]]}},{"type":"Feature","properties":{"name":"Goa","code":"IN-GA","type":"State"},"geometry":{"type":"MultiPolygon","coordinates":[[[[73.68678,15.71312],[73.72215,15.73431],[73.79274,15.7416],[73.82643,15.78304],[73.83573,15.77733],[73.84379,15.74922],[73.89144,15.73594],[73.90839,15.72124],[73.93195,15.64432],[73.96441,15.61881],[73.99035,15.61354],[74.06156,15.63951],[74.1276,15.63517],[74.17235,15.65339],[74.23405,15.62279],[74.25782,15.51859],[74.23653,15.47247],[74.23922,15.45422],[74.25813,15.42815],[74.25906,15.38596],[74.29844,15.33661],[74.30423,15.28917],[74.28966,15.26664],[74.24708,15.25607],[74.24087,15.24731],[74.24914,15.22545],[74.28356,15.20517],[74.29276,15.18827],[74.25968,15.09768],[74.26434,15.02224],[74.24118,14.95604],[74.22661,14.94325],[74.19757,14.9287],[74.15458,14.92746],[74.09116,14.8876],[74.03598,14.92129],[74.03126,14.99531],[73.99578,15.01069],[73.96437,15.06464],[73.9131,15.07892],[73.92897,15.12059],[73.96217,15.15204],[73.95411,15.16828],[73.94728,15.16083],[73.89129,15.34321],[73.88258,15.35529],[73.8274,15.36518],[73.78289,15.4079],[73.86012,15.40786],[73.88494,15.39802],[73.89959,15.4079],[73.93336,15.39541],[73.95411,15.36628],[73.96778,15.37376],[73.92758,15.41738],[73.88592,15.43521],[73.85857,15.43521],[73.84156,15.44888],[73.7964,15.44888],[73.80047,15.475],[73.81756,15.49665],[73.87224,15.51093],[73.85955,15.52114],[73.86598,15.53758],[73.78639,15.49217],[73.76629,15.49726],[73.75123,15.51313],[73.75611,15.53758],[73.73683,15.57172],[73.73707,15.59854],[73.76043,15.63202],[73.83814,15.65428],[73.83814,15.66112],[73.78386,15.65912],[73.72828,15.61957],[73.69793,15.66283],[73.68678,15.71312]]]]}},{"type":"Feature","properties":{"name":"Karnataka","code":"IN-KA","type":"State"},"geometry":{"type":"MultiPolygon","coordinates":[[[[74.09116,14.8876],[74.15458,14.92746],[74.19757,14.9287],[74.24118,14.95604],[74.26661,15.03231],[74.26248,15.11277],[74.29276,15.18827],[74.28356,15.20517],[74.24914,15.22545],[74.24087,15.24731],[74.24708,15.25607],[74.28966,15.26664],[74.30423,15.28917],[74.29844,15.33661],[74.25906,15.38596],[74.25813,15.42815],[74.23922,15.45422],[74.23653,15.47247],[74.25782,15.51859],[74.23798,15.61602],[74.22682,15.62985],[74.17235,15.65339],[74.14083,15.63757],[74.10062,15.64029],[74.09287,15.6693],[74.11241,15.68225],[74.13814,15.7295],[74.19447,15.76958],[74.2138,15.76449],[74.2139,15.73157],[74.22351,15.7261],[74.2816,15.72987],[74.3311,15.76193],[74.37306,15.83549],[74.35156,15.86738],[74.42195,15.9767],[74.43301,16.01858],[74.42815,16.04494],[74.38939,16.05801],[74.3835,16.06948],[74.40634,16.09318],[74.46432,16.1016],[74.47197,16.12788],[74.476,16.21733],[74.46618,16.24239],[74.36624,16.29288],[74.32376,16.28293],[74.30619,16.37711],[74.34671,16.38812],[74.35787,16.40073],[74.32263,16.42463],[74.31456,16.45628],[74.27942,16.4614],[74.26692,16.49605],[74.23498,16.48233],[74.22599,16.48615],[74.24832,16.54509],[74.27829,16.52778],[74.29245,16.52837],[74.31477,16.56457],[74.34051,16.54431],[74.35322,16.54351],[74.41141,16.59266],[74.43487,16.64676],[74.52458,16.62384],[74.52861,16.59881],[74.55238,16.55183],[74.58122,16.56204],[74.62173,16.59568],[74.66576,16.60622],[74.67196,16.62542],[74.64447,16.65193],[74.67217,16.67273],[74.68829,16.71268],[74.72043,16.71942],[74.73904,16.7403],[74.79609,16.76632],[74.85758,16.75792],[74.86668,16.77621],[74.8458,16.86124],[74.92228,16.88933],[74.94802,16.9147],[74.96383,16.95421],[74.99959,16.94509],[75.04889,16.9532],[75.06687,16.92318],[75.09323,16.90858],[75.11824,16.8822],[75.1665,16.86794],[75.24257,16.9021],[75.24143,16.94783],[75.25601,16.95917],[75.32525,16.96359],[75.37083,16.98447],[75.42612,16.98486],[75.45341,16.96406],[75.4717,16.96305],[75.5178,16.98201],[75.5487,17.01527],[75.60286,16.97816],[75.62735,16.97697],[75.64151,17.01018],[75.62229,17.05351],[75.64627,17.0809],[75.64678,17.09141],[75.60513,17.15813],[75.60823,17.19278],[75.62208,17.22094],[75.62105,17.24244],[75.61123,17.26982],[75.5824,17.29026],[75.55284,17.36592],[75.55149,17.3893],[75.58095,17.41519],[75.60761,17.46449],[75.62177,17.47635],[75.63314,17.4803],[75.6596,17.46707],[75.678,17.42527],[75.70476,17.41576],[75.74063,17.41568],[75.76988,17.37721],[75.78393,17.3748],[75.83178,17.41697],[75.84543,17.40212],[75.87003,17.41615],[75.88698,17.39465],[75.89772,17.35217],[75.93648,17.32587],[75.96325,17.34258],[76.00986,17.3537],[76.02102,17.34633],[76.04056,17.34936],[76.1127,17.38196],[76.15652,17.3709],[76.21037,17.38891],[76.26545,17.35768],[76.33088,17.35021],[76.35361,17.35703],[76.38038,17.37876],[76.37811,17.38977],[76.34741,17.41343],[76.33294,17.45446],[76.3163,17.47387],[76.31806,17.48738],[76.34007,17.51555],[76.33232,17.53412],[76.33635,17.56831],[76.31155,17.60107],[76.3131,17.60975],[76.39061,17.63678],[76.41025,17.65391],[76.42172,17.67812],[76.46172,17.69778],[76.46947,17.73215],[76.49696,17.74442],[76.51298,17.77282],[76.5227,17.77703],[76.5534,17.76641],[76.59267,17.7706],[76.62564,17.73638],[76.66068,17.70977],[76.67597,17.70685],[76.70553,17.79212],[76.75566,17.82584],[76.74088,17.89842],[76.76196,17.90066],[76.83906,17.88423],[76.86314,17.90374],[76.88299,17.9549],[76.88175,18.01856],[76.89622,18.07959],[76.89291,18.14429],[76.90025,18.15701],[76.94955,18.17998],[77.00577,18.17835],[77.03957,18.19189],[77.06954,18.18907],[77.08773,18.19706],[77.09775,18.23041],[77.11791,18.25385],[77.17692,18.29705],[77.22736,18.32209],[77.22901,18.39947],[77.26477,18.45306],[77.30188,18.46027],[77.3243,18.44913],[77.34156,18.42629],[77.34663,18.35152],[77.42735,18.31614],[77.43758,18.28191],[77.46145,18.28193],[77.5091,18.31457],[77.55116,18.30788],[77.58331,18.29154],[77.56853,18.23374],[77.59075,18.17545],[77.59995,18.11484],[77.56574,18.10088],[77.55768,18.08616],[77.56295,18.07078],[77.60346,18.03373],[77.62134,17.98684],[77.62671,17.94219],[77.61979,17.92565],[77.55922,17.86987],[77.52346,17.85212],[77.50786,17.83473],[77.50031,17.8123],[77.53091,17.7776],[77.53132,17.75401],[77.46362,17.71342],[77.41153,17.63078],[77.42301,17.61252],[77.49287,17.57761],[77.58258,17.57877],[77.58878,17.55417],[77.59912,17.54681],[77.67426,17.57707],[77.68583,17.56717],[77.65317,17.50007],[77.59933,17.48692],[77.58103,17.47185],[77.57059,17.44501],[77.52564,17.43044],[77.49639,17.37457],[77.37443,17.22257],[77.36534,17.19409],[77.3704,17.16916],[77.42518,17.14234],[77.43355,17.09684],[77.46776,17.02581],[77.43572,16.95493],[77.43438,16.81277],[77.41484,16.7796],[77.40957,16.73784],[77.41091,16.72058],[77.43562,16.70554],[77.44554,16.69017],[77.41701,16.66348],[77.41112,16.64782],[77.43882,16.65056],[77.44626,16.64077],[77.42724,16.58573],[77.38952,16.56591],[77.37092,16.52429],[77.25744,16.44936],[77.29371,16.40652],[77.39396,16.38107],[77.49329,16.37817],[77.53318,16.36104],[77.54765,16.34301],[77.55261,16.33216],[77.54641,16.30753],[77.49597,16.27051],[77.48853,16.25046],[77.47902,16.16441],[77.48367,16.00207],[77.44647,15.95298],[77.30622,15.95706],[77.26364,15.9621],[77.22643,15.97639],[77.16307,15.96711],[77.07357,15.92102],[77.03409,15.87373],[77.02768,15.76092],[77.03109,15.74876],[77.05166,15.73702],[77.08494,15.66729],[77.07688,15.65382],[77.03853,15.66248],[77.01052,15.64463],[76.99967,15.61378],[77.00918,15.56933],[77.00804,15.51184],[77.00091,15.50389],[76.97239,15.52218],[76.96743,15.506],[77.01445,15.41725],[77.02592,15.35149],[77.08525,15.328],[77.10489,15.30821],[77.13227,15.17481],[77.13072,15.14163],[77.08721,15.0459],[77.05693,15.0143],[77.03419,15.00521],[76.99347,15.03355],[76.948,15.02164],[76.86335,15.04097],[76.76434,15.09412],[76.74553,15.06389],[76.74336,15.01839],[76.71948,14.98588],[76.81012,14.94842],[76.82222,14.92098],[76.79968,14.79483],[76.76465,14.77295],[76.76186,14.76367],[76.76527,14.7191],[76.74387,14.66789],[76.74057,14.61293],[76.75638,14.55893],[76.79131,14.54167],[76.82563,14.48126],[76.86903,14.48953],[76.911,14.48674],[76.9296,14.46651],[76.93094,14.4494],[76.908,14.41041],[76.87368,14.40692],[76.85818,14.38256],[76.8681,14.33807],[76.92185,14.30471],[76.90583,14.26825],[76.9082,14.25786],[77.04546,14.23166],[77.07274,14.23259],[77.08246,14.25146],[77.08287,14.28874],[77.11129,14.32962],[77.13289,14.34401],[77.18509,14.32646],[77.25681,14.33396],[77.26798,14.30148],[77.32709,14.28104],[77.3673,14.23825],[77.37898,14.23838],[77.38797,14.25277],[77.35758,14.31316],[77.37443,14.33447],[77.40068,14.32763],[77.41742,14.29988],[77.46393,14.28499],[77.45422,14.23939],[77.46548,14.18624],[77.43996,14.17415],[77.37536,14.16758],[77.32792,14.12265],[77.36099,14.1064],[77.32792,14.05217],[77.349,14.02129],[77.35583,13.99318],[77.38611,13.9693],[77.38528,13.93365],[77.40078,13.90321],[77.38673,13.89037],[77.33236,13.90817],[77.33102,13.9391],[77.28927,14.01075],[77.244,14.02222],[77.18064,14.00682],[77.11233,14.00506],[77.08194,14.03385],[77.01972,14.05155],[76.99533,14.06638],[76.96743,14.17102],[76.94955,14.16983],[76.91668,14.18841],[76.90004,14.17056],[76.87544,14.16273],[76.868,14.15381],[76.87296,14.13735],[76.94086,14.06726],[76.9359,14.0109],[77.01021,13.91406],[76.95451,13.82034],[76.96918,13.75371],[76.98004,13.7528],[76.99378,13.77991],[77.04112,13.74399],[77.06375,13.76973],[77.10954,13.76146],[77.12773,13.76789],[77.1332,13.78482],[77.12587,13.83089],[77.09992,13.85866],[77.12401,13.87024],[77.13134,13.90042],[77.14354,13.9107],[77.15222,13.9036],[77.15615,13.87458],[77.19666,13.89187],[77.22085,13.86809],[77.25826,13.86688],[77.29206,13.84843],[77.38404,13.84673],[77.42476,13.79745],[77.44068,13.74399],[77.44254,13.70196],[77.49422,13.70237],[77.55116,13.73686],[77.59199,13.73942],[77.59323,13.76709],[77.6046,13.77632],[77.64046,13.78172],[77.6693,13.76094],[77.69369,13.80761],[77.73492,13.82422],[77.78918,13.87032],[77.79094,13.88458],[77.77182,13.91778],[77.78257,13.93659],[77.79156,13.94168],[77.84489,13.93401],[77.87879,13.91662],[77.89657,13.92564],[77.91414,13.95406],[77.93708,13.96326],[77.94039,13.91708],[77.90928,13.88057],[77.92065,13.83047],[77.96023,13.86884],[78.00209,13.86714],[78.03268,13.88473],[78.07971,13.85693],[78.09139,13.83011],[78.09769,13.79608],[78.08219,13.75381],[78.10472,13.70113],[78.09304,13.69464],[78.06142,13.69805],[78.05708,13.68278],[78.06793,13.65927],[78.08395,13.65353],[78.10979,13.66253],[78.12674,13.65857],[78.1841,13.60155],[78.23174,13.58956],[78.27215,13.58615],[78.30419,13.59953],[78.32765,13.58775],[78.36837,13.591],[78.37468,13.57964],[78.3631,13.54083],[78.36135,13.41339],[78.35018,13.37611],[78.37313,13.34722],[78.38088,13.32275],[78.39473,13.31805],[78.41623,13.32756],[78.44155,13.3148],[78.45912,13.31572],[78.51617,13.27885],[78.53498,13.28338],[78.55358,13.3018],[78.56898,13.26573],[78.55658,13.18498],[78.52361,13.13871],[78.51152,13.07721],[78.471,13.04812],[78.45447,13.0005],[78.41189,12.9367],[78.41592,12.92686],[78.44858,12.91025],[78.46325,12.88994],[78.46821,12.87741],[78.46222,12.86374],[78.44,12.86746],[78.37065,12.91464],[78.34615,12.9133],[78.33902,12.87007],[78.326,12.86079],[78.30078,12.85614],[78.2859,12.84338],[78.26037,12.85759],[78.24404,12.85374],[78.24869,12.79162],[78.22957,12.75989],[78.16384,12.77529],[78.05625,12.84594],[78.02958,12.8487],[78.00705,12.81126],[77.98742,12.80436],[77.96488,12.81645],[77.91476,12.86836],[77.84582,12.87154],[77.80128,12.85655],[77.7898,12.81074],[77.75622,12.75294],[77.76469,12.72785],[77.76004,12.7138],[77.68976,12.67796],[77.64015,12.68207],[77.60935,12.67279],[77.58579,12.62409],[77.56873,12.55957],[77.58114,12.52722],[77.5768,12.49503],[77.61018,12.49544],[77.61979,12.48066],[77.6046,12.40578],[77.56078,12.33966],[77.52905,12.30822],[77.47995,12.28253],[77.46476,12.26153],[77.46476,12.2493],[77.47654,12.24171],[77.48336,12.20755],[77.66785,12.20388],[77.69865,12.19802],[77.73678,12.17409],[77.76872,12.12004],[77.76583,12.10068],[77.72593,12.05805],[77.67085,11.97131],[77.64232,11.95413],[77.51768,11.94036],[77.48977,11.92612],[77.46197,11.8824],[77.43386,11.81153],[77.40812,11.79161],[77.33857,11.78347],[77.29826,11.80644],[77.25919,11.8169],[77.22095,11.80228],[77.13083,11.79667],[77.12194,11.79254],[77.10737,11.75274],[77.0962,11.75042],[77.02654,11.81403],[76.9974,11.82592],[76.90769,11.80018],[76.84423,11.70471],[76.83245,11.64187],[76.82077,11.6256],[76.7508,11.64234],[76.58337,11.63141],[76.55019,11.64544],[76.54926,11.68448],[76.53221,11.70908],[76.50358,11.71916],[76.46534,11.71497],[76.43082,11.68944],[76.41594,11.66683],[76.40095,11.68634],[76.39423,11.73559],[76.38214,11.74918],[76.34286,11.74238],[76.30917,11.74972],[76.25874,11.80608],[76.21223,11.80726],[76.16706,11.86261],[76.13895,11.86718],[76.11549,11.85749],[76.09875,11.86044],[76.0819,11.87899],[76.08355,11.95005],[76.07239,11.96325],[76.05575,11.96374],[75.98299,11.93087],[75.96056,11.92863],[75.84605,11.9511],[75.81525,11.9672],[75.78269,12.00022],[75.76884,12.02735],[75.76109,12.06875],[75.70166,12.07745],[75.66291,12.10228],[75.63448,12.09918],[75.60606,12.13505],[75.55273,12.15489],[75.42623,12.29178],[75.38933,12.29473],[75.36866,12.36111],[75.33972,12.40462],[75.34065,12.42867],[75.36246,12.45069],[75.36825,12.47035],[75.35533,12.47818],[75.30954,12.47089],[75.25136,12.53691],[75.24702,12.55112],[75.27089,12.60073],[75.22531,12.61259],[75.18283,12.59727],[75.14893,12.63357],[75.11048,12.63],[75.09695,12.65349],[75.10025,12.68212],[75.06119,12.70264],[75.04806,12.70246],[75.02481,12.68649],[75.00796,12.69072],[75.0031,12.7168],[74.95845,12.73212],[74.94068,12.77612],[74.89789,12.77876],[74.85426,12.76529],[74.85231,12.79731],[74.82765,12.82465],[74.82496,12.8382],[74.85914,12.82461],[74.88111,12.84805],[74.91749,12.85814],[74.94093,12.87861],[74.8506,12.85716],[74.81756,12.86176],[74.77027,13.05244],[74.78338,13.08466],[74.76295,13.1188],[74.7151,13.33104],[74.68946,13.38158],[74.69459,13.39313],[74.68092,13.46825],[74.6937,13.41527],[74.70826,13.41303],[74.70192,13.42036],[74.70143,13.46137],[74.67709,13.52676],[74.67351,13.61909],[74.66668,13.63276],[74.67709,13.63032],[74.68092,13.64696],[74.70997,13.64057],[74.73561,13.6538],[74.7129,13.6562],[74.68832,13.68594],[74.70143,13.69477],[74.68776,13.71182],[74.67604,13.70108],[74.66049,13.66006],[74.62306,13.77416],[74.61459,13.83552],[74.584,13.90388],[74.49537,14.03058],[74.49537,14.07152],[74.47486,14.1057],[74.46746,14.18138],[74.42905,14.24042],[74.43336,14.26337],[74.47104,14.24868],[74.50896,14.25031],[74.42774,14.28384],[74.41538,14.30109],[74.41261,14.34479],[74.39698,14.37275],[74.39422,14.41079],[74.35385,14.50507],[74.3519,14.53022],[74.38884,14.46271],[74.40724,14.46198],[74.40113,14.47972],[74.42774,14.47626],[74.37241,14.53022],[74.37924,14.54458],[74.36834,14.54971],[74.35874,14.54458],[74.35874,14.57123],[74.34295,14.56367],[74.33904,14.52399],[74.32488,14.51724],[74.30055,14.52741],[74.29518,14.58731],[74.30738,14.60187],[74.33904,14.60594],[74.33904,14.61278],[74.3239,14.6186],[74.28712,14.60594],[74.27589,14.61018],[74.26686,14.63129],[74.27622,14.64008],[74.25294,14.71894],[74.22047,14.7381],[74.19435,14.71581],[74.17384,14.74994],[74.15333,14.74994],[74.14584,14.76362],[74.09645,14.79336],[74.09132,14.81143],[74.10914,14.80264],[74.11866,14.83186],[74.14047,14.83877],[74.15952,14.82567],[74.17897,14.85627],[74.20802,14.86664],[74.23308,14.86457],[74.2352,14.87653],[74.21119,14.88736],[74.20802,14.90082],[74.14088,14.85269],[74.11183,14.84618],[74.09116,14.8876]]]]}},{"type":"Feature","properties":{"name":"Kerala","code":"IN-KL","type":"State"},"geometry":{"type":"MultiPolygon","coordinates":[[[[74.85426,12.76529],[74.89789,12.77876],[74.94068,12.77612],[74.95845,12.73212],[75.0031,12.7168],[75.00796,12.69072],[75.02481,12.68649],[75.04806,12.70246],[75.06119,12.70264],[75.10025,12.68212],[75.09695,12.65349],[75.11048,12.63],[75.14893,12.63357],[75.18283,12.59727],[75.22531,12.61259],[75.27089,12.60073],[75.24702,12.55112],[75.25136,12.53691],[75.30954,12.47089],[75.35533,12.47818],[75.36825,12.47035],[75.36246,12.45069],[75.34065,12.42867],[75.33972,12.40462],[75.36866,12.36111],[75.38933,12.29473],[75.42623,12.29178],[75.53661,12.16895],[75.55273,12.15489],[75.60606,12.13505],[75.62921,12.10205],[75.66291,12.10228],[75.70166,12.07745],[75.76109,12.06875],[75.77618,12.00978],[75.81525,11.9672],[75.86351,11.94627],[75.96056,11.92863],[75.98299,11.93087],[76.05575,11.96374],[76.07239,11.96325],[76.08355,11.95005],[76.0819,11.87899],[76.09875,11.86044],[76.11549,11.85749],[76.13895,11.86718],[76.16706,11.86261],[76.21223,11.80726],[76.25874,11.80608],[76.30917,11.74972],[76.34286,11.74238],[76.37108,11.75042],[76.38927,11.74401],[76.40095,11.68634],[76.41935,11.6596],[76.41532,11.64875],[76.37418,11.63159],[76.33925,11.59149],[76.29946,11.58754],[76.24075,11.60397],[76.23176,11.58568],[76.23734,11.56033],[76.23052,11.52914],[76.25626,11.47845],[76.40911,11.43682],[76.44818,11.40633],[76.48518,11.39251],[76.5167,11.3521],[76.54275,11.33796],[76.53376,11.31313],[76.47371,11.27071],[76.44415,11.2341],[76.44105,11.21407],[76.44839,11.20686],[76.49583,11.21508],[76.54068,11.20043],[76.64124,11.20864],[76.70274,11.23805],[76.68858,11.17381],[76.71917,11.13873],[76.74553,11.07062],[76.76754,11.0461],[76.74646,11.02894],[76.70873,11.0416],[76.68765,11.03346],[76.67246,10.9893],[76.67752,10.95626],[76.70377,10.92189],[76.82873,10.8696],[76.85436,10.8149],[76.88361,10.79735],[76.8897,10.78004],[76.87555,10.6785],[76.86376,10.66359],[76.82935,10.65297],[76.82108,10.63318],[76.82666,10.55155],[76.80857,10.43712],[76.81756,10.40508],[76.83813,10.37288],[76.84154,10.31066],[76.92185,10.23904],[76.95699,10.22346],[76.98634,10.23129],[77.07481,10.30327],[77.1915,10.35131],[77.21165,10.33371],[77.24162,10.28444],[77.25454,10.23067],[77.27914,10.20289],[77.2748,10.17356],[77.22436,10.06556],[77.26022,9.95236],[77.22684,9.87183],[77.23759,9.77881],[77.18684,9.59678],[77.244,9.55831],[77.26322,9.55738],[77.3087,9.57872],[77.34063,9.57996],[77.39862,9.49996],[77.40378,9.46108],[77.36978,9.42904],[77.33888,9.344],[77.31211,9.30088],[77.22994,9.06415],[77.2101,9.03521],[77.16493,9.001],[77.20255,8.89416],[77.2534,8.85073],[77.23542,8.78414],[77.18075,8.70368],[77.18767,8.63937],[77.20379,8.61198],[77.26911,8.5555],[77.27883,8.5264],[77.2441,8.47651],[77.22467,8.4676],[77.20607,8.47891],[77.21589,8.41879],[77.17082,8.34804],[77.16555,8.30745],[77.1547,8.2959],[77.12132,8.29458],[77.11035,8.28519],[76.99586,8.36811],[76.88014,8.5207],[76.82651,8.56981],[76.81373,8.60126],[76.74171,8.68452],[76.73129,8.70795],[76.69565,8.73981],[76.64454,8.819],[76.5586,8.89069],[76.54396,8.9125],[76.54811,8.92422],[76.55909,8.92524],[76.57325,8.90445],[76.62062,8.92544],[76.58155,8.91991],[76.57228,8.93163],[76.57398,8.94257],[76.60328,8.97321],[76.65756,8.96638],[76.63429,8.98688],[76.66847,8.99982],[76.66847,9.00739],[76.64405,9.00788],[76.62062,8.98713],[76.58277,9.00056],[76.5586,8.95209],[76.55112,8.96638],[76.56544,8.99433],[76.53883,8.9726],[76.5381,8.93911],[76.52809,8.94697],[76.51384,9.00214],[76.46046,9.11494],[76.46241,9.13833],[76.46909,9.1166],[76.47657,9.1166],[76.48276,9.17182],[76.46241,9.15135],[76.42823,9.24535],[76.41456,9.24698],[76.44679,9.15961],[76.44874,9.14517],[76.44256,9.14517],[76.36297,9.32518],[76.31178,9.49299],[76.29103,9.6332],[76.29713,9.65843],[76.27735,9.80927],[76.24676,9.89374],[76.23634,9.9527],[76.25148,9.96312],[76.26954,9.951],[76.29103,9.9086],[76.25685,9.9086],[76.26686,9.87604],[76.27735,9.87075],[76.28419,9.89118],[76.28826,9.86123],[76.28077,9.84284],[76.29998,9.8478],[76.3047,9.85627],[76.29713,9.87075],[76.3086,9.87962],[76.33888,9.69941],[76.3462,9.69941],[76.33758,9.78925],[76.3462,9.81611],[76.32008,9.86164],[76.33269,9.87075],[76.35922,9.81611],[76.36801,9.71556],[76.39405,9.67894],[76.3729,9.62434],[76.35328,9.53535],[76.35743,9.5207],[76.459,9.4973],[76.47706,9.50373],[76.50327,9.53498],[76.4485,9.56342],[76.42823,9.55541],[76.40699,9.56908],[76.41969,9.59418],[76.41456,9.68268],[76.4026,9.7106],[76.39405,9.70624],[76.39405,9.74722],[76.38038,9.7851],[76.3965,9.82266],[76.39405,9.84284],[76.35922,9.91543],[76.31153,9.96695],[76.29428,9.95132],[76.27817,9.97793],[76.2693,10.01626],[76.27394,10.03583],[76.25506,10.04768],[76.24513,10.1022],[76.22771,10.10956],[76.21534,10.13825],[76.20753,10.11713],[76.22902,10.0659],[76.24269,9.98745],[76.21461,10.02448],[76.18238,10.10566],[76.18458,10.14492],[76.1775,10.17064],[76.22413,10.19693],[76.24171,10.22394],[76.24024,10.23896],[76.22283,10.23444],[76.20631,10.26288],[76.19484,10.26862],[76.20786,10.23456],[76.20167,10.19969],[76.18409,10.18936],[76.17058,10.19375],[76.15317,10.22016],[76.10613,10.38467],[76.07008,10.43281],[76.05242,10.51398],[76.00807,10.56708],[75.99968,10.60554],[75.92205,10.76557],[75.92408,10.78071],[75.94158,10.79621],[75.91114,10.80923],[75.89454,10.84976],[75.88014,10.93268],[75.83277,11.09785],[75.7308,11.33173],[75.72926,11.34366],[75.74244,11.35871],[75.73552,11.37153],[75.72218,11.3675],[75.66481,11.46263],[75.61655,11.47362],[75.6089,11.48493],[75.60084,11.52338],[75.58188,11.54979],[75.5853,11.56338],[75.53077,11.69367],[75.50611,11.72724],[75.37973,11.86498],[75.3558,11.85765],[75.30763,11.9322],[75.32651,11.93586],[75.40024,11.92023],[75.38282,11.9455],[75.3934,11.97484],[75.36134,11.95124],[75.33172,11.94953],[75.30226,11.96605],[75.27882,12.00324],[75.2811,12.01065],[75.32976,12.01264],[75.30421,12.04316],[75.30169,12.06976],[75.30954,12.09371],[75.32391,12.10691],[75.33796,12.09838],[75.3823,12.12908],[75.39688,12.12877],[75.39688,12.14293],[75.38148,12.14758],[75.35419,12.1352],[75.32246,12.14339],[75.27616,12.10097],[75.2405,12.10921],[75.22293,12.10017],[75.22218,12.02204],[75.20851,12.00837],[75.1937,12.02228],[75.18051,12.0773],[75.13087,12.20783],[75.13966,12.2486],[75.12672,12.24584],[75.10548,12.22126],[75.09864,12.26903],[75.08286,12.30589],[75.0184,12.41474],[75.00994,12.44379],[74.99204,12.46174],[74.98536,12.49136],[74.95525,12.53726],[74.87965,12.72549],[74.85426,12.76529]]]]}},{"type":"Feature","properties":{"name":"Puducherry","code":"IN-PY","type":"Union Territory"},"geometry":{"type":"MultiPolygon","coordinates":[[[[75.2218,12.03864],[75.22293,12.10017],[75.2405,12.10921],[75.27616,12.10097],[75.32246,12.14339],[75.35419,12.1352],[75.38148,12.14758],[75.39688,12.14293],[75.39688,12.12877],[75.3823,12.12908],[75.33796,12.09838],[75.32391,12.10691],[75.30954,12.09371],[75.30169,12.06976],[75.30421,12.04316],[75.26433,12.01333],[75.26051,11.99779],[75.2767,11.96743],[75.22218,12.02204],[75.2218,12.03864]]],[[[79.81087,11.83298],[79.73139,11.83907],[79.69987,11.8624],[79.70917,11.91413],[79.6947,11.92496],[79.69067,11.95374],[79.67072,11.97586],[79.68664,12.00048],[79.69873,11.99911],[79.72116,11.97464],[79.7686,11.97749],[79.77108,11.96131],[79.7531,11.93803],[79.7778,11.91416],[79.84956,11.95518],[79.81087,11.83298]]],[[[79.84067,10.95014],[79.84734,10.80964],[79.84022,10.80911],[79.81459,10.81869],[79.79754,10.83588],[79.7933,10.8451],[79.80271,10.87081],[79.77439,10.87184],[79.76736,10.88856],[79.7502,10.88352],[79.73997,10.89569],[79.70545,10.91044],[79.71734,10.9353],[79.70431,10.94362],[79.70504,10.95155],[79.72075,10.95168],[79.73263,10.94112],[79.74297,10.94383],[79.73976,10.96827],[79.7287,10.97608],[79.73749,10.98623],[79.78503,10.97091],[79.80612,10.98543],[79.84669,10.97983],[79.84067,10.95014]]],[[[82.21372,16.73244],[82.21744,16.72296],[82.23036,16.71932],[82.26333,16.71965],[82.29496,16.74169],[82.30136,16.71766],[82.29506,16.70963],[82.27139,16.70852],[82.26653,16.70309],[82.28514,16.69787],[82.26064,16.69032],[82.17765,16.71859],[82.22178,16.7503],[82.21372,16.73244]]]]}},{"type":"Feature","properties":{"name":"Tamil Nadu","code":"IN-TN","type":"State"},"geometry":{"type":"MultiPolygon","coordinates":[[[[77.11036,8.28518],[77.12132,8.29458],[77.14602,8.29311],[77.16235,8.30172],[77.17082,8.34804],[77.21589,8.41879],[77.20607,8.47891],[77.22467,8.4676],[77.2441,8.47651],[77.27883,8.5264],[77.26911,8.5555],[77.20379,8.61198],[77.18767,8.63937],[77.18075,8.70368],[77.23542,8.78414],[77.2534,8.85073],[77.20255,8.89416],[77.16493,9.001],[77.2101,9.03521],[77.22994,9.06415],[77.31211,9.30088],[77.33888,9.344],[77.36978,9.42904],[77.40378,9.46108],[77.39862,9.49996],[77.34063,9.57996],[77.3087,9.57872],[77.26322,9.55738],[77.244,9.55831],[77.18684,9.59678],[77.23759,9.77881],[77.22684,9.87183],[77.26022,9.95236],[77.22436,10.06556],[77.2748,10.17356],[77.27914,10.20289],[77.25454,10.23067],[77.24162,10.28444],[77.21165,10.33371],[77.1915,10.35131],[77.07481,10.30327],[77.02034,10.25503],[76.9698,10.2247],[76.92185,10.23904],[76.84154,10.31066],[76.83813,10.37288],[76.81756,10.40508],[76.80857,10.43712],[76.82666,10.55155],[76.82108,10.63318],[76.82935,10.65297],[76.86376,10.66359],[76.87555,10.6785],[76.8897,10.78004],[76.88361,10.79735],[76.85436,10.8149],[76.82873,10.8696],[76.70377,10.92189],[76.67752,10.95626],[76.67246,10.9893],[76.68765,11.03346],[76.70873,11.0416],[76.74646,11.02894],[76.76754,11.0461],[76.74553,11.07062],[76.71917,11.13873],[76.68858,11.17381],[76.70274,11.23805],[76.64124,11.20864],[76.54068,11.20043],[76.49583,11.21508],[76.44839,11.20686],[76.44105,11.21407],[76.44415,11.2341],[76.47371,11.27071],[76.53376,11.31313],[76.54275,11.33796],[76.5167,11.3521],[76.48518,11.39251],[76.44818,11.40633],[76.40911,11.43682],[76.25626,11.47845],[76.23052,11.52914],[76.23734,11.56033],[76.23414,11.59436],[76.24075,11.60397],[76.29946,11.58754],[76.33925,11.59149],[76.37418,11.63159],[76.41532,11.64875],[76.41594,11.66683],[76.4394,11.69763],[76.48374,11.71954],[76.53221,11.70908],[76.54409,11.69712],[76.55019,11.64544],[76.56693,11.63376],[76.7508,11.64234],[76.82077,11.6256],[76.83245,11.64187],[76.84423,11.70471],[76.91823,11.80734],[76.9974,11.82592],[77.0127,11.82197],[77.0962,11.75042],[77.10737,11.75274],[77.12194,11.79254],[77.13083,11.79667],[77.22095,11.80228],[77.25919,11.8169],[77.29826,11.80644],[77.33857,11.78347],[77.40812,11.79161],[77.43386,11.81153],[77.46197,11.8824],[77.48977,11.92612],[77.51768,11.94036],[77.64232,11.95413],[77.67085,11.97131],[77.72593,12.05805],[77.76583,12.10068],[77.76872,12.12004],[77.73678,12.17409],[77.69865,12.19802],[77.66785,12.20388],[77.48336,12.20755],[77.48047,12.2315],[77.46476,12.2493],[77.46476,12.26153],[77.47995,12.28253],[77.52905,12.30822],[77.56078,12.33966],[77.6046,12.40578],[77.61979,12.48066],[77.61018,12.49544],[77.5768,12.49503],[77.58114,12.52722],[77.56873,12.55957],[77.58579,12.62409],[77.60935,12.67279],[77.64015,12.68207],[77.68976,12.67796],[77.76531,12.71873],[77.75622,12.75294],[77.7898,12.81074],[77.80128,12.85655],[77.84582,12.87154],[77.90484,12.87146],[77.92644,12.86092],[77.96488,12.81645],[77.98742,12.80436],[78.00705,12.81126],[78.02958,12.8487],[78.05625,12.84594],[78.16384,12.77529],[78.22957,12.75989],[78.27443,12.69744],[78.35277,12.6415],[78.38832,12.63246],[78.42574,12.63383],[78.44744,12.64352],[78.49064,12.68835],[78.50036,12.7448],[78.53364,12.73599],[78.57766,12.77049],[78.61053,12.84994],[78.64474,12.992],[78.66159,13.01365],[78.70365,13.02585],[78.72494,13.05778],[78.85868,13.08047],[78.86974,13.07509],[78.88369,13.04114],[78.90136,13.03781],[78.92245,13.05458],[78.93082,13.087],[78.96121,13.09323],[78.99883,13.08375],[79.01247,13.05559],[79.07758,13.03559],[79.16161,13.04492],[79.2508,13.14775],[79.27778,13.14798],[79.29473,13.13227],[79.31488,13.13199],[79.37865,13.19821],[79.4202,13.21999],[79.4266,13.23193],[79.42547,13.26816],[79.44955,13.33115],[79.49068,13.33988],[79.52221,13.33624],[79.54422,13.32353],[79.58205,13.2779],[79.68013,13.28914],[79.6885,13.28294],[79.69677,13.23581],[79.72085,13.22253],[79.77604,13.22082],[79.78493,13.22402],[79.7902,13.24193],[79.75599,13.27017],[79.75816,13.2933],[79.81635,13.29492],[79.8733,13.3172],[79.9567,13.36577],[79.96476,13.37846],[79.96011,13.40763],[79.96921,13.42714],[79.9998,13.45647],[80.0429,13.47179],[80.05416,13.48385],[80.05303,13.49726],[80.02946,13.51938],[80.03411,13.53414],[80.04796,13.53445],[80.08455,13.51305],[80.10863,13.51212],[80.09798,13.46918],[80.10253,13.45936],[80.15276,13.45941],[80.20227,13.44848],[80.26588,13.46825],[80.26238,13.45124],[80.3069,13.41303],[80.31373,13.42723],[80.327,13.43036],[80.344,13.37543],[80.34555,13.32123],[80.33416,13.24291],[80.31984,13.24917],[80.31373,13.21503],[80.33416,13.22118],[80.33277,13.19815],[80.3069,13.14606],[80.31373,13.10578],[80.28582,13.06757],[80.25172,12.76252],[80.22869,12.67499],[80.19646,12.61372],[80.1797,12.53262],[80.09596,12.36225],[80.05982,12.33422],[80.02573,12.27652],[80.00514,12.25605],[79.95216,12.22993],[79.94386,12.21784],[79.95314,12.21357],[80.00514,12.24177],[79.9275,12.12987],[79.89698,12.06875],[79.87013,12.03742],[79.86183,12.02204],[79.86183,11.97797],[79.84956,11.95518],[79.7778,11.91416],[79.7531,11.93803],[79.77108,11.96131],[79.7686,11.97749],[79.72116,11.97464],[79.69253,12.00198],[79.67072,11.97586],[79.69067,11.95374],[79.6947,11.92496],[79.70917,11.91413],[79.70307,11.85811],[79.73139,11.83907],[79.81087,11.83298],[79.80323,11.79609],[79.7859,11.76919],[79.75196,11.57697],[79.78598,11.42617],[79.79737,11.43488],[79.79298,11.45352],[79.80934,11.45136],[79.81666,11.44306],[79.82195,11.39106],[79.81031,11.37889],[79.7693,11.38093],[79.74985,11.37368],[79.68434,11.3122],[79.67628,11.29645],[79.75196,11.34052],[79.75929,11.35834],[79.79689,11.35904],[79.83302,11.34199],[79.83497,11.26386],[79.85532,11.15986],[79.84669,10.97983],[79.80612,10.98543],[79.78503,10.97091],[79.73749,10.98623],[79.7287,10.97608],[79.73976,10.96827],[79.74297,10.94383],[79.73263,10.94112],[79.72075,10.95168],[79.70504,10.95155],[79.70431,10.94362],[79.71734,10.9353],[79.70607,10.9213],[79.71238,10.90378],[79.73997,10.89569],[79.7502,10.88352],[79.76736,10.88856],[79.77439,10.87184],[79.80271,10.87081],[79.7933,10.8451],[79.79754,10.83588],[79.81459,10.81869],[79.84734,10.80964],[79.85027,10.59211],[79.85963,10.55146],[79.86378,10.37873],[79.8567,10.29328],[79.85133,10.28221],[79.7951,10.26923],[79.77858,10.27538],[79.78004,10.29662],[79.75709,10.30907],[79.63315,10.3286],[79.62127,10.32416],[79.61411,10.30956],[79.66179,10.30707],[79.70362,10.28905],[79.75896,10.28221],[79.77369,10.27367],[79.77247,10.2617],[79.75978,10.25825],[79.55665,10.29865],[79.55177,10.3133],[79.60402,10.32909],[79.60711,10.336],[79.58692,10.3437],[79.56772,10.33588],[79.52858,10.33832],[79.53224,10.32319],[79.45973,10.3083],[79.39812,10.32465],[79.28614,10.25283],[79.27223,10.23444],[79.26922,10.19782],[79.2483,10.1892],[79.23634,10.16657],[79.25416,10.05427],[79.27906,10.03583],[79.24073,10.01056],[79.20037,9.97028],[79.14186,9.89118],[79.10084,9.82608],[79.09409,9.80231],[79.03883,9.74722],[78.9808,9.66718],[78.97731,9.63793],[78.93832,9.58369],[78.91326,9.47427],[78.91529,9.45303],[78.93344,9.41645],[78.95973,9.38496],[79.03989,9.31468],[79.07472,9.29987],[79.11557,9.29125],[79.25172,9.28852],[79.32008,9.32331],[79.34108,9.31586],[79.34571,9.30654],[79.33367,9.27827],[79.35353,9.24091],[79.45362,9.159],[79.44028,9.15135],[79.424,9.15908],[79.36101,9.21345],[79.29274,9.25031],[79.16538,9.27424],[79.1294,9.25633],[79.08717,9.25381],[78.98894,9.27827],[78.9568,9.27485],[78.92897,9.25381],[78.84376,9.24396],[78.77711,9.21939],[78.72779,9.18744],[78.67628,9.18415],[78.66131,9.17719],[78.64894,9.15144],[78.63478,9.1446],[78.48585,9.12482],[78.41212,9.09984],[78.23976,8.96556],[78.18279,8.8771],[78.17449,8.79442],[78.16236,8.75348],[78.20045,8.76968],[78.21022,8.78828],[78.21518,8.76545],[78.1692,8.73363],[78.14047,8.68061],[78.14259,8.6579],[78.11459,8.6579],[78.13551,8.6258],[78.14234,8.59308],[78.12827,8.48802],[78.07984,8.43195],[78.05592,8.36372],[77.99977,8.34492],[77.80616,8.22866],[77.76832,8.18154],[77.59522,8.13898],[77.56105,8.11457],[77.56528,8.08251],[77.51092,8.076],[77.3156,8.12775],[77.28679,8.15351],[77.22527,8.18439],[77.11036,8.28518]]],[[[80.27776,13.51252],[80.2881,13.52709],[80.30958,13.47932],[80.31373,13.4409],[80.3069,13.4409],[80.27776,13.51252]]]]}},{"type":"Feature","properties":{"name":"Lakshadweep","code":"IN-LD","type":"Union Territory"},"geometry":{"type":"MultiPolygon","coordinates":[[[[72.17262,10.82998],[72.17905,10.8487],[72.20004,10.87808],[72.20004,10.86445],[72.1727,10.80923],[72.17262,10.82998]]],[[[72.54086,10.77652],[72.54249,10.7779],[72.54884,10.77945],[72.54119,10.7729],[72.54086,10.77652]]],[[[72.62745,10.55476],[72.64861,10.57396],[72.65056,10.57258],[72.64975,10.56688],[72.62745,10.55476]]],[[[72.70094,11.68643],[72.70509,11.69233],[72.71616,11.69416],[72.70525,11.68732],[72.70094,11.68643]]],[[[72.73951,11.11396],[72.74204,11.11595],[72.75001,11.11909],[72.74496,11.10952],[72.73951,11.11396]]],[[[72.77036,11.20367],[72.78907,11.26166],[72.79591,11.26166],[72.7754,11.18659],[72.77036,11.20367]]],[[[73.0044,11.49649],[73.01319,11.50218],[73.00563,11.47964],[73.0044,11.48884],[73.0044,11.49649]]],[[[73.02247,8.27436],[73.02931,8.27432],[73.02931,8.26],[73.04835,8.26756],[73.07301,8.2954],[73.07716,8.31525],[73.08302,8.31436],[73.05665,8.26],[73.03272,8.2495],[73.0241,8.25544],[73.02247,8.27436]]],[[[73.63169,10.06779],[73.63746,10.08706],[73.64389,10.09455],[73.64405,10.07697],[73.63258,10.05728],[73.63169,10.06779]]],[[[73.65561,10.14476],[73.65748,10.14509],[73.66228,10.1446],[73.65789,10.13906],[73.65561,10.14476]]],[[[73.6714,10.82974],[73.68124,10.82807],[73.68442,10.82754],[73.67286,10.82469],[73.6714,10.82974]]]]}},{"type":"Feature","properties":{"name":"Andaman and Nicobar","code":"IN-AN","type":"Union Territory"},"geometry":{"type":"MultiPolygon","coordinates":[[[[92.2173,11.59809],[92.27809,11.58381],[92.28688,11.56318],[92.285,11.54401],[92.2732,11.53107],[92.25213,11.52924],[92.23455,11.54035],[92.23024,11.57734],[92.2173,11.59809]]],[[[92.37672,10.78402],[92.40726,10.78989],[92.42897,10.85082],[92.4828,10.88562],[92.52759,10.89547],[92.56506,10.84931],[92.59806,10.7093],[92.59591,10.67836],[92.53984,10.62067],[92.54176,10.59172],[92.57421,10.58062],[92.53542,10.52486],[92.51303,10.50797],[92.47956,10.51607],[92.44414,10.54514],[92.42179,10.5462],[92.40647,10.52927],[92.38411,10.52933],[92.37806,10.54133],[92.40256,10.57521],[92.417,10.62906],[92.40892,10.64706],[92.37949,10.67212],[92.37672,10.78402]]],[[[92.52491,11.85749],[92.53972,11.89444],[92.57057,11.9326],[92.59474,11.89875],[92.61451,11.89912],[92.60768,11.8828],[92.61769,11.8664],[92.6294,11.94375],[92.62135,11.98794],[92.64186,12.03632],[92.64015,12.13614],[92.68181,12.21963],[92.69711,12.20767],[92.71306,12.23257],[92.72096,12.22655],[92.71949,12.17626],[92.72779,12.17284],[92.78403,12.18936],[92.79265,12.20767],[92.7824,12.2486],[92.75856,12.26594],[92.7588,12.27656],[92.7942,12.28319],[92.79265,12.29637],[92.77849,12.31013],[92.73365,12.31806],[92.71778,12.36249],[92.72169,12.59943],[92.75473,12.64956],[92.77898,12.65266],[92.78321,12.66498],[92.75473,12.67719],[92.74773,12.69269],[92.73748,12.8072],[92.76539,12.84512],[92.78566,12.84003],[92.8003,12.85782],[92.81324,12.90648],[92.81324,12.95808],[92.83473,13.00202],[92.80795,13.02009],[92.8296,13.10346],[92.85418,13.14606],[92.83367,13.17402],[92.84474,13.187],[92.84278,13.227],[92.86402,13.2355],[92.84986,13.28901],[92.85418,13.31061],[92.84116,13.3249],[92.84742,13.34492],[92.89137,13.40095],[92.89503,13.45458],[92.94288,13.50922],[92.94972,13.54462],[92.98439,13.5576],[92.99732,13.5467],[93.01173,13.55077],[93.00457,13.5622],[93.01173,13.57811],[93.01629,13.56737],[93.04249,13.57123],[93.06642,13.5371],[93.05372,13.47142],[93.05958,13.40681],[93.08009,13.41303],[93.07838,13.39712],[93.05787,13.38288],[93.04689,13.35741],[93.00424,13.33104],[93.00367,13.34862],[92.99513,13.35737],[92.98439,13.35643],[92.97706,13.34536],[92.99049,13.31782],[93.00457,13.31184],[93.02556,13.31615],[93.07944,13.25983],[93.0569,13.2248],[93.04811,13.1037],[93.03679,13.06216],[93.01954,13.03364],[92.99806,13.04369],[92.97934,13.02953],[92.96404,13.03685],[92.96404,13.08466],[92.95655,13.08466],[92.95655,13.06415],[92.93702,13.06708],[92.9284,13.02749],[92.95623,12.98168],[92.95265,12.97077],[92.93605,12.95429],[92.92742,12.98102],[92.90528,12.98224],[92.87631,12.91665],[92.89633,12.89973],[92.91554,12.91958],[92.92449,12.91437],[92.93263,12.89289],[92.96404,12.86494],[92.96803,12.80317],[92.95655,12.78303],[92.98439,12.7451],[92.99049,12.72431],[92.97291,12.62812],[92.98902,12.59211],[92.99057,12.51923],[92.9559,12.47744],[92.97022,12.46833],[92.93865,12.43814],[92.93605,12.41991],[92.89503,12.45466],[92.90187,12.43354],[92.84669,12.43354],[92.86362,12.38548],[92.89405,12.36811],[92.90187,12.34479],[92.91505,12.33836],[92.87924,12.31297],[92.90016,12.28319],[92.90187,12.26903],[92.87989,12.2436],[92.89422,12.20502],[92.87257,12.20148],[92.87452,12.18374],[92.8274,12.14012],[92.83367,12.11823],[92.80641,12.10456],[92.80893,12.09577],[92.79933,12.08954],[92.7575,12.07746],[92.79265,12.03632],[92.76368,12.03095],[92.75856,12.02204],[92.76539,12.02204],[92.74057,11.98363],[92.73748,11.87865],[92.74488,11.87865],[92.75375,11.93159],[92.76197,11.94013],[92.78793,11.93452],[92.79949,11.89912],[92.76002,11.70869],[92.75473,11.70112],[92.72291,11.69379],[92.68393,11.64989],[92.68279,11.61518],[92.69679,11.61123],[92.7107,11.62173],[92.7107,11.65957],[92.73121,11.65274],[92.73601,11.68244],[92.7461,11.68374],[92.76148,11.66364],[92.76539,11.6186],[92.74757,11.59785],[92.73512,11.52387],[92.71697,11.49445],[92.71314,11.50731],[92.68971,11.51557],[92.65895,11.54629],[92.65463,11.5738],[92.63356,11.58259],[92.62566,11.5954],[92.62135,11.6186],[92.64568,11.62983],[92.64869,11.6385],[92.61964,11.65131],[92.60377,11.7189],[92.57984,11.71418],[92.56324,11.72557],[92.56666,11.82714],[92.52809,11.84589],[92.52491,11.85749]]],[[[92.59897,11.40131],[92.60816,11.41132],[92.6312,11.41625],[92.63722,11.43016],[92.62762,11.47736],[92.63559,11.50804],[92.65414,11.50812],[92.67506,11.49042],[92.6963,11.45441],[92.67652,11.41254],[92.69988,11.38443],[92.67319,11.36734],[92.63502,11.3579],[92.59352,11.37836],[92.59897,11.40131]]],[[[92.67286,12.87861],[92.68279,12.96174],[92.70834,12.98867],[92.71697,12.98847],[92.73748,12.96174],[92.72999,12.89521],[92.72438,12.87238],[92.69711,12.8382],[92.69467,12.80378],[92.68279,12.79731],[92.67286,12.87861]]],[[[92.70851,9.20161],[92.71388,9.21345],[92.74513,9.22907],[92.7544,9.24445],[92.75099,9.26122],[92.76303,9.26415],[92.81137,9.23117],[92.83385,9.20236],[92.83198,9.14502],[92.79956,9.11015],[92.73121,9.13084],[92.72022,9.14712],[92.70851,9.20161]]],[[[92.94703,11.98969],[92.98072,12.03632],[93.0254,12.03156],[93.01856,12.01582],[93.06642,11.89912],[93.04933,11.89614],[93.02491,11.94013],[92.99057,11.95441],[92.94703,11.98969]]],[[[92.99057,13.66747],[93.03321,13.68024],[93.05274,13.6402],[93.0005,13.6577],[92.99057,13.66747]]],[[[93.05934,12.15355],[93.07325,12.20083],[93.09848,12.19941],[93.10385,12.18529],[93.09498,12.15176],[93.10328,12.10204],[93.09425,12.09097],[93.0643,12.12714],[93.05934,12.15355]]],[[[93.06129,8.32075],[93.06984,8.34662],[93.09506,8.35517],[93.10141,8.34577],[93.10402,8.27558],[93.11411,8.25642],[93.17628,8.21288],[93.16733,8.20454],[93.15349,8.20551],[93.10255,8.2215],[93.06577,8.26813],[93.06129,8.32075]]],[[[93.30502,7.94994],[93.3226,8.0021],[93.37029,8.01732],[93.39137,8.01557],[93.40122,7.96796],[93.43312,7.95429],[93.45981,7.91079],[93.45444,7.86929],[93.42124,7.89179],[93.36785,7.87861],[93.35426,7.88329],[93.34034,7.90127],[93.34816,7.92487],[93.34067,7.93171],[93.33269,7.92495],[93.31365,7.92918],[93.30502,7.94994]]],[[[93.44654,8.1645],[93.48585,8.22012],[93.52345,8.22582],[93.53167,8.2132],[93.53102,8.19375],[93.50522,8.14704],[93.53736,8.0478],[93.53191,8.03474],[93.5149,8.02766],[93.49496,7.99628],[93.48439,7.99189],[93.4808,8.04051],[93.49562,8.04938],[93.49781,8.062],[93.51482,8.05622],[93.51694,8.0633],[93.49781,8.08251],[93.4922,8.06362],[93.47975,8.06322],[93.46632,8.07441],[93.45737,8.08999],[93.44654,8.1645]]],[[[93.51148,7.99551],[93.52076,8.00438],[93.53932,7.99934],[93.54029,8.01618],[93.54835,8.02009],[93.5586,8.01362],[93.57423,7.96882],[93.57398,7.92487],[93.51832,7.96581],[93.51148,7.99551]]],[[[93.60694,7.3264],[93.61671,7.36726],[93.66725,7.38276],[93.69695,7.44505],[93.69947,7.39875],[93.73121,7.36937],[93.72853,7.3371],[93.67921,7.29833],[93.64422,7.25751],[93.62818,7.25332],[93.61793,7.25996],[93.61508,7.28742],[93.594,7.31476],[93.60694,7.3264]]],[[[93.59498,8.55801],[93.60768,8.56916],[93.60768,8.54804],[93.6268,8.50584],[93.62517,8.47362],[93.60971,8.43842],[93.60141,8.43818],[93.60768,8.50707],[93.59498,8.55801]]],[[[93.64967,7.11962],[93.67644,7.18187],[93.7173,7.18769],[93.73463,7.20551],[93.76531,7.21914],[93.77215,7.21174],[93.81398,7.24185],[93.83082,7.23591],[93.865,7.20067],[93.88706,7.0893],[93.92872,7.01236],[93.92986,6.95905],[93.89356,6.87678],[93.88942,6.84178],[93.90414,6.81924],[93.90309,6.8083],[93.8899,6.80097],[93.85939,6.80427],[93.83424,6.74555],[93.81267,6.75397],[93.81373,6.8083],[93.78443,6.83641],[93.79322,6.84919],[93.77573,6.86738],[93.77955,6.8902],[93.76612,6.90111],[93.76531,6.9243],[93.74806,6.92357],[93.71754,6.99262],[93.70362,7.00629],[93.66456,7.02652],[93.64918,7.01309],[93.64967,7.11962]]],[[[93.8519,12.27155],[93.86061,12.2812],[93.87281,12.26887],[93.85377,12.26056],[93.8519,12.27155]]],[[[94.26189,13.42927],[94.28094,13.44355],[94.29078,13.42292],[94.27491,13.42032],[94.26189,13.42927]]]]}},{"type":"Feature","properties":{"name":"Jharkhand","code":"IN-JH","type":"State"},"geometry":{"type":"MultiPolygon","coordinates":[[[[83.36021,24.19834],[83.4121,24.26808],[83.41623,24.30536],[83.45396,24.36159],[83.44868,24.38042],[83.40858,24.43288],[83.39422,24.47442],[83.40166,24.4983],[83.43783,24.52093],[83.5387,24.53127],[83.6959,24.50628],[83.75016,24.50838],[83.76774,24.51378],[83.78789,24.53731],[83.80887,24.54251],[83.8498,24.53507],[83.93827,24.54868],[83.99242,24.59142],[84.01165,24.63281],[84.02167,24.63904],[84.04389,24.6239],[84.10704,24.48455],[84.1305,24.46977],[84.14539,24.47665],[84.15686,24.51098],[84.16916,24.50551],[84.17412,24.47954],[84.19024,24.47659],[84.20295,24.52132],[84.24688,24.52688],[84.26879,24.51765],[84.28584,24.53158],[84.30538,24.5308],[84.3246,24.50295],[84.32522,24.47044],[84.31189,24.45114],[84.31437,24.44313],[84.36636,24.38812],[84.43446,24.3465],[84.45462,24.32038],[84.48449,24.30286],[84.51921,24.30751],[84.58825,24.39443],[84.61233,24.38073],[84.6576,24.37505],[84.6882,24.4307],[84.79847,24.49659],[84.82555,24.48491],[84.83516,24.43794],[84.8763,24.43644],[84.88901,24.37283],[84.90885,24.35368],[84.98182,24.3528],[85.08063,24.39332],[85.08848,24.38332],[85.08249,24.34854],[85.089,24.34195],[85.15773,24.39564],[85.16021,24.42133],[85.17096,24.43091],[85.27131,24.46703],[85.28061,24.48726],[85.37456,24.49964],[85.39141,24.50946],[85.48236,24.5093],[85.51708,24.49946],[85.55657,24.52794],[85.57837,24.5578],[85.61982,24.54992],[85.65682,24.55765],[85.6624,24.60573],[85.64731,24.64857],[85.6808,24.65855],[85.70829,24.73864],[85.73185,24.76655],[85.74601,24.77004],[85.83086,24.77092],[85.84916,24.76446],[85.91158,24.69847],[85.95933,24.70322],[86.04015,24.74999],[86.04687,24.7396],[86.03292,24.71239],[86.09772,24.69048],[86.10775,24.67165],[86.11767,24.59703],[86.13669,24.56959],[86.17441,24.55238],[86.22361,24.56793],[86.29048,24.55155],[86.30463,24.50031],[86.29843,24.48161],[86.27249,24.45445],[86.27642,24.43481],[86.35507,24.39528],[86.41636,24.35187],[86.43868,24.34038],[86.44974,24.34311],[86.46194,24.36314],[86.46256,24.39177],[86.48602,24.41047],[86.49439,24.4798],[86.58565,24.56145],[86.60736,24.56129],[86.64921,24.54266],[86.70234,24.54778],[86.72797,24.56013],[86.73789,24.58085],[86.75536,24.58814],[86.81323,24.55416],[86.88992,24.5316],[86.89075,24.56455],[86.91535,24.59726],[86.91783,24.61268],[87.01312,24.58604],[87.04226,24.5884],[87.06944,24.66806],[87.06666,24.69948],[87.07751,24.74534],[87.0681,24.77849],[87.11916,24.85114],[87.1173,24.97088],[87.12815,25.00163],[87.18551,25.06198],[87.21672,25.07255],[87.26137,25.06397],[87.28297,25.14971],[87.30251,25.18392],[87.35563,25.19707],[87.40669,25.18105],[87.42343,25.18854],[87.43614,25.2288],[87.45474,25.24332],[87.47076,25.28417],[87.52348,25.32378],[87.57019,25.30347],[87.59872,25.2667],[87.68119,25.24544],[87.74961,25.24823],[87.77018,25.23699],[87.78372,25.21409],[87.76945,25.17314],[87.77628,25.09679],[87.84408,25.04155],[87.87746,24.93887],[87.8819,24.89197],[87.86196,24.85153],[87.8542,24.7897],[87.82372,24.79688],[87.811,24.78554],[87.81741,24.76735],[87.85792,24.75528],[87.87477,24.72609],[87.87901,24.69438],[87.89534,24.66183],[87.87012,24.6347],[87.89999,24.62095],[87.888,24.59736],[87.84924,24.57953],[87.82299,24.58139],[87.78217,24.59982],[87.75085,24.59333],[87.75984,24.5815],[87.78899,24.56956],[87.78713,24.53383],[87.80046,24.50078],[87.77628,24.4643],[87.77576,24.41931],[87.7338,24.33469],[87.69184,24.29655],[87.62373,24.26048],[87.62455,24.22294],[87.65277,24.21891],[87.66341,24.20041],[87.66155,24.1862],[87.65091,24.17948],[87.59406,24.17845],[87.58187,24.13654],[87.56326,24.11207],[87.51727,24.13891],[87.48854,24.13243],[87.49123,24.05592],[87.45816,24.01983],[87.39718,24.02339],[87.33806,24.00184],[87.32814,24.0076],[87.32173,24.04267],[87.30902,24.05621],[87.23553,24.04042],[87.22572,24.02734],[87.25145,24.0005],[87.25672,23.98071],[87.27615,23.96613],[87.28514,23.94068],[87.27563,23.91554],[87.25042,23.90554],[87.24122,23.85084],[87.2251,23.8463],[87.20535,23.86888],[87.14469,23.87813],[87.13942,23.85994],[87.17032,23.82353],[87.16629,23.81023],[87.13187,23.80312],[87.07968,23.81521],[87.0156,23.8596],[86.97994,23.86387],[86.90728,23.90578],[86.87721,23.91306],[86.81509,23.83668],[86.81003,23.81255],[86.82243,23.7769],[86.81788,23.75013],[86.7998,23.72553],[86.64611,23.6969],[86.45853,23.63861],[86.41047,23.61657],[86.34835,23.56794],[86.33647,23.50844],[86.27301,23.45374],[86.22795,23.44325],[86.18485,23.47226],[86.12645,23.49247],[86.12149,23.50089],[86.13452,23.55887],[86.12914,23.57835],[86.09834,23.57874],[86.03912,23.60716],[86.01556,23.60179],[86.00222,23.58564],[86.01587,23.52931],[86.00481,23.51422],[85.84947,23.49319],[85.82549,23.47932],[85.82311,23.45387],[85.84151,23.4301],[85.87851,23.42805],[85.89484,23.41648],[85.88068,23.3563],[85.84399,23.30703],[85.82983,23.2608],[85.83913,23.24062],[85.87117,23.2107],[85.88843,23.16308],[85.94249,23.18034],[86.00191,23.1651],[86.14247,23.02826],[86.17803,23.00573],[86.21802,23.01989],[86.2605,23.01981],[86.31404,23.0086],[86.45046,23.0042],[86.50648,22.98834],[86.49522,22.97694],[86.44147,22.96402],[86.41047,22.93578],[86.41481,22.90594],[86.40189,22.87287],[86.3991,22.78497],[86.45232,22.74536],[86.49873,22.74313],[86.52436,22.72941],[86.58689,22.68068],[86.59464,22.63255],[86.61139,22.60425],[86.6396,22.59154],[86.70234,22.58588],[86.74006,22.55821],[86.75939,22.51209],[86.75091,22.50268],[86.71629,22.50558],[86.71815,22.4694],[86.78988,22.41564],[86.80331,22.34838],[86.85251,22.30202],[86.8339,22.28833],[86.77231,22.28391],[86.76187,22.24061],[86.72869,22.24647],[86.68652,22.21802],[86.64663,22.23487],[86.60219,22.27285],[86.49718,22.33468],[86.40158,22.32001],[86.36603,22.33006],[86.33275,22.35667],[86.28954,22.40905],[86.10248,22.50013],[86.06475,22.54588],[86.03984,22.55674],[86.02062,22.54793],[85.99768,22.51914],[85.93784,22.49917],[85.94062,22.46814],[85.98248,22.41083],[85.99323,22.3352],[85.98992,22.30078],[85.96522,22.26319],[85.9646,22.24487],[85.98827,22.18754],[85.97256,22.13351],[85.97411,22.10459],[85.91623,22.02212],[85.87748,21.9961],[85.83428,21.98613],[85.78467,22.01189],[85.78064,22.0222],[85.77908,22.07194],[85.80058,22.10622],[85.79221,22.12909],[85.74642,22.10116],[85.67914,22.07586],[85.55068,22.10759],[85.44856,22.16252],[85.41001,22.16201],[85.32413,22.12669],[85.22015,22.02915],[85.18708,22.05961],[85.09789,22.11346],[85.05034,22.1209],[84.98626,22.10666],[85.04001,22.21637],[85.09334,22.29022],[85.10471,22.33083],[85.10037,22.39396],[85.06554,22.5032],[84.98802,22.45222],[84.9441,22.44524],[84.90834,22.42196],[84.80085,22.45018],[84.76891,22.44558],[84.73367,22.42729],[84.51673,22.42142],[84.50505,22.41057],[84.4973,22.3722],[84.42082,22.33099],[84.31096,22.32401],[84.23086,22.35734],[84.17856,22.36437],[84.14776,22.38677],[84.06704,22.49958],[84.00741,22.53152],[83.9702,22.53935],[83.99191,22.58968],[84.0195,22.60379],[84.0565,22.63932],[84.11128,22.64394],[84.19096,22.70094],[84.22828,22.78308],[84.26052,22.79944],[84.3369,22.86189],[84.35333,22.89648],[84.33101,22.9703],[84.3184,22.98539],[84.28222,23.0001],[84.21711,22.99521],[84.15159,23.02436],[84.14539,22.99335],[84.115,22.99886],[84.08906,23.08482],[84.02891,23.14611],[84.02002,23.18709],[84.03862,23.3094],[84.0225,23.37214],[83.99894,23.3894],[83.95635,23.35868],[83.94395,23.38291],[83.95222,23.47492],[84.01454,23.55399],[83.99118,23.63176],[83.96927,23.64352],[83.92369,23.62349],[83.91625,23.56376],[83.84463,23.58874],[83.7882,23.58546],[83.76153,23.59652],[83.72081,23.67615],[83.73528,23.73834],[83.71182,23.80098],[83.54036,23.95673],[83.52382,23.99949],[83.52176,24.0659],[83.5107,24.0829],[83.45148,24.11936],[83.3906,24.12478],[83.33706,24.14023],[83.36021,24.19834]]]]}},{"type":"Feature","properties":{"name":"Delhi","code":"IN-DL","type":"Union Territory"},"geometry":{"type":"MultiPolygon","coordinates":[[[[77.21671,28.84351],[77.20628,28.82186],[77.22715,28.78359],[77.30694,28.7206],[77.31707,28.696],[77.33753,28.62619],[77.30508,28.59045],[77.29784,28.56939],[77.3274,28.51971],[77.26973,28.51028],[77.24131,28.49746],[77.22271,28.47738],[77.23986,28.44754],[77.19356,28.43261],[77.15243,28.44599],[77.10054,28.4756],[77.07088,28.52857],[77.00339,28.5589],[76.9912,28.55797],[76.97756,28.53459],[76.87265,28.51942],[76.86748,28.53883],[76.83369,28.57893],[76.87234,28.62815],[76.91596,28.64215],[76.92226,28.67086],[76.94727,28.69616],[76.93642,28.7251],[76.93404,28.79189],[76.94355,28.82628],[76.97859,28.84715],[77.03616,28.85328],[77.06799,28.88209],[77.15522,28.86165],[77.2008,28.87679],[77.21671,28.84351]]]]}},{"type":"Feature","properties":{"name":"Chandigarh","code":"IN-CH","type":"Union Territory"},"geometry":{"type":"MultiPolygon","coordinates":[[[[76.81457,30.78913],[76.81333,30.77027],[76.82625,30.74296],[76.8188,30.70319],[76.82728,30.68071],[76.8003,30.68268],[76.78056,30.67345],[76.6954,30.75588],[76.69695,30.77634],[76.7415,30.79649],[76.77395,30.79902],[76.81457,30.78913]]]]}},{"type":"Feature","properties":{"name":"Madhya Pradesh","code":"IN-MP","type":"State"},"geometry":{"type":"MultiPolygon","coordinates":[[[[78.3506,26.85846],[78.37148,26.85105],[78.38491,26.82681],[78.42811,26.82255],[78.4616,26.79227],[78.51803,26.7832],[78.5635,26.7585],[78.59523,26.75839],[78.61425,26.77638],[78.65528,26.77638],[78.69321,26.79787],[78.71006,26.79888],[78.72412,26.77638],[78.74541,26.78922],[78.7545,26.78573],[78.76194,26.76524],[78.79243,26.76209],[78.86126,26.70126],[78.92607,26.70622],[78.93578,26.69444],[78.95997,26.59667],[79.041,26.468],[79.05205,26.41149],[79.03965,26.37506],[79.06115,26.34937],[79.01929,26.2938],[78.96327,26.27809],[78.93816,26.2546],[78.93857,26.23047],[78.95656,26.19781],[78.92131,26.17267],[78.91997,26.14466],[78.95408,26.10998],[78.95314,26.10032],[78.91439,26.04275],[78.87966,25.95609],[78.83522,25.90573],[78.80835,25.84155],[78.73982,25.7898],[78.72711,25.74021],[78.75357,25.67427],[78.74758,25.64272],[78.7145,25.62593],[78.61611,25.60761],[78.54645,25.57257],[78.48175,25.57766],[78.37054,25.55268],[78.3567,25.5396],[78.34657,25.48643],[78.33003,25.46478],[78.25117,25.39783],[78.25644,25.37672],[78.29768,25.32781],[78.36052,25.21045],[78.36631,25.18601],[78.33044,25.08198],[78.34068,25.04581],[78.32486,25.00217],[78.25727,24.94021],[78.18038,24.89251],[78.16911,24.86546],[78.18193,24.84657],[78.19784,24.83944],[78.22492,24.79412],[78.23071,24.7343],[78.2613,24.69265],[78.26482,24.66914],[78.25799,24.64493],[78.27226,24.62444],[78.26482,24.58349],[78.22389,24.51923],[78.24435,24.48788],[78.26988,24.47768],[78.27753,24.45311],[78.35049,24.40797],[78.35018,24.39257],[78.3292,24.35368],[78.33572,24.33102],[78.35649,24.30916],[78.38553,24.30123],[78.42346,24.31826],[78.44238,24.33738],[78.46325,24.40177],[78.4894,24.41078],[78.53581,24.38859],[78.6559,24.29459],[78.68877,24.28291],[78.74665,24.27942],[78.76215,24.23565],[78.79212,24.21738],[78.8098,24.22023],[78.86684,24.27214],[78.90198,24.34637],[78.955,24.39254],[78.97237,24.42257],[78.97826,24.46742],[78.91625,24.4868],[78.92245,24.53331],[78.89341,24.57129],[78.87108,24.62573],[78.85651,24.6386],[78.82705,24.6471],[78.74014,24.631],[78.71977,24.6564],[78.71543,24.68511],[78.73621,24.72554],[78.7237,24.84872],[78.64887,24.94073],[78.61952,25.06467],[78.61787,25.10888],[78.57374,25.21216],[78.51358,25.27337],[78.53043,25.31566],[78.57932,25.36992],[78.5758,25.39403],[78.58211,25.40674],[78.61167,25.41543],[78.65228,25.40946],[78.67523,25.38251],[78.72753,25.34639],[78.73827,25.3598],[78.73145,25.39592],[78.74882,25.42615],[78.72256,25.46173],[78.72691,25.49446],[78.78189,25.52402],[78.79718,25.49976],[78.8008,25.42687],[78.81693,25.41718],[78.83553,25.41974],[78.8531,25.43403],[78.85527,25.50209],[78.86974,25.52506],[78.89113,25.53811],[78.91315,25.52534],[78.91914,25.50459],[78.90912,25.44139],[78.95314,25.44235],[78.95997,25.42654],[78.9549,25.38571],[78.93413,25.34649],[78.93547,25.30406],[78.88504,25.26554],[78.86767,25.23774],[78.86395,25.19162],[78.87945,25.17479],[78.90767,25.1864],[78.93785,25.21965],[78.98343,25.23738],[78.98674,25.27624],[78.99862,25.2827],[79.01433,25.28125],[79.0474,25.25693],[79.01133,25.21399],[79.00875,25.19159],[79.02404,25.17464],[79.08471,25.19526],[79.109,25.19503],[79.11593,25.15381],[79.12585,25.14384],[79.1428,25.15071],[79.17153,25.18167],[79.27953,25.16428],[79.2907,25.18877],[79.26196,25.29592],[79.27592,25.33404],[79.30248,25.36458],[79.31157,25.36455],[79.3248,25.3498],[79.28956,25.27954],[79.29452,25.25942],[79.31033,25.24381],[79.32387,25.24443],[79.35891,25.27872],[79.39777,25.27484],[79.43032,25.29934],[79.4418,25.29727],[79.42474,25.25719],[79.37772,25.18792],[79.33906,25.14741],[79.3309,25.09935],[79.34713,25.07521],[79.39198,25.07413],[79.3926,25.13074],[79.39901,25.14133],[79.43808,25.14164],[79.45854,25.10599],[79.47952,25.10555],[79.50081,25.12022],[79.5312,25.16872],[79.55373,25.17903],[79.6485,25.14927],[79.76757,25.15619],[79.80167,25.13193],[79.86699,25.15583],[79.86771,25.17058],[79.83382,25.2236],[79.83474,25.2343],[79.85211,25.24784],[79.91536,25.2598],[80.0153,25.33091],[80.08703,25.36163],[80.12455,25.35096],[80.16775,25.38026],[80.19813,25.41643],[80.2279,25.40866],[80.27575,25.41648],[80.30924,25.3778],[80.32205,25.28828],[80.35575,25.26957],[80.3758,25.24412],[80.39936,25.24404],[80.422,25.18598],[80.41331,25.17112],[80.35451,25.14381],[80.30469,25.08927],[80.26986,25.0886],[80.26531,25.06382],[80.27182,25.04108],[80.29715,25.01206],[80.3513,25.0232],[80.40701,25.01336],[80.4067,25.06377],[80.45197,25.01865],[80.47822,25.01834],[80.51512,25.04067],[80.51388,25.05046],[80.47026,25.07374],[80.45848,25.11705],[80.5206,25.10374],[80.54643,25.10754],[80.55429,25.11743],[80.55243,25.14738],[80.56462,25.15244],[80.57951,25.14792],[80.60586,25.10136],[80.63883,25.07343],[80.7179,25.08198],[80.72916,25.09539],[80.72575,25.10415],[80.66642,25.14971],[80.77743,25.16309],[80.80223,25.20983],[80.83541,25.21774],[80.85618,25.208],[80.85887,25.18756],[80.82993,25.12485],[80.82435,25.08736],[80.79572,25.05994],[80.79055,25.03256],[80.76492,25.00005],[80.76172,24.98331],[80.77867,24.9715],[80.80502,24.96881],[80.90042,24.9839],[80.94372,24.95326],[81.0047,24.96644],[81.09813,24.90861],[81.1312,24.94538],[81.18143,24.95814],[81.18484,24.97292],[81.17461,25.01108],[81.23549,25.08912],[81.24148,25.11519],[81.23404,25.15637],[81.24324,25.16952],[81.28106,25.16459],[81.30918,25.17193],[81.36054,25.15697],[81.37078,25.1487],[81.36488,25.12123],[81.36964,25.11162],[81.41842,25.10413],[81.45687,25.11141],[81.46917,25.12694],[81.46204,25.14009],[81.42534,25.16482],[81.53697,25.19975],[81.55846,25.171],[81.56332,25.14304],[81.57996,25.1165],[81.57345,25.09816],[81.57789,25.08454],[81.66512,25.06446],[81.7076,25.06529],[81.72672,25.02984],[81.75277,25.02049],[81.80806,25.0355],[81.84206,25.02708],[81.874,24.98021],[81.86656,24.94287],[81.87317,24.92998],[81.95606,24.87102],[81.98025,24.86189],[82.03316,24.85949],[82.12215,24.8081],[82.15502,24.81632],[82.19553,24.84394],[82.20866,24.84311],[82.21641,24.80626],[82.20514,24.77815],[82.20804,24.7643],[82.23326,24.75875],[82.26302,24.79117],[82.26519,24.71544],[82.27615,24.70544],[82.31005,24.7065],[82.32338,24.69376],[82.32617,24.67992],[82.30271,24.63814],[82.30705,24.63201],[82.40968,24.63563],[82.42746,24.65878],[82.42714,24.71857],[82.4534,24.72201],[82.5491,24.69188],[82.59509,24.68774],[82.70816,24.72152],[82.71746,24.71087],[82.71653,24.68043],[82.73173,24.67149],[82.77214,24.66831],[82.79477,24.61677],[82.81802,24.5894],[82.80841,24.56641],[82.79694,24.5609],[82.75023,24.56796],[82.73441,24.55163],[82.7433,24.5067],[82.73255,24.4273],[82.73968,24.41391],[82.76346,24.39905],[82.7648,24.33004],[82.74113,24.2778],[82.73286,24.21413],[82.70899,24.19423],[82.68067,24.19098],[82.67385,24.18033],[82.68708,24.15581],[82.73607,24.11504],[82.73452,24.06587],[82.76966,24.0413],[82.80087,23.99872],[82.7865,23.98086],[82.77906,23.939],[82.73669,23.91407],[82.67002,23.89557],[82.65772,23.88454],[82.6508,23.84482],[82.64305,23.83707],[82.56791,23.80413],[82.53174,23.77537],[82.49866,23.7724],[82.41536,23.78307],[82.2625,23.78558],[82.20359,23.80049],[82.0774,23.80136],[82.00495,23.8364],[81.93694,23.84066],[81.83607,23.7954],[81.80868,23.79475],[81.77819,23.80188],[81.74491,23.82488],[81.68187,23.88513],[81.64125,23.88531],[81.61955,23.86756],[81.62926,23.85829],[81.62492,23.82441],[81.6859,23.70651],[81.68621,23.69031],[81.65562,23.64848],[81.61892,23.62734],[81.61469,23.59176],[81.59143,23.56117],[81.62833,23.48782],[81.64414,23.48206],[81.65768,23.4872],[81.7446,23.54259],[81.75948,23.54352],[81.85819,23.50771],[81.90718,23.50518],[81.92754,23.49541],[81.99141,23.40054],[82.02593,23.38769],[82.0344,23.36762],[82.11326,23.36883],[82.17372,23.32635],[82.18633,23.30943],[82.18974,23.28873],[82.16463,23.21024],[82.15657,23.1483],[82.12938,23.0965],[82.07078,23.10035],[82.02045,23.07143],[81.94614,23.04296],[81.93415,23.01733],[81.94459,22.96304],[81.94025,22.94584],[81.86532,22.88147],[81.78853,22.85295],[81.77933,22.83582],[81.78522,22.7443],[81.76176,22.71637],[81.76641,22.66399],[81.66957,22.60929],[81.655,22.59118],[81.64228,22.55085],[81.60332,22.53369],[81.53955,22.52],[81.44819,22.44979],[81.4178,22.43749],[81.40292,22.44837],[81.38421,22.48114],[81.35806,22.49796],[81.34452,22.49715],[81.32034,22.47796],[81.27734,22.46984],[81.23487,22.4445],[81.21213,22.45235],[81.19942,22.48176],[81.17802,22.47842],[81.16479,22.4653],[81.13089,22.42287],[81.12252,22.40052],[81.1189,22.29461],[81.09544,22.2567],[81.05369,22.23363],[81.03064,22.21066],[81.01607,22.12948],[80.98641,22.11454],[81.00336,22.07775],[81.00222,22.06312],[80.99333,22.05199],[80.97772,22.05284],[80.94982,22.09289],[80.93473,22.09994],[80.90341,22.08529],[80.8351,21.95099],[80.83789,21.84614],[80.82156,21.80278],[80.80512,21.7743],[80.78776,21.7612],[80.75407,21.75648],[80.73981,21.74146],[80.7305,21.71431],[80.71758,21.58556],[80.72141,21.47321],[80.67903,21.35115],[80.6256,21.32648],[80.48442,21.40182],[80.40267,21.39433],[80.39533,21.41487],[80.41755,21.44683],[80.40267,21.48021],[80.33745,21.52553],[80.3236,21.54114],[80.31017,21.58023],[80.24805,21.5968],[80.18666,21.63948],[80.16413,21.62119],[80.08868,21.59178],[80.08031,21.57158],[80.00528,21.54832],[79.98471,21.54832],[79.97789,21.56197],[79.96528,21.56259],[79.93355,21.55452],[79.89645,21.53251],[79.84973,21.52941],[79.81314,21.57977],[79.75878,21.59408],[79.70483,21.58403],[79.66028,21.58519],[79.60013,21.54737],[79.5652,21.53882],[79.55156,21.55003],[79.53306,21.61928],[79.49833,21.63966],[79.48634,21.66348],[79.4264,21.68726],[79.33193,21.69028],[79.25866,21.71426],[79.23757,21.70935],[79.22734,21.66392],[79.21576,21.65457],[79.08151,21.61287],[78.99614,21.60344],[78.95035,21.59036],[78.92193,21.57228],[78.93227,21.53468],[78.91759,21.51391],[78.79956,21.48931],[78.696,21.47476],[78.62665,21.47941],[78.56123,21.4961],[78.5263,21.52124],[78.49715,21.52853],[78.45509,21.50936],[78.42791,21.50848],[78.41333,21.6063],[78.3938,21.6223],[78.366,21.62542],[78.34037,21.6199],[78.31019,21.58633],[78.19268,21.55111],[78.14441,21.49866],[78.0856,21.46241],[77.91021,21.40058],[77.87145,21.3981],[77.79446,21.42456],[77.70299,21.37792],[77.67622,21.3951],[77.63808,21.39877],[77.56842,21.38642],[77.53928,21.41239],[77.51954,21.41766],[77.4938,21.3912],[77.48181,21.42389],[77.4322,21.50086],[77.432,21.53422],[77.44399,21.54714],[77.4568,21.5485],[77.55519,21.54248],[77.57494,21.54832],[77.5614,21.58354],[77.56202,21.6262],[77.54837,21.70744],[77.50372,21.73289],[77.49329,21.75477],[77.47406,21.7673],[77.33298,21.77446],[77.31645,21.76981],[77.28555,21.74069],[77.25113,21.73121],[77.23707,21.70966],[77.21899,21.70085],[77.2039,21.7034],[77.17889,21.72617],[77.11553,21.72405],[77.02882,21.69359],[76.9174,21.61809],[76.84361,21.61336],[76.81405,21.60013],[76.79369,21.577],[76.77705,21.48011],[76.74946,21.45303],[76.72041,21.40345],[76.63711,21.34921],[76.63556,21.33146],[76.65334,21.29382],[76.65396,21.25131],[76.62595,21.20884],[76.52363,21.19158],[76.49831,21.18036],[76.43661,21.10781],[76.41035,21.09672],[76.28664,21.07481],[76.1868,21.08582],[76.16686,21.09432],[76.14391,21.10688],[76.10856,21.15313],[76.10619,21.17222],[76.1312,21.17628],[76.14288,21.19312],[76.13048,21.28012],[76.10805,21.33242],[76.08293,21.36808],[76.03963,21.3657],[75.9523,21.39092],[75.87778,21.39978],[75.81401,21.38337],[75.70652,21.37815],[75.62518,21.38546],[75.52111,21.37177],[75.31192,21.38146],[75.2095,21.40288],[75.12992,21.43768],[75.0677,21.53473],[75.01147,21.57349],[74.95608,21.57793],[74.90368,21.60899],[74.86471,21.61612],[74.70813,21.61116],[74.6609,21.64529],[74.59155,21.66788],[74.52117,21.71756],[74.4882,21.80508],[74.49419,21.91701],[74.48561,21.94597],[74.40769,22.02305],[74.39177,22.0217],[74.35198,21.98651],[74.28997,21.96602],[74.28439,21.94494],[74.24904,21.92977],[74.20491,21.92507],[74.12884,21.95176],[74.12905,22.02465],[74.14062,22.07147],[74.11726,22.10204],[74.09639,22.1735],[74.06621,22.20562],[74.05939,22.32063],[74.0722,22.3443],[74.08492,22.34941],[74.1368,22.32091],[74.19654,22.33269],[74.23426,22.35889],[74.24573,22.38561],[74.23457,22.40336],[74.19654,22.41494],[74.11303,22.41067],[74.09814,22.41693],[74.02569,22.47961],[74.03344,22.50963],[74.05763,22.52136],[74.11974,22.50439],[74.15147,22.51031],[74.19757,22.5556],[74.27271,22.60965],[74.33017,22.61524],[74.36893,22.64118],[74.45812,22.80411],[74.45905,22.82246],[74.4266,22.87163],[74.40086,22.8816],[74.37058,22.87279],[74.35932,22.8838],[74.34392,22.98692],[74.32345,23.03606],[74.36335,23.06505],[74.38743,23.0726],[74.47611,23.06236],[74.55,23.09874],[74.61191,23.11267],[74.7196,23.16944],[74.65842,23.22646],[74.6115,23.22812],[74.53636,23.25091],[74.52303,23.26548],[74.52127,23.28974],[74.56954,23.36785],[74.63144,23.42035],[74.7224,23.45219],[74.77903,23.48743],[74.82296,23.50012],[74.85334,23.52696],[74.87184,23.55192],[74.89944,23.62039],[74.93499,23.66641],[74.93851,23.72168],[74.9322,23.75243],[74.90657,23.79131],[74.90306,23.85526],[74.90833,23.89673],[74.96848,24.0413],[74.91918,24.0883],[74.90027,24.11739],[74.88828,24.15535],[74.88497,24.20498],[74.86998,24.23612],[74.82389,24.26126],[74.74565,24.25728],[74.73097,24.26777],[74.75402,24.30412],[74.76642,24.35872],[74.82368,24.40448],[74.84683,24.43551],[74.84487,24.45499],[74.8335,24.46636],[74.72022,24.50031],[74.71185,24.52385],[74.7843,24.66813],[74.76921,24.73097],[74.77138,24.76363],[74.78141,24.78174],[74.79764,24.77451],[74.81035,24.72673],[74.83991,24.70444],[74.85851,24.67193],[74.88114,24.66488],[74.9323,24.66909],[74.9569,24.68302],[74.96538,24.69405],[74.97923,24.77745],[74.96652,24.79022],[74.92889,24.78577],[74.83257,24.80053],[74.83753,24.85941],[74.81707,24.9275],[74.84559,24.93238],[74.86172,24.92703],[74.89965,24.89716],[74.96682,24.86621],[74.99514,24.86412],[75.04889,24.89848],[75.07803,24.88887],[75.0954,24.89659],[75.10377,24.9275],[75.09385,24.97778],[75.12289,25.0125],[75.13333,25.04002],[75.15782,25.04581],[75.23513,25.04023],[75.31936,25.05956],[75.3206,25.04387],[75.29156,24.99628],[75.31792,24.95525],[75.32029,24.93525],[75.3052,24.92602],[75.25136,24.93654],[75.24515,24.91142],[75.2681,24.89329],[75.29766,24.88763],[75.38726,24.90458],[75.40514,24.90189],[75.40576,24.89021],[75.38437,24.86381],[75.35502,24.84732],[75.29745,24.83939],[75.24732,24.85205],[75.20247,24.89292],[75.18686,24.8929],[75.18387,24.87796],[75.21043,24.82104],[75.20154,24.80107],[75.17363,24.77466],[75.17508,24.75053],[75.19224,24.7319],[75.22076,24.72082],[75.30861,24.72469],[75.38757,24.70475],[75.44804,24.70314],[75.64895,24.73834],[75.71748,24.77466],[75.74704,24.78009],[75.78187,24.75908],[75.81339,24.71766],[75.81856,24.69754],[75.8137,24.6639],[75.86941,24.59938],[75.87395,24.50109],[75.86103,24.48073],[75.83757,24.46998],[75.7922,24.49416],[75.76543,24.49336],[75.74497,24.46884],[75.73443,24.42396],[75.75179,24.34226],[75.79664,24.31407],[75.80398,24.29252],[75.79478,24.25165],[75.75923,24.2116],[75.74642,24.17188],[75.76347,24.14101],[75.80502,24.11912],[75.8108,24.10827],[75.80615,24.0977],[75.76533,24.05535],[75.72998,24.00068],[75.68358,24.02463],[75.64492,23.99952],[75.62177,23.99523],[75.52948,24.04259],[75.51304,24.03603],[75.48607,23.98892],[75.49031,23.93993],[75.50137,23.92174],[75.57816,23.87573],[75.59707,23.8179],[75.65309,23.81038],[75.69288,23.78914],[75.70538,23.80346],[75.72668,23.85878],[75.72027,23.90647],[75.72874,23.91624],[75.74828,23.91231],[75.77649,23.88314],[75.79251,23.88188],[75.89938,23.91833],[75.98671,23.96489],[76.0018,23.99797],[75.9802,24.02595],[75.98475,24.03685],[76.08324,24.09814],[76.11663,24.13403],[76.12396,24.312],[76.13275,24.32939],[76.17357,24.35149],[76.18897,24.35208],[76.19021,24.31061],[76.2145,24.28376],[76.23031,24.27787],[76.30473,24.28314],[76.38152,24.26002],[76.45614,24.26503],[76.47753,24.25346],[76.49479,24.21441],[76.51154,24.20909],[76.55205,24.22139],[76.566,24.26208],[76.58171,24.28245],[76.66078,24.3096],[76.67411,24.29477],[76.65396,24.24054],[76.66915,24.22359],[76.76661,24.16033],[76.79472,24.16144],[76.82222,24.17449],[76.86273,24.17504],[76.89415,24.22966],[76.82046,24.3373],[76.81643,24.42606],[76.80578,24.4621],[76.81446,24.50584],[76.80671,24.5654],[76.82842,24.57664],[76.87575,24.5653],[76.89632,24.53393],[76.8988,24.50008],[76.92226,24.49608],[77.03523,24.5384],[77.05889,24.56163],[77.06086,24.57785],[77.04618,24.64958],[77.01456,24.69916],[76.95637,24.7426],[76.87782,24.74392],[76.84805,24.7597],[76.78274,24.82675],[76.78056,24.83714],[76.79193,24.85169],[76.85756,24.86644],[76.88175,24.89052],[76.87823,24.9354],[76.84588,25.00015],[76.84733,25.01238],[76.86903,25.04015],[76.99936,25.08772],[77.08804,25.09369],[77.20038,25.12934],[77.2349,25.12255],[77.26601,25.13046],[77.30973,25.10997],[77.32885,25.10862],[77.38239,25.14291],[77.38797,25.19089],[77.39892,25.21223],[77.35789,25.27993],[77.36534,25.32442],[77.3428,25.36768],[77.35851,25.41186],[77.34652,25.43134],[77.32771,25.4432],[77.28121,25.44266],[77.23707,25.42225],[77.20814,25.36481],[77.18106,25.34254],[77.14127,25.34197],[77.09579,25.35538],[77.00153,25.31755],[76.94696,25.31856],[76.92278,25.30639],[76.86966,25.33794],[76.81912,25.34447],[76.77312,25.33218],[76.70594,25.37264],[76.6523,25.37918],[76.63339,25.39266],[76.6029,25.43741],[76.55143,25.46013],[76.52146,25.55017],[76.49221,25.68675],[76.47836,25.7198],[76.48746,25.73711],[76.51267,25.74463],[76.52311,25.81215],[76.54595,25.84829],[76.59194,25.88059],[76.62057,25.88506],[76.64114,25.92043],[76.72703,25.9163],[76.74015,25.92322],[76.77023,25.95397],[76.79607,25.96454],[76.8155,26.01883],[76.88754,26.06381],[76.908,26.09859],[76.93745,26.10425],[76.96939,26.12939],[76.99192,26.1359],[77.0189,26.17166],[77.04908,26.18427],[77.08246,26.18528],[77.09496,26.19866],[77.09982,26.22145],[77.12473,26.23786],[77.20969,26.24196],[77.28813,26.3],[77.30529,26.33134],[77.33578,26.3611],[77.40761,26.37229],[77.41515,26.36485],[77.43127,26.37366],[77.43148,26.40015],[77.44182,26.41327],[77.51437,26.41637],[77.61679,26.48298],[77.71508,26.50603],[77.74402,26.53616],[77.80892,26.55928],[77.83146,26.57577],[77.81916,26.60507],[77.88065,26.62556],[77.88902,26.65166],[77.90277,26.66403],[77.95,26.66982],[78.01284,26.69558],[78.03847,26.68181],[78.0794,26.68292],[78.08736,26.72113],[78.10038,26.74286],[78.09294,26.77979],[78.10121,26.79511],[78.15154,26.7832],[78.16498,26.79193],[78.16901,26.82216],[78.25489,26.81733],[78.286,26.85485],[78.3506,26.85846]]]]}},{"type":"Feature","properties":{"name":"Chhattisgarh","code":"IN-CT","type":"State"},"geometry":{"type":"MultiPolygon","coordinates":[[[[83.104,23.91221],[83.22131,23.95422],[83.2518,23.99996],[83.25996,24.04778],[83.30978,24.08432],[83.33706,24.14023],[83.3906,24.12478],[83.45148,24.11936],[83.5107,24.0829],[83.52176,24.0659],[83.52382,23.99949],[83.54036,23.95673],[83.71182,23.80098],[83.73528,23.73834],[83.72081,23.67615],[83.76153,23.59652],[83.7882,23.58546],[83.84463,23.58874],[83.91625,23.56376],[83.92369,23.62349],[83.96927,23.64352],[83.98633,23.63902],[84.01454,23.55399],[83.95222,23.47492],[83.94395,23.38291],[83.95077,23.36266],[83.9609,23.3587],[83.9918,23.38645],[84.00431,23.3885],[84.02829,23.35839],[84.03862,23.3094],[84.02002,23.18709],[84.02891,23.14611],[84.08906,23.08482],[84.115,22.99886],[84.14539,22.99335],[84.15159,23.02436],[84.21711,22.99521],[84.27251,23.00123],[84.3184,22.98539],[84.33101,22.9703],[84.3522,22.88558],[84.3245,22.84969],[84.22828,22.78308],[84.19096,22.70094],[84.11128,22.64394],[84.0565,22.63932],[84.02643,22.60919],[83.9887,22.58593],[83.96814,22.52255],[83.99056,22.48325],[83.99646,22.44054],[83.98912,22.41711],[83.95573,22.37871],[83.93186,22.36546],[83.84142,22.34858],[83.72164,22.25505],[83.62366,22.21327],[83.557,22.12942],[83.54625,22.10162],[83.57002,22.07418],[83.57105,22.05837],[83.52217,22.02837],[83.51287,21.97305],[83.52124,21.95636],[83.57064,21.92306],[83.55958,21.8751],[83.56485,21.85358],[83.5571,21.83492],[83.52217,21.83027],[83.51121,21.79624],[83.48641,21.80846],[83.46688,21.79999],[83.45892,21.74803],[83.35195,21.57726],[83.32766,21.49915],[83.33458,21.44422],[83.38492,21.38944],[83.38833,21.35777],[83.37975,21.33919],[83.36104,21.33676],[83.3011,21.3587],[83.27939,21.3588],[83.26048,21.33278],[83.25707,21.29033],[83.2272,21.24963],[83.19826,21.17256],[83.17397,21.14005],[83.14359,21.12062],[83.06938,21.11677],[83.0392,21.14153],[83.00892,21.15091],[82.96458,21.17853],[82.82226,21.15786],[82.79043,21.14502],[82.7526,21.16008],[82.65669,21.15261],[82.64274,21.14036],[82.64408,21.10429],[82.62724,21.08094],[82.60688,21.02414],[82.56212,20.95446],[82.54817,20.93937],[82.51458,20.92374],[82.46301,20.85539],[82.41588,20.83382],[82.40513,20.84405],[82.401,20.87242],[82.35986,20.8824],[82.34591,20.87245],[82.34415,20.74793],[82.36761,20.66926],[82.34012,20.54249],[82.35904,20.49978],[82.37268,20.50686],[82.38095,20.50097],[82.39128,20.45816],[82.40193,20.4533],[82.41753,20.4625],[82.42032,20.45162],[82.41164,20.3268],[82.42714,20.29398],[82.43583,20.17373],[82.4134,20.09335],[82.41557,20.06697],[82.49587,20.02304],[82.56584,20.02227],[82.61122,19.98813],[82.65338,20.00503],[82.69504,20.00054],[82.70093,19.96878],[82.68449,19.8954],[82.71281,19.84956],[82.69173,19.82876],[82.63933,19.8051],[82.59272,19.7691],[82.57525,19.76807],[82.57318,19.77492],[82.57907,19.84316],[82.52616,19.85034],[82.47593,19.87238],[82.3611,19.8839],[82.34146,19.87163],[82.31346,19.82615],[82.30488,19.82331],[82.29031,19.83605],[82.21786,19.97299],[82.20359,19.98033],[82.16473,19.97943],[82.14882,20.0057],[82.09073,20.05469],[82.07078,20.05725],[82.04608,20.01787],[82.0219,20.01167],[82.00929,20.04449],[81.96061,20.09761],[81.9449,20.10557],[81.89756,20.0619],[81.8678,20.04666],[81.81933,19.96571],[81.81312,19.94553],[81.81716,19.92434],[81.84527,19.89473],[81.9294,19.84925],[81.96009,19.79634],[82.02014,19.78197],[82.03616,19.76709],[82.02727,19.69559],[82.0406,19.63736],[82.03213,19.59477],[82.03192,19.50845],[82.07482,19.49411],[82.10644,19.44021],[82.15099,19.42473],[82.16752,19.40522],[82.16866,19.3866],[82.13528,19.35577],[82.17176,19.31686],[82.1482,19.25815],[82.14572,19.22531],[82.16866,19.16625],[82.15967,19.12284],[82.19501,19.09263],[82.2006,19.05811],[82.22499,19.0152],[82.22447,18.92195],[82.18468,18.89766],[82.16618,18.87384],[82.1545,18.79144],[82.13889,18.74725],[82.09869,18.77061],[82.06985,18.71976],[81.98955,18.7002],[81.94087,18.65098],[81.90335,18.63408],[81.90842,18.61594],[81.9419,18.59398],[81.94707,18.5676],[81.88961,18.52688],[81.84372,18.47771],[81.79235,18.43844],[81.73313,18.34958],[81.67556,18.32976],[81.64383,18.29237],[81.5934,18.27224],[81.55371,18.26982],[81.54255,18.26245],[81.51382,18.20083],[81.52487,18.16029],[81.50627,18.08559],[81.48291,18.05143],[81.47444,17.96002],[81.45315,17.925],[81.44416,17.87974],[81.42969,17.87733],[81.40829,17.88896],[81.39734,17.88315],[81.39403,17.80669],[81.2452,17.80369],[81.15725,17.8379],[81.0449,17.77607],[81.0294,17.77698],[80.99994,17.80695],[80.98558,17.84046],[80.97896,17.96394],[80.93814,18.06616],[80.93752,18.08631],[80.95912,18.14825],[80.93452,18.1553],[80.87354,18.13758],[80.85701,18.15556],[80.84719,18.20804],[80.82828,18.2153],[80.81629,18.2093],[80.79944,18.16874],[80.7426,18.16698],[80.72978,18.18724],[80.73205,18.20726],[80.77226,18.23271],[80.77422,18.24852],[80.74528,18.2971],[80.7058,18.39684],[80.66518,18.44998],[80.58343,18.54138],[80.50261,18.59995],[80.46437,18.60667],[80.40908,18.58887],[80.3943,18.59305],[80.38355,18.61238],[80.37208,18.61556],[80.35203,18.59228],[80.31988,18.64225],[80.30314,18.70506],[80.28268,18.71671],[80.27038,18.71369],[80.26139,18.74452],[80.27482,18.77694],[80.3389,18.81335],[80.34924,18.83092],[80.34417,18.85071],[80.28392,18.92027],[80.27141,18.94696],[80.27182,18.97944],[80.29043,19.0193],[80.34624,19.0815],[80.3666,19.11739],[80.40536,19.2504],[80.44732,19.27213],[80.4808,19.32856],[80.51698,19.3452],[80.55346,19.3869],[80.57599,19.39197],[80.61744,19.31856],[80.67996,19.32153],[80.72048,19.26156],[80.7612,19.29846],[80.83096,19.33425],[80.8322,19.34541],[80.80544,19.38613],[80.80574,19.40334],[80.86941,19.41936],[80.88894,19.43881],[80.89701,19.4686],[80.8782,19.50713],[80.8381,19.54312],[80.80636,19.55136],[80.7612,19.58007],[80.70136,19.59751],[80.68503,19.62224],[80.66767,19.689],[80.57454,19.72877],[80.53775,19.81091],[80.51842,19.81631],[80.50075,19.81091],[80.48762,19.79326],[80.48732,19.77112],[80.47884,19.76647],[80.43161,19.77329],[80.40897,19.792],[80.41817,19.80587],[80.47181,19.83016],[80.48608,19.85499],[80.4807,19.87114],[80.42747,19.88824],[80.42665,19.9014],[80.44484,19.93121],[80.46024,19.94103],[80.50954,19.91953],[80.53114,19.9207],[80.55718,20.04834],[80.53062,20.13487],[80.41817,20.14887],[80.41414,20.16518],[80.42406,20.19722],[80.42437,20.23409],[80.44112,20.25331],[80.53424,20.26938],[80.5856,20.31072],[80.6224,20.32589],[80.62643,20.34261],[80.61154,20.40124],[80.61444,20.46431],[80.6349,20.51234],[80.6225,20.5341],[80.62374,20.59618],[80.61465,20.60618],[80.57144,20.61608],[80.51501,20.58885],[80.49486,20.60117],[80.50912,20.64132],[80.56607,20.67251],[80.57299,20.69757],[80.55677,20.78082],[80.55212,20.91932],[80.53393,20.93751],[80.49796,20.93007],[80.47171,20.93627],[80.45011,20.95916],[80.43533,20.99924],[80.45962,21.13587],[80.48452,21.1677],[80.6256,21.24266],[80.66642,21.27955],[80.67841,21.30198],[80.67903,21.35115],[80.72141,21.47321],[80.71758,21.58556],[80.7305,21.71431],[80.73981,21.74146],[80.75407,21.75648],[80.78776,21.7612],[80.80512,21.7743],[80.82156,21.80278],[80.83789,21.84614],[80.8351,21.95099],[80.90341,22.08529],[80.93473,22.09994],[80.94982,22.09289],[80.97772,22.05284],[80.99333,22.05199],[81.00222,22.06312],[81.00336,22.07775],[80.98641,22.11454],[81.01607,22.12948],[81.03064,22.21066],[81.05369,22.23363],[81.09544,22.2567],[81.1189,22.29461],[81.12252,22.40052],[81.13089,22.42287],[81.16479,22.4653],[81.17802,22.47842],[81.19942,22.48176],[81.21213,22.45235],[81.23487,22.4445],[81.27734,22.46984],[81.32034,22.47796],[81.34452,22.49715],[81.35806,22.49796],[81.38421,22.48114],[81.40292,22.44837],[81.4178,22.43749],[81.44819,22.44979],[81.53955,22.52],[81.60332,22.53369],[81.64228,22.55085],[81.655,22.59118],[81.66957,22.60929],[81.76641,22.66399],[81.76176,22.71637],[81.78522,22.7443],[81.77933,22.83582],[81.78853,22.85295],[81.86532,22.88147],[81.94025,22.94584],[81.94459,22.96304],[81.93415,23.01733],[81.94614,23.04296],[82.02045,23.07143],[82.07078,23.10035],[82.12938,23.0965],[82.14168,23.11322],[82.15657,23.1483],[82.16463,23.21024],[82.18974,23.28873],[82.17372,23.32635],[82.12494,23.36219],[82.09817,23.37173],[82.0344,23.36762],[82.02593,23.38769],[81.99141,23.40054],[81.92754,23.49541],[81.90718,23.50518],[81.85819,23.50771],[81.75948,23.54352],[81.7446,23.54259],[81.65768,23.4872],[81.64414,23.48206],[81.62833,23.48782],[81.59143,23.56117],[81.61469,23.59176],[81.61892,23.62734],[81.65562,23.64848],[81.68621,23.69031],[81.6859,23.70651],[81.62492,23.82441],[81.62926,23.85829],[81.61955,23.86756],[81.64125,23.88531],[81.68187,23.88513],[81.74491,23.82488],[81.77819,23.80188],[81.80868,23.79475],[81.83607,23.7954],[81.93694,23.84066],[82.00495,23.8364],[82.0774,23.80136],[82.20359,23.80049],[82.2625,23.78558],[82.41536,23.78307],[82.49866,23.7724],[82.53174,23.77537],[82.56791,23.80413],[82.64305,23.83707],[82.6508,23.84482],[82.65772,23.88454],[82.67002,23.89557],[82.76811,23.92895],[82.77906,23.939],[82.7865,23.98086],[82.80087,23.99872],[82.83942,23.98965],[82.89409,23.94216],[82.93647,23.92017],[83.104,23.91221]]]]}},{"type":"Feature","properties":{"name":"Haryana","code":"IN-HR","type":"State"},"geometry":{"type":"MultiPolygon","coordinates":[[[[76.81643,30.93282],[76.84702,30.89868],[76.90572,30.8993],[76.93394,30.87036],[76.95657,30.82076],[76.99461,30.80205],[77.00153,30.77735],[77.0869,30.73823],[77.12597,30.71138],[77.1484,30.67896],[77.15026,30.66399],[77.1453,30.59586],[77.1301,30.56868],[77.13414,30.55436],[77.20131,30.50015],[77.20814,30.47695],[77.241,30.48933],[77.30343,30.46031],[77.35913,30.44985],[77.38053,30.42925],[77.45205,30.45478],[77.43438,30.42122],[77.46135,30.41732],[77.51334,30.42494],[77.53845,30.4038],[77.58506,30.38293],[77.58796,30.37045],[77.58506,30.3252],[77.57008,30.27823],[77.41432,30.15245],[77.40575,30.1416],[77.40326,30.11284],[77.32327,30.06437],[77.3179,30.04042],[77.28472,30.03809],[77.27728,30.0176],[77.22994,29.97665],[77.20969,29.92884],[77.18044,29.80425],[77.16183,29.77121],[77.13393,29.76436],[77.13754,29.72279],[77.10664,29.7023],[77.11388,29.68222],[77.08783,29.6585],[77.09362,29.64085],[77.08587,29.62401],[77.09982,29.58902],[77.06468,29.56951],[77.05817,29.55548],[77.07243,29.52789],[77.06561,29.50368],[77.0775,29.49223],[77.1052,29.49541],[77.12028,29.48378],[77.07274,29.44009],[77.06561,29.42484],[77.13062,29.4264],[77.14819,29.41492],[77.14984,29.40337],[77.13289,29.37221],[77.13393,29.3426],[77.15005,29.31333],[77.13072,29.28059],[77.14137,29.13034],[77.13393,29.11636],[77.14819,29.09962],[77.16938,29.03647],[77.19573,28.99758],[77.17765,28.98061],[77.17548,28.96306],[77.20969,28.93513],[77.21992,28.90604],[77.2008,28.87679],[77.15522,28.86165],[77.06799,28.88209],[77.03616,28.85328],[77.0036,28.85444],[76.9544,28.83548],[76.93652,28.81465],[76.93404,28.79189],[76.93642,28.7251],[76.94727,28.69616],[76.92226,28.67086],[76.91596,28.64215],[76.87234,28.62815],[76.83369,28.57893],[76.86748,28.53883],[76.87265,28.51942],[76.97756,28.53459],[76.9912,28.55797],[77.00339,28.5589],[77.07088,28.52857],[77.10054,28.4756],[77.15243,28.44599],[77.19356,28.43261],[77.23986,28.44754],[77.22271,28.47738],[77.24131,28.49746],[77.26973,28.51028],[77.3274,28.51971],[77.34353,28.49829],[77.37691,28.48413],[77.37722,28.45534],[77.40761,28.46899],[77.41546,28.46496],[77.42817,28.43067],[77.46579,28.43428],[77.46817,28.39669],[77.49701,28.39325],[77.46652,28.31522],[77.48791,28.299],[77.4908,28.26355],[77.52894,28.25347],[77.53866,28.24306],[77.52832,28.23784],[77.52067,28.21722],[77.49701,28.20892],[77.50155,28.19668],[77.52863,28.19293],[77.53866,28.18099],[77.50724,28.17024],[77.49494,28.15185],[77.50383,28.09286],[77.46972,28.11273],[77.47644,28.07149],[77.46807,28.04682],[77.50383,28.02023],[77.52646,27.97447],[77.52925,27.95251],[77.50817,27.94328],[77.46993,27.88806],[77.42445,27.89075],[77.39024,27.86068],[77.31335,27.83608],[77.28069,27.80944],[77.25278,27.81412],[77.23366,27.79329],[77.20566,27.8175],[77.18808,27.79825],[77.15801,27.81696],[77.13382,27.7942],[77.11718,27.79314],[77.06592,27.81014],[77.04081,27.8073],[77.03202,27.78135],[77.0683,27.76071],[77.07781,27.74616],[77.00587,27.73006],[76.97301,27.67929],[76.94056,27.68033],[76.91048,27.6704],[76.89012,27.68968],[76.91937,27.70756],[76.90087,27.7441],[76.91544,27.81525],[76.94355,27.86522],[76.93735,27.98067],[76.9204,28.05157],[76.94148,28.13534],[76.92526,28.16637],[76.84268,28.23394],[76.80392,28.21905],[76.75814,28.15973],[76.64683,28.08552],[76.64238,28.0678],[76.65799,28.01697],[76.5905,28.001],[76.55949,27.97129],[76.53903,27.98532],[76.52177,28.03832],[76.48684,28.04356],[76.4456,28.0647],[76.4765,28.08475],[76.44653,28.1041],[76.44157,28.12211],[76.48301,28.11738],[76.45345,28.16283],[76.43237,28.16815],[76.36798,28.15637],[76.33863,28.18906],[76.30256,28.19924],[76.29946,28.17645],[76.3407,28.13973],[76.33398,28.12877],[76.30442,28.11764],[76.31279,28.10325],[76.3438,28.08588],[76.34318,28.06353],[76.33294,28.0518],[76.30473,28.04878],[76.25378,28.0802],[76.22494,28.06904],[76.17523,28.07284],[76.15962,28.04428],[76.15776,28.01966],[76.17905,27.95762],[76.18008,27.90956],[76.20138,27.88561],[76.21502,27.8415],[76.20913,27.8274],[76.17905,27.80766],[76.12035,27.85187],[75.99994,27.84274],[75.98754,27.84789],[75.97328,27.88858],[75.93152,27.91809],[75.92635,27.9376],[75.93566,27.95571],[75.968,27.9546],[75.98609,27.97062],[75.98196,27.98803],[75.96625,28.00131],[75.98289,28.02015],[75.99281,28.05069],[76.0266,28.08302],[76.03002,28.10214],[76.0079,28.10836],[75.97927,28.08495],[75.94857,28.10309],[75.94144,28.11772],[75.9525,28.13379],[76.00097,28.15461],[76.0325,28.18782],[76.07394,28.15857],[76.08138,28.17458],[76.02619,28.26223],[75.95777,28.34346],[75.88708,28.40385],[75.81825,28.43082],[75.77287,28.43253],[75.77308,28.46976],[75.69856,28.52056],[75.59356,28.64267],[75.5301,28.79246],[75.52524,28.83447],[75.50715,28.86087],[75.48597,28.92684],[75.48938,28.93945],[75.51625,28.95751],[75.51873,28.98882],[75.51036,29.00045],[75.45207,29.02386],[75.39295,29.10598],[75.39357,29.13631],[75.37631,29.17013],[75.38075,29.18047],[75.40566,29.1876],[75.41,29.20129],[75.38809,29.25765],[75.33817,29.23455],[75.32308,29.25385],[75.33114,29.28982],[75.31378,29.29894],[75.27699,29.28217],[75.26779,29.26442],[75.2497,29.25641],[75.21415,29.25369],[75.18159,29.27325],[75.15017,29.25261],[75.07958,29.23633],[75.06491,29.24672],[75.04207,29.28571],[75.01768,29.2901],[74.99328,29.27961],[74.96962,29.28434],[74.92548,29.36601],[74.89778,29.38273],[74.83123,29.40376],[74.8088,29.39813],[74.75857,29.36425],[74.70937,29.37108],[74.65594,29.36596],[74.64498,29.35867],[74.6363,29.33392],[74.61284,29.33281],[74.53708,29.44138],[74.55052,29.46538],[74.59486,29.46761],[74.61005,29.48779],[74.61191,29.53073],[74.58535,29.56117],[74.57481,29.58969],[74.58339,29.67434],[74.60271,29.72635],[74.60478,29.75503],[74.58432,29.77012],[74.56509,29.7563],[74.5407,29.75428],[74.49833,29.73625],[74.46804,29.74439],[74.45936,29.76309],[74.46649,29.79893],[74.48189,29.8235],[74.52468,29.84079],[74.54701,29.86081],[74.54484,29.88797],[74.51435,29.91538],[74.51652,29.94719],[74.65067,29.91407],[74.67217,29.94344],[74.71072,29.96838],[74.81624,29.98631],[74.84146,29.96559],[74.91866,29.94838],[74.9413,29.90972],[74.99566,29.87298],[75.0678,29.88836],[75.08578,29.92432],[75.10211,29.92381],[75.10614,29.89293],[75.0926,29.86931],[75.10067,29.85562],[75.10025,29.82691],[75.1448,29.79387],[75.1601,29.82428],[75.19317,29.83268],[75.20361,29.8003],[75.23823,29.74878],[75.20795,29.74684],[75.20712,29.70764],[75.17229,29.68493],[75.19255,29.66325],[75.19027,29.64447],[75.21787,29.61468],[75.23461,29.56179],[75.24856,29.55982],[75.30179,29.58049],[75.28991,29.61153],[75.29673,29.63395],[75.32153,29.66258],[75.34282,29.66284],[75.3453,29.68697],[75.37672,29.71294],[75.45248,29.80921],[75.60441,29.76467],[75.66322,29.77532],[75.69856,29.76898],[75.71768,29.77803],[75.7275,29.81035],[75.79696,29.8302],[75.82982,29.82107],[75.85194,29.80503],[75.88666,29.74924],[75.95694,29.73862],[76.00397,29.75653],[76.04386,29.75816],[76.08438,29.80211],[76.14732,29.82327],[76.22556,29.86908],[76.21905,29.88549],[76.19331,29.90107],[76.17698,29.94554],[76.20334,30.02168],[76.22194,30.04641],[76.21657,30.07519],[76.25274,30.08858],[76.20582,30.11305],[76.20138,30.1256],[76.21388,30.13749],[76.22876,30.13865],[76.26669,30.11369],[76.30814,30.10592],[76.32684,30.11188],[76.32809,30.13883],[76.33894,30.14124],[76.37346,30.11697],[76.39402,30.14943],[76.38782,30.18004],[76.40932,30.18588],[76.45459,30.10162],[76.49707,30.08522],[76.53138,30.08398],[76.62481,30.14284],[76.64145,30.19798],[76.60528,30.22152],[76.59081,30.24668],[76.54533,30.21779],[76.53314,30.23462],[76.53913,30.24513],[76.64993,30.29681],[76.72972,30.3496],[76.73902,30.3666],[76.71897,30.37342],[76.71638,30.38125],[76.72765,30.42006],[76.75287,30.43052],[76.78646,30.42292],[76.82945,30.42708],[76.84526,30.41752],[76.86924,30.36236],[76.89105,30.36125],[76.90035,30.37202],[76.90696,30.39577],[76.89601,30.48662],[76.91038,30.51416],[76.89312,30.5438],[76.90149,30.5988],[76.8866,30.63379],[76.86066,30.64524],[76.85126,30.68156],[76.82728,30.68071],[76.8188,30.70319],[76.82625,30.74296],[76.81167,30.77766],[76.83524,30.83587],[76.82873,30.8462],[76.80186,30.85615],[76.76816,30.9076],[76.79627,30.93034],[76.81643,30.93282]]]]}},{"type":"Feature","properties":{"name":"Telangana","code":"IN-TG","type":"State"},"geometry":{"type":"MultiPolygon","coordinates":[[[[77.55768,18.32989],[77.54775,18.35203],[77.50259,18.38159],[77.54393,18.42732],[77.55922,18.50763],[77.60222,18.55662],[77.68852,18.57473],[77.70981,18.62269],[77.7034,18.66912],[77.71239,18.68945],[77.73658,18.70405],[77.78112,18.70377],[77.83931,18.80955],[77.91207,18.83536],[77.9037,18.86182],[77.84241,18.90921],[77.839,18.94701],[77.80727,18.95582],[77.80396,18.97874],[77.79528,18.98719],[77.76655,18.98936],[77.75198,19.04589],[77.75663,19.0592],[77.83673,19.12669],[77.83239,19.15893],[77.85502,19.22836],[77.88995,19.27136],[77.8913,19.27942],[77.86546,19.29735],[77.91145,19.33027],[77.98907,19.325],[78.02493,19.27859],[78.05098,19.26541],[78.10048,19.27006],[78.16787,19.2641],[78.18007,19.279],[78.18182,19.29851],[78.17438,19.37466],[78.2119,19.44013],[78.23081,19.45628],[78.28114,19.46672],[78.30264,19.48276],[78.30574,19.57483],[78.33344,19.64327],[78.35153,19.66681],[78.39235,19.69198],[78.40341,19.71926],[78.39938,19.73608],[78.36321,19.76045],[78.32951,19.83856],[78.32176,19.86326],[78.3292,19.89129],[78.38326,19.86615],[78.41065,19.82486],[78.47772,19.79913],[78.49198,19.80231],[78.50656,19.81846],[78.53374,19.82466],[78.56991,19.81352],[78.61663,19.8152],[78.71171,19.77435],[78.78003,19.77667],[78.83987,19.73699],[78.87594,19.64446],[78.921,19.62467],[78.93485,19.59818],[78.97268,19.58477],[78.98076,19.56423],[79.0113,19.557],[79.01403,19.54544],[79.05888,19.54706],[79.06843,19.53598],[79.09708,19.53114],[79.19773,19.46188],[79.2183,19.47435],[79.21606,19.5043],[79.24328,19.53114],[79.24548,19.55952],[79.266,19.58956],[79.34888,19.5801],[79.40407,19.53783],[79.53895,19.53382],[79.57636,19.50811],[79.60075,19.51894],[79.60892,19.55307],[79.6361,19.56981],[79.73542,19.60335],[79.79578,19.5941],[79.84188,19.54671],[79.86492,19.50899],[79.92745,19.48623],[79.95401,19.45202],[79.96383,19.42602],[79.9565,19.3134],[79.94988,19.28877],[79.92849,19.26053],[79.93055,19.21193],[79.94378,19.16922],[79.89366,19.13741],[79.86182,19.08108],[79.86472,19.0484],[79.88208,19.04194],[79.93355,19.05313],[79.96487,18.93536],[79.96032,18.86712],[79.91691,18.82658],[80.00187,18.78562],[80.06067,18.73697],[80.09054,18.69749],[80.16971,18.69005],[80.24175,18.69749],[80.27038,18.71369],[80.29466,18.71338],[80.31368,18.6832],[80.31988,18.64225],[80.35203,18.59228],[80.37208,18.61556],[80.38355,18.61238],[80.3943,18.59305],[80.40908,18.58887],[80.46437,18.60667],[80.48659,18.60618],[80.58343,18.54138],[80.69619,18.41229],[80.74528,18.2971],[80.77009,18.25902],[80.77226,18.23271],[80.73205,18.20726],[80.73505,18.17375],[80.75345,18.16419],[80.79944,18.16874],[80.81629,18.2093],[80.82828,18.2153],[80.84719,18.20804],[80.85701,18.15556],[80.87354,18.13758],[80.93452,18.1553],[80.95912,18.14825],[80.93752,18.08631],[80.93814,18.06616],[80.97896,17.96394],[80.98558,17.84046],[81.01545,17.78522],[81.0449,17.77607],[81.15725,17.8379],[81.2452,17.80369],[81.39403,17.80669],[81.47981,17.78752],[81.50276,17.82421],[81.51123,17.82628],[81.57841,17.79695],[81.65582,17.85088],[81.7044,17.86103],[81.75897,17.90893],[81.7786,17.89437],[81.78657,17.86312],[81.77578,17.83321],[81.62859,17.76342],[81.57389,17.70453],[81.53525,17.63769],[81.52922,17.58843],[81.46953,17.42049],[81.40834,17.37064],[81.21433,17.32364],[81.14419,17.24954],[81.05913,17.22246],[80.99048,17.21818],[80.93079,17.19252],[80.89308,17.15563],[80.87788,17.08212],[80.85577,17.05307],[80.82952,17.04602],[80.6697,17.07992],[80.6416,17.1169],[80.59094,17.13979],[80.50176,17.10797],[80.4942,17.05939],[80.46742,17.03575],[80.442,17.03247],[80.39736,17.07908],[80.38431,17.06202],[80.38637,17.01933],[80.37744,16.99306],[80.38431,16.97598],[80.47428,16.93656],[80.52579,16.95233],[80.55945,16.94905],[80.58623,16.93394],[80.59516,16.907],[80.56563,16.86165],[80.56975,16.83798],[80.59654,16.81366],[80.59791,16.79328],[80.56056,16.78359],[80.50615,16.79249],[80.44814,16.82278],[80.39314,16.83852],[80.35099,16.86214],[80.32912,16.88976],[80.28056,16.99739],[80.25411,17.0236],[80.22045,17.03325],[80.15313,17.02314],[80.07764,16.97256],[80.0127,16.90215],[80.00243,16.871],[80.07333,16.82286],[80.05299,16.78522],[80.04298,16.73855],[79.9581,16.63044],[79.90968,16.63129],[79.88234,16.70323],[79.8615,16.70661],[79.82626,16.69208],[79.81259,16.71149],[79.77166,16.72712],[79.75196,16.72374],[79.72088,16.68903],[79.6797,16.68903],[79.6347,16.66914],[79.59433,16.66914],[79.58497,16.64855],[79.55055,16.62971],[79.50432,16.64187],[79.47706,16.63178],[79.41774,16.5902],[79.33798,16.58523],[79.26564,16.56961],[79.24781,16.55402],[79.21347,16.49323],[79.2199,16.47333],[79.20826,16.3887],[79.23341,16.33051],[79.21477,16.24449],[79.20143,16.22862],[79.16057,16.21935],[79.02166,16.24714],[78.92286,16.18976],[78.89772,16.14277],[78.88185,16.13829],[78.84693,16.15074],[78.83912,16.12482],[78.8458,16.08548],[78.83945,16.06672],[78.79111,16.03453],[78.76092,16.0277],[78.68417,16.04633],[78.6456,16.0716],[78.55966,16.05671],[78.49977,16.09378],[78.39999,16.08344],[78.37884,16.07587],[78.35353,16.05268],[78.34156,16.05943],[78.31634,16.02794],[78.29982,16.02281],[78.2444,16.03852],[78.25595,16.00568],[78.23691,15.96959],[78.23528,15.95047],[78.18507,15.90872],[78.14137,15.88813],[78.12395,15.84992],[78.10035,15.82966],[77.8956,15.918],[77.84986,15.89387],[77.79485,15.88927],[77.74903,15.89757],[77.66057,15.89558],[77.58253,15.92805],[77.4922,15.9383],[77.44647,15.95298],[77.48367,16.00207],[77.47902,16.16441],[77.4908,16.26159],[77.54,16.29952],[77.55261,16.33216],[77.53318,16.36104],[77.49329,16.37817],[77.39396,16.38107],[77.29371,16.40652],[77.25744,16.44936],[77.37092,16.52429],[77.38952,16.56591],[77.42724,16.58573],[77.44626,16.64077],[77.43882,16.65056],[77.41112,16.64782],[77.41701,16.66348],[77.44554,16.69017],[77.43562,16.70554],[77.41091,16.72058],[77.40957,16.73784],[77.41484,16.7796],[77.43438,16.81277],[77.43572,16.95493],[77.46776,17.02581],[77.43355,17.09684],[77.42518,17.14234],[77.3704,17.16916],[77.36534,17.19409],[77.37443,17.22257],[77.49639,17.37457],[77.52564,17.43044],[77.57059,17.44501],[77.58103,17.47185],[77.59933,17.48692],[77.65317,17.50007],[77.68583,17.56717],[77.67426,17.57707],[77.59912,17.54681],[77.58878,17.55417],[77.58258,17.57877],[77.49287,17.57761],[77.42301,17.61252],[77.41153,17.63078],[77.46362,17.71342],[77.53132,17.75401],[77.53091,17.7776],[77.50031,17.8123],[77.50786,17.83473],[77.52346,17.85212],[77.55922,17.86987],[77.61979,17.92565],[77.62671,17.94219],[77.62134,17.98684],[77.60346,18.03373],[77.56295,18.07078],[77.55768,18.08616],[77.56574,18.10088],[77.59654,18.11088],[77.60098,18.12512],[77.56853,18.23374],[77.58331,18.29154],[77.55116,18.30788],[77.55768,18.32989]]]]}}]}