{"type":"FeatureCollection","properties":{"source":"Natural Earth 1:10m Admin 0 countries, India point of view (ne_10m_admin_0_countries_ind)","source_version":"Natural Earth 5.2.0-pre (nvkelso/natural-earth-vector master, retrieved 2026-09-27)","license":"Public domain (Natural Earth)","note":"clipped to 1 degree around India"},"features":[{"type":"Feature","properties":{"code":"IDN","name":"Indonesia"},"geometry":{"type":"MultiPolygon","coordinates":[[[[95.02369,5.75406],[95.03395,5.75991],[95.05828,5.75731],[95.07454,5.74555],[95.01555,5.74555],[95.02369,5.75406]]],[[[95.35133,5.88703],[95.38282,5.84186],[95.38282,5.80707],[95.37599,5.80707],[95.36866,5.8183],[95.35548,5.82758],[95.35532,5.79515],[95.35043,5.78364],[95.33839,5.7792],[95.32032,5.78075],[95.30274,5.78571],[95.28663,5.79442],[95.27296,5.80707],[95.2527,5.85497],[95.23146,5.86929],[95.22055,5.88593],[95.21355,5.90253],[95.21461,5.9101],[95.23618,5.90912],[95.24781,5.90522],[95.25929,5.89643],[95.27247,5.87031],[95.28386,5.85741],[95.29713,5.85859],[95.31495,5.88776],[95.32496,5.89802],[95.34181,5.89643],[95.35133,5.88703]]]]}},{"type":"Feature","properties":{"code":"CHN","name":"China"},"geometry":{"type":"MultiPolygon","coordinates":[[[[97.28526,28.23567],[97.22965,28.27461],[97.22076,28.28339],[97.21053,28.30809],[97.18273,28.31499],[97.11555,28.36656],[97.07845,28.37514],[97.03297,28.35703],[96.99742,28.33708],[96.96579,28.33047],[96.93396,28.33662],[96.71692,28.43654],[96.56152,28.44729],[96.49523,28.42147],[96.44113,28.39542],[96.36964,28.37812],[96.30185,28.42071],[96.33646,28.47967],[96.40902,28.55893],[96.50238,28.64448],[96.50104,28.68763],[96.59801,28.70991],[96.59258,28.75788],[96.57667,28.80853],[96.52375,28.86442],[96.51083,28.88552],[96.50039,28.92924],[96.49223,28.948],[96.47466,28.96206],[96.46009,28.96335],[96.45213,28.97038],[96.4512,28.98138],[96.4576,28.99459],[96.36657,29.03654],[96.29466,28.99232],[96.24859,28.94534],[96.19532,28.94111],[96.17595,29.01735],[96.17462,29.10884],[96.19364,29.13693],[96.21008,29.14577],[96.31642,29.17186],[96.32748,29.18044],[96.34237,29.21065],[96.36686,29.24421],[96.36624,29.25723],[96.34991,29.27424],[96.3371,29.27971],[96.32325,29.27501],[96.26785,29.24173],[96.23529,29.24121],[96.20542,29.25695],[96.17628,29.28646],[96.16605,29.30317],[96.15096,29.35408],[96.14197,29.36847],[96.07454,29.36929],[95.95374,29.35922],[95.86313,29.32398],[95.79594,29.35289],[95.77641,29.34555],[95.74478,29.34043],[95.74736,29.27365],[95.71716,29.21828],[95.6467,29.22835],[95.59234,29.24969],[95.56443,29.24561],[95.55378,29.23904],[95.55017,29.21248],[95.51534,29.20943],[95.51193,29.19755],[95.52268,29.16119],[95.52144,29.13786],[95.51131,29.13179],[95.48758,29.06899],[95.42982,29.04652],[95.36741,29.0365],[95.28155,29.05267],[95.22492,29.05936],[95.21634,29.065],[95.21282,29.08187],[95.20786,29.0896],[95.1997,29.09425],[95.11691,29.1081],[95.09903,29.11378],[95.04767,29.14081],[94.98906,29.15398],[94.89129,29.1605],[94.85409,29.17],[94.77657,29.1667],[94.76148,29.17471],[94.76768,29.21385],[94.75642,29.23052],[94.70422,29.2847],[94.66846,29.30661],[94.63043,29.31945],[94.59994,29.31664],[94.58268,29.30292],[94.52863,29.23124],[94.51478,29.22106],[94.47499,29.2108],[94.42238,29.21049],[94.39644,29.20708],[94.37288,29.19631],[94.36254,29.18533],[94.34631,29.15907],[94.33577,29.14962],[94.32378,29.14603],[94.2875,29.14794],[94.27079,29.09793],[94.34731,29.02435],[94.29139,28.97726],[94.25018,28.93311],[94.17366,28.93016],[94.1354,28.89779],[94.07947,28.88307],[94.02685,28.86418],[94.01145,28.85302],[93.99202,28.84465],[93.99314,28.80189],[93.98159,28.76813],[93.96109,28.72994],[93.92779,28.68275],[93.86308,28.70487],[93.78174,28.6805],[93.72248,28.69665],[93.70552,28.69189],[93.66491,28.69024],[93.62553,28.67236],[93.55174,28.67895],[93.44621,28.67189],[93.31717,28.60346],[93.30284,28.55692],[93.28697,28.52052],[93.21884,28.45744],[93.18629,28.432],[93.21807,28.39465],[93.20782,28.34054],[93.12983,28.32596],[92.97492,28.28231],[92.96035,28.27021],[92.92201,28.25864],[92.90382,28.2497],[92.86537,28.2052],[92.85028,28.19195],[92.83478,28.18353],[92.8199,28.17926],[92.79023,28.1789],[92.77917,28.1959],[92.70786,28.15541],[92.67861,28.13306],[92.65484,28.10583],[92.63727,28.07198],[92.63892,28.05749],[92.65422,28.05209],[92.68926,28.04832],[92.70135,28.03782],[92.70135,28.02524],[92.73639,27.98591],[92.68367,27.91045],[92.63647,27.89537],[92.59291,27.86819],[92.57498,27.84781],[92.51815,27.83947],[92.47511,27.8466],[92.43904,27.82329],[92.42757,27.82117],[92.41734,27.82895],[92.40442,27.85383],[92.39284,27.85603],[92.38106,27.84246],[92.36793,27.80383],[92.35005,27.80254],[92.33982,27.81556],[92.33465,27.83127],[92.32918,27.83293],[92.31729,27.80368],[92.30385,27.78616],[92.28876,27.79308],[92.27522,27.81169],[92.24918,27.86264],[92.23957,27.86528],[92.12629,27.81272],[92.10616,27.78608],[92.06488,27.76172],[91.9889,27.7694],[91.95225,27.72482],[91.90874,27.7319],[91.86491,27.72999],[91.85637,27.76454],[91.82659,27.80763],[91.72987,27.80414],[91.68013,27.84982],[91.62834,27.85269],[91.63712,27.87724],[91.64891,27.89721],[91.65283,27.91675],[91.63795,27.93974],[91.62172,27.95072],[91.60064,27.95928],[91.53749,27.96935],[91.4975,27.98408],[91.46091,27.98436],[91.41884,27.99473],[91.34143,28.03056],[91.3096,28.0564],[91.29017,28.09141],[91.2697,28.07286],[91.24614,28.07147],[91.22061,28.07488],[91.19467,28.07059],[91.17586,28.05749],[91.1338,28.0141],[91.11964,27.99488],[91.09256,27.97168],[91.05194,27.96279],[91.00884,27.96677],[90.97515,27.98209],[90.90952,28.03266],[90.85092,28.04403],[90.7887,28.04749],[90.7269,28.0617],[90.6839,28.08707],[90.66747,28.09033],[90.65104,28.087],[90.62189,28.07296],[90.57528,28.06583],[90.51006,28.0741],[90.47523,28.07234],[90.48567,28.12466],[90.5153,28.15429],[90.54822,28.15758],[90.56797,28.1905],[90.5976,28.20038],[90.58773,28.2333],[90.54822,28.24647],[90.50542,28.24976],[90.45604,28.28268],[90.41654,28.28268],[90.3869,28.29914],[90.35398,28.29914],[90.3295,28.2558],[90.29147,28.26135],[90.2618,28.29914],[90.2618,28.33535],[90.22559,28.3584],[90.19925,28.34852],[90.17621,28.32548],[90.15316,28.32218],[90.12354,28.33535],[90.07086,28.34523],[89.99046,28.32062],[89.97159,28.31804],[89.95252,28.30825],[89.91613,28.3156],[89.88131,28.29752],[89.87362,28.3006],[89.86292,28.29579],[89.82974,28.25916],[89.78086,28.22877],[89.75584,28.18438],[89.71781,28.16908],[89.59782,28.14981],[89.57942,28.14464],[89.56149,28.13464],[89.51503,28.0819],[89.49534,28.068],[89.47534,28.06134],[89.44454,28.03118],[89.37013,27.90936],[89.33602,27.86908],[89.29949,27.84424],[89.25872,27.82755],[89.22492,27.80781],[89.21659,27.77114],[89.1982,27.73058],[89.12736,27.62729],[89.12466,27.61485],[89.10956,27.62226],[89.09153,27.62586],[89.06403,27.61595],[89.05095,27.60828],[89.03968,27.5943],[89.03337,27.57898],[89.01624,27.57582],[89.00271,27.56049],[89.00497,27.54967],[88.99279,27.5375],[88.97837,27.53028],[88.97296,27.51766],[88.98297,27.49263],[88.9662,27.47803],[88.95106,27.43314],[88.96401,27.39292],[88.98118,27.35464],[88.99702,27.33087],[88.97193,27.31238],[88.95081,27.32823],[88.91516,27.33087],[88.89233,27.31554],[88.85202,27.34236],[88.83084,27.36732],[88.79539,27.38593],[88.77358,27.40851],[88.75978,27.43507],[88.75436,27.46422],[88.75756,27.51145],[88.74164,27.53168],[88.74102,27.54571],[88.76738,27.5862],[88.78309,27.62204],[88.80567,27.65511],[88.85388,27.84368],[88.85507,27.85918],[88.85156,27.87716],[88.84277,27.89241],[88.8189,27.9152],[88.81068,27.92786],[88.80975,27.9445],[88.81967,27.97734],[88.81771,27.99488],[88.80293,28.011],[88.78014,28.02834],[88.73565,28.05526],[88.71012,28.06198],[88.65204,28.0694],[88.63168,28.08335],[88.61049,28.10583],[88.594,28.10661],[88.55282,28.07806],[88.5308,28.05901],[88.51716,28.03958],[88.50207,28.02888],[88.4754,28.03625],[88.45577,28.03152],[88.37877,27.98263],[88.19785,27.9583],[88.16297,27.9469],[88.12669,27.95044],[88.11574,27.94726],[88.09992,27.92832],[88.0975,27.90401],[88.10488,27.87972],[88.11822,27.86088],[88.09574,27.86533],[88.0528,27.88652],[88.02995,27.89334],[87.97843,27.88052],[87.93456,27.8953],[87.85612,27.89861],[87.83668,27.90832],[87.82588,27.90657],[87.77984,27.83944],[87.75638,27.82037],[87.72682,27.80776],[87.70047,27.80564],[87.65995,27.81988],[87.63608,27.82365],[87.58998,27.80461],[87.57334,27.80502],[87.56507,27.81086],[87.55133,27.83189],[87.53159,27.8368],[87.47557,27.8267],[87.38679,27.8044],[87.36912,27.80394],[87.36912,27.81908],[87.38069,27.83582],[87.38534,27.84941],[87.36384,27.85525],[87.33584,27.84636],[87.31393,27.82859],[87.29052,27.81608],[87.2329,27.82972],[87.182,27.8245],[87.1558,27.8258],[87.11652,27.84458],[87.062,27.90843],[87.03053,27.93809],[87.00568,27.9515],[86.98873,27.95248],[86.94036,27.9431],[86.91472,27.94512],[86.89307,27.95419],[86.8769,27.97064],[86.86816,27.99488],[86.84047,28.01478],[86.76998,28.01209],[86.7398,28.0215],[86.7322,28.03496],[86.73598,28.06485],[86.73174,28.07692],[86.69965,28.09875],[86.68006,28.10573],[86.66198,28.10684],[86.64947,28.10118],[86.62715,28.08348],[86.61232,28.08028],[86.59686,28.0865],[86.56953,28.10661],[86.55356,28.10415],[86.54415,28.09302],[86.53837,28.04718],[86.5162,28.01224],[86.51676,27.97143],[86.51046,27.95243],[86.49692,27.93788],[86.43884,27.91086],[86.4253,27.90992],[86.40571,27.917],[86.36298,27.9461],[86.33755,27.93804],[86.32773,27.93969],[86.31822,27.94579],[86.29466,27.97238],[86.27807,27.98369],[86.23854,27.98956],[86.21838,27.99473],[86.20304,28.00258],[86.19601,28.01457],[86.18914,28.04361],[86.17446,28.06245],[86.17224,28.07183],[86.18717,28.1087],[86.18604,28.13353],[86.17601,28.15301],[86.15596,28.15652],[86.06873,28.07676],[86.07018,28.06671],[86.0847,28.04387],[86.07762,28.00695],[86.07917,28.00113],[86.09813,27.98563],[86.0956,27.95786],[86.11224,27.93726],[86.11286,27.9268],[86.07566,27.89478],[86.0617,27.88905],[86.02646,27.88993],[85.98026,27.88517],[85.96269,27.89137],[85.95122,27.91623],[85.95659,27.97623],[85.94398,27.99473],[85.90895,28.02242],[85.8983,28.03602],[85.89045,28.05919],[85.8891,28.09028],[85.87174,28.11092],[85.86337,28.14335],[85.84828,28.15893],[85.78275,28.1881],[85.7566,28.20324],[85.73449,28.22153],[85.71557,28.24337],[85.69976,28.2691],[85.698,28.31344],[85.69294,28.33522],[85.67914,28.3329],[85.67506,28.30639],[85.66814,28.30055],[85.64695,28.2937],[85.63909,28.28789],[85.61181,28.25114],[85.59894,28.25084],[85.5855,28.26319],[85.5653,28.27538],[85.52065,28.28293],[85.47569,28.2791],[85.43156,28.29706],[85.41523,28.29644],[85.40138,28.28879],[85.37782,28.26598],[85.36257,28.25967],[85.34536,28.26125],[85.32573,28.2774],[85.3126,28.28277],[85.27312,28.26983],[85.25958,28.26693],[85.24341,28.26791],[85.20573,28.27828],[85.17359,28.30432],[85.15457,28.30086],[85.13416,28.29197],[85.10941,28.29225],[85.0874,28.30411],[85.08021,28.31879],[85.08569,28.38101],[85.07758,28.43568],[85.08367,28.44553],[85.10946,28.4593],[85.11556,28.47273],[85.11721,28.49733],[85.12316,28.50459],[85.14036,28.51092],[85.15375,28.5249],[85.16801,28.58319],[85.16098,28.595],[85.11189,28.60882],[85.07504,28.63166],[85.05494,28.63869],[85.0321,28.63407],[85.02528,28.62841],[85.00249,28.59443],[84.95495,28.5743],[84.93645,28.54477],[84.92849,28.53847],[84.91872,28.53568],[84.87929,28.54363],[84.81196,28.54198],[84.79914,28.54663],[84.78178,28.5589],[84.75563,28.58541],[84.73662,28.59417],[84.69083,28.59614],[84.67776,28.6044],[84.68298,28.65076],[84.67114,28.65895],[84.63264,28.66879],[84.61621,28.69365],[84.60722,28.6982],[84.55182,28.70639],[84.49859,28.72786],[84.47575,28.72729],[84.45084,28.73388],[84.43782,28.75334],[84.42273,28.79917],[84.39307,28.82434],[84.37659,28.84884],[84.354,28.86129],[84.286,28.87374],[84.23515,28.90002],[84.20672,28.94066],[84.23143,29.02598],[84.22058,29.0389],[84.1982,29.04531],[84.17546,29.0574],[84.16621,29.09846],[84.138,29.12466],[84.13226,29.1438],[84.1552,29.17595],[84.16166,29.19253],[84.15546,29.20664],[84.12601,29.20626],[84.11236,29.2091],[84.10534,29.21992],[84.09914,29.247],[84.08973,29.25661],[84.07206,29.25698],[84.03521,29.24762],[84.01252,29.2702],[84.0009,29.27253],[83.97584,29.26374],[83.97325,29.27702],[83.96726,29.2847],[83.95796,29.28904],[83.94555,29.29183],[83.91439,29.2894],[83.88344,29.28201],[83.86886,29.26344],[83.83786,29.254],[83.79321,29.23475],[83.77063,29.23225],[83.71973,29.23359],[83.69549,29.22618],[83.67508,29.20876],[83.65601,29.16078],[83.63927,29.15476],[83.58382,29.16215],[83.56139,29.17623],[83.52372,29.18359],[83.51705,29.19171],[83.503,29.26103],[83.49338,29.27615],[83.47581,29.28692],[83.44822,29.29677],[83.43721,29.30524],[83.42817,29.33346],[83.39313,29.35624],[83.38827,29.37022],[83.38724,29.3935],[83.35701,29.41536],[83.3552,29.46074],[83.32797,29.48502],[83.26394,29.47301],[83.2472,29.49474],[83.24875,29.50657],[83.25991,29.51877],[83.26332,29.52709],[83.26084,29.54205],[83.25257,29.5552],[83.22932,29.57595],[83.19718,29.5891],[83.18725,29.6121],[83.17356,29.62127],[83.15005,29.62564],[83.12669,29.62341],[83.09336,29.61514],[83.07956,29.57964],[83.06494,29.57879],[83.0545,29.58605],[83.0329,29.62047],[82.9759,29.66403],[82.93192,29.66418],[82.90913,29.68462],[82.89972,29.68842],[82.88009,29.68111],[82.85745,29.6662],[82.83658,29.65979],[82.81554,29.69013],[82.78108,29.70511],[82.77012,29.71416],[82.75152,29.73932],[82.69095,29.78074],[82.68175,29.79772],[82.6892,29.81958],[82.68899,29.82774],[82.67731,29.83441],[82.66697,29.83503],[82.63586,29.82903],[82.6185,29.83983],[82.54181,29.92324],[82.52424,29.93239],[82.47582,29.94551],[82.45706,29.95409],[82.43893,29.96577],[82.40978,29.9946],[82.39443,30.00313],[82.36374,30.00117],[82.3473,30.00344],[82.31888,30.03181],[82.29651,30.03682],[82.25573,30.03967],[82.21067,30.06442],[82.17424,30.05548],[82.15383,30.05817],[82.14453,30.06943],[82.13522,30.08974],[82.12758,30.12436],[82.15098,30.16224],[82.15569,30.18136],[82.14039,30.19402],[82.11424,30.20219],[82.0959,30.21345],[82.08499,30.23082],[82.0821,30.25733],[82.09321,30.31474],[82.08877,30.33009],[82.07321,30.33722],[82.04985,30.33924],[82.00764,30.33681],[81.97885,30.32683],[81.96903,30.32828],[81.94123,30.35396],[81.92149,30.35737],[81.88718,30.355],[81.84439,30.37117],[81.77902,30.35804],[81.75737,30.3629],[81.63572,30.41096],[81.61402,30.4169],[81.59159,30.41427],[81.58508,30.40812],[81.5767,30.39096],[81.53681,30.37856],[81.52069,30.33195],[81.50937,30.32838],[81.48307,30.3319],[81.46281,30.34135],[81.42612,30.37251],[81.40741,30.37918],[81.38752,30.37391],[81.38488,30.36094],[81.38726,30.34513],[81.38214,30.33128],[81.37155,30.31691],[81.36804,30.30105],[81.36902,30.26606],[81.37785,30.23263],[81.36183,30.20477],[81.35729,30.17356],[81.35005,30.15723],[81.33827,30.14354],[81.3224,30.13377],[81.2777,30.13186],[81.26696,30.12509],[81.26634,30.11775],[81.27595,30.09537],[81.27202,30.07992],[81.2668,30.06995],[81.25709,30.06354],[81.23952,30.05879],[81.22572,30.05047],[81.22727,30.02246],[81.21683,30.0082],[81.19451,30.00448],[81.1481,30.02323],[81.12459,30.02277],[81.09777,30.01693],[81.08485,30.02618],[81.0742,30.07191],[81.04366,30.12023],[81.0309,30.15273],[81.00651,30.18891],[80.99602,30.19697],[81.0033,30.21273],[80.97602,30.25521],[80.94377,30.27014],[80.86698,30.28849],[80.78166,30.32099],[80.76719,30.33143],[80.755,30.3458],[80.73536,30.3782],[80.72306,30.39205],[80.69474,30.41174],[80.59635,30.4598],[80.57527,30.46626],[80.52514,30.45861],[80.5083,30.46233],[80.47543,30.48047],[80.42499,30.49783],[80.32588,30.54651],[80.25281,30.56501],[80.21622,30.56682],[80.17984,30.55948],[80.2033,30.60635],[80.19989,30.62588],[80.16692,30.6619],[80.16661,30.67441],[80.17292,30.67916],[80.19989,30.68071],[80.20702,30.68614],[80.23141,30.72495],[80.22459,30.73409],[80.19607,30.7481],[80.1693,30.78525],[80.1571,30.79316],[80.14067,30.79321],[80.10925,30.77812],[80.0922,30.7745],[80.06253,30.78479],[80.02863,30.83078],[80.00559,30.84727],[79.93489,30.87254],[79.90316,30.89021],[79.88043,30.91284],[79.86286,30.94152],[79.85035,30.95449],[79.8335,30.96152],[79.76064,30.97723],[79.73904,30.97925],[79.6885,30.96741],[79.63031,30.9625],[79.58949,30.94023],[79.57781,30.93837],[79.52965,30.95356],[79.5127,30.96617],[79.49761,30.98121],[79.47642,31.01402],[79.46164,31.0211],[79.44634,31.02379],[79.41441,31.02038],[79.40159,31.02364],[79.39498,31.03671],[79.38836,31.06947],[79.37234,31.09407],[79.36705,31.11156],[79.31942,31.14228],[79.30216,31.16345],[79.30321,31.1831],[79.28832,31.22547],[79.27832,31.24004],[79.25286,31.24544],[79.24843,31.2567],[79.26202,31.27851],[79.25411,31.29901],[79.23924,31.31172],[79.23832,31.32966],[79.20763,31.35137],[79.19244,31.36979],[79.17922,31.3938],[79.1314,31.43843],[79.07799,31.46166],[79.07021,31.46138],[79.04994,31.42295],[79.01553,31.3834],[78.9888,31.34326],[78.95955,31.32512],[78.94028,31.30158],[78.92101,31.26968],[78.86199,31.29148],[78.82199,31.2937],[78.78447,31.28827],[78.7451,31.30812],[78.73848,31.33499],[78.74551,31.37354],[78.76008,31.41204],[78.76256,31.44511],[78.733,31.46774],[78.69538,31.4881],[78.69952,31.51002],[78.79698,31.57885],[78.81403,31.59502],[78.81889,31.60737],[78.79532,31.63378],[78.75812,31.6666],[78.73982,31.66603],[78.72401,31.67331],[78.71047,31.69817],[78.69321,31.71853],[78.69559,31.74669],[78.67089,31.77052],[78.67409,31.78695],[78.70034,31.82168],[78.72019,31.90291],[78.74199,31.94534],[78.74458,31.9642],[78.73383,31.98466],[78.72215,31.99459],[78.67833,32.01676],[78.64929,32.03644],[78.55182,32.15039],[78.53498,32.18134],[78.51307,32.20757],[78.47648,32.22442],[78.45798,32.22966],[78.45633,32.24212],[78.46139,32.26015],[78.46274,32.2818],[78.43452,32.38376],[78.43638,32.39616],[78.45219,32.41678],[78.44878,32.42678],[78.4092,32.47662],[78.38098,32.52804],[78.38481,32.54755],[78.40816,32.55838],[78.44754,32.56626],[78.58986,32.56992],[78.63017,32.57801],[78.64774,32.58597],[78.66489,32.59902],[78.69445,32.62966],[78.71326,32.63752],[78.73683,32.62984],[78.75099,32.61279],[78.74913,32.59587],[78.73497,32.56065],[78.73693,32.54579],[78.75471,32.49381],[78.77145,32.46166],[78.85568,32.40045],[78.88152,32.37627],[78.91129,32.35474],[78.94343,32.34637],[78.97619,32.36162],[79.02818,32.3771],[79.07531,32.37079],[79.09174,32.39056],[79.1029,32.44986],[79.11293,32.47239],[79.13288,32.48546],[79.19117,32.50427],[79.21525,32.50791],[79.23561,32.5043],[79.28741,32.53258],[79.32047,32.59227],[79.37948,32.57645],[79.40682,32.52968],[79.4435,32.53477],[79.51574,32.60812],[79.5312,32.64832],[79.57617,32.67065],[79.62067,32.72872],[79.61391,32.76504],[79.56409,32.79393],[79.47109,32.90896],[79.41409,32.97205],[79.37846,32.97888],[79.33359,32.99429],[79.33979,33.01326],[79.39927,33.02688],[79.38106,33.06177],[79.37317,33.11214],[79.42348,33.15782],[79.4561,33.2504],[79.42008,33.27517],[79.34031,33.27513],[79.26006,33.29178],[79.15021,33.29256],[79.09803,33.28766],[78.96499,33.34425],[78.91769,33.38626],[78.90757,33.42354],[78.90602,33.44798],[78.90984,33.49424],[78.90405,33.5216],[78.8869,33.56689],[78.88524,33.59178],[78.89599,33.62009],[78.91738,33.6334],[78.94539,33.63412],[79.00255,33.61934],[79.01278,33.63368],[79.01133,33.658],[78.99614,33.70546],[78.99128,33.75192],[78.94539,33.79982],[78.89754,33.90747],[78.88752,33.94646],[78.90281,33.98317],[78.93506,34.00715],[79.03934,34.00196],[79.07066,33.9955],[79.08099,34.0001],[79.10166,34.01999],[79.13226,34.02648],[79.37596,34.01141],[79.40552,34.0219],[79.44851,34.06751],[79.49502,34.10593],[79.49781,34.12019],[79.48727,34.15673],[79.4882,34.18189],[79.49802,34.18642],[79.51394,34.18298],[79.53285,34.18417],[79.55156,34.20957],[79.54835,34.25065],[79.52469,34.35152],[79.50949,34.39216],[79.51032,34.41216],[79.52303,34.42609],[79.5436,34.42868],[79.62287,34.41198],[79.66959,34.40744],[79.71268,34.41532],[79.73801,34.44472],[79.73677,34.46332],[79.71144,34.48645],[79.70173,34.5003],[79.70214,34.52035],[79.71362,34.53484],[79.7315,34.54508],[79.81335,34.56538],[79.83071,34.58084],[79.83929,34.60006],[79.85211,34.64445],[79.86678,34.65804],[79.9073,34.66186],[79.99577,34.6475],[80.03525,34.65747],[80.04972,34.67313],[80.06636,34.73742],[80.08558,34.77659],[80.07387,34.79228],[80.07791,34.83733],[80.11656,34.88393],[80.16261,34.95088],[80.17384,35.07192],[80.18325,35.10318],[80.18796,35.15064],[80.20257,35.19085],[80.24183,35.22316],[80.26128,35.26989],[80.25549,35.31268],[80.27771,35.34523],[80.28404,35.39597],[80.28442,35.44552],[80.30943,35.46281],[80.32632,35.46678],[80.32712,35.47687],[80.30597,35.57272],[80.2915,35.60742],[80.24357,35.63866],[80.1779,35.66695],[80.11107,35.68001],[80.08849,35.72469],[80.05824,35.74994],[80.03824,35.79976],[80.00452,35.83893],[79.96028,35.83886],[79.91855,35.82225],[79.87556,35.78496],[79.79644,35.79725],[79.73754,35.80201],[79.71636,35.81718],[79.62334,35.84565],[79.46082,35.88577],[79.42826,35.90851],[79.42392,35.93982],[79.40025,35.96199],[79.36366,35.97517],[79.32366,35.98003],[79.29008,35.97729],[79.18362,35.94132],[79.19405,35.88692],[79.13253,35.83622],[79.02808,35.85237],[78.97143,35.88743],[78.82526,35.86521],[78.73654,35.86806],[78.66479,35.85254],[78.65228,35.84091],[78.54531,35.78112],[78.50893,35.7679],[78.43524,35.76097],[78.32993,35.70924],[78.27577,35.69472],[78.26099,35.68278],[78.24104,35.65679],[78.22936,35.64749],[78.18554,35.63596],[78.16188,35.62362],[78.14234,35.60579],[78.1288,35.583],[78.11485,35.54455],[78.10162,35.5383],[78.0733,35.54021],[77.98452,35.56326],[77.95476,35.56171],[77.94122,35.54672],[77.93202,35.52269],[77.91517,35.49416],[77.88985,35.48176],[77.86029,35.48409],[77.82949,35.49179],[77.77358,35.49897],[77.76035,35.49809],[77.74743,35.49432],[77.68966,35.46269],[77.66061,35.4581],[77.51961,35.47744],[77.50868,35.58016],[77.46889,35.65188],[77.42135,35.64015],[77.34859,35.71978],[77.3089,35.71978],[77.20896,35.70966],[77.08959,35.7402],[77.06861,35.77994],[77.00856,35.81973],[76.939,35.84004],[76.83906,35.85952],[76.77891,35.91026],[76.77891,36.03982],[76.75865,36.11004],[76.71876,36.15991],[76.66894,36.1904],[76.56828,36.1904],[76.46926,36.22001],[76.42865,36.23955],[76.38886,36.30977],[76.31858,36.33008],[76.239,36.3199],[76.14928,36.42455],[75.98108,36.44544],[75.97658,36.46263],[75.87478,36.61947],[75.84977,36.64474],[75.79055,36.68784],[75.72874,36.72319],[75.64978,36.75404],[75.57051,36.76675],[75.50798,36.74763],[75.49888,36.72763],[75.49258,36.7207],[75.43191,36.72293],[75.41052,36.74732],[75.3945,36.86426],[75.37796,36.89429],[75.3513,36.91578],[75.31347,36.92876],[75.19513,36.94888],[75.16123,36.9642],[75.13281,36.9847],[75.11855,36.99123],[75.10015,36.99412],[75.01447,36.98449],[74.97685,36.98428],[74.92497,36.97087],[74.9105,36.96255],[74.90078,36.94992],[74.892,36.92098],[74.8858,36.91144],[74.87236,36.9071],[74.86678,36.91656],[74.86089,36.94689],[74.85324,36.95898],[74.82451,36.99412],[74.79257,37.01516],[74.71919,37.01645],[74.69222,37.03588],[74.67795,37.05169],[74.66245,37.05448],[74.62607,37.04275],[74.56178,37.02968],[74.54235,37.02167],[74.5192,37.03025],[74.49409,37.06647],[74.47662,37.08314],[74.4144,37.10784],[74.38257,37.12657],[74.36614,37.14776],[74.36831,37.16706],[74.38226,37.17205],[74.42029,37.16807],[74.44158,37.17055],[74.45667,37.17732],[74.46763,37.18993],[74.48727,37.22595],[74.50008,37.23163],[74.53222,37.2322],[74.59,37.24336],[74.60902,37.23018],[74.61501,37.22838],[74.62328,37.2308],[74.64302,37.24837],[74.65098,37.25964],[74.6763,37.26372],[74.72146,37.29778],[74.73738,37.29612],[74.78327,37.21967],[74.79402,37.21393],[74.89231,37.23111],[74.91267,37.23899],[74.93292,37.27251],[74.95153,37.28129],[74.9754,37.28429],[75.06842,37.31214],[75.0771,37.32421],[75.07958,37.36124],[75.09178,37.37844],[75.11524,37.3878],[75.16412,37.40064],[75.1325,37.41849],[75.10397,37.44061],[75.05343,37.49384],[75.03586,37.50639],[74.94522,37.54856],[74.91504,37.57073],[74.89189,37.5992],[74.88218,37.63442],[74.88611,37.65346],[74.92362,37.69532],[74.93189,37.72158],[74.95442,37.74772],[74.96517,37.76746],[74.96145,37.78547],[74.94925,37.79532],[74.8984,37.81759],[74.88611,37.83056],[74.88321,37.84387],[74.89458,37.85211],[74.91163,37.87376],[74.9137,37.88084],[74.89396,37.89226],[74.89076,37.89771],[74.88879,37.93092],[74.89282,37.99401],[74.88042,38.02166],[74.80907,38.05448],[98.36225,38.05448],[98.36225,27.53172],[98.3286,27.52287],[98.2947,27.53662],[98.27569,27.5701],[98.2544,27.64813],[98.23806,27.68022],[98.20437,27.7273],[98.20179,27.73655],[98.2115,27.76032],[98.19786,27.78063],[98.20065,27.8136],[98.19662,27.82319],[98.16241,27.84285],[98.14577,27.86073],[98.14009,27.87856],[98.17667,27.89812],[98.17729,27.91292],[98.16582,27.92969],[98.14898,27.94455],[98.11352,27.9617],[98.10712,27.97307],[98.11849,27.99473],[98.12252,28.01545],[98.12799,28.10547],[98.12696,28.12428],[98.11869,28.14079],[98.04862,28.19962],[98.03136,28.20833],[97.99105,28.21402],[97.98485,28.22422],[97.99384,28.25254],[97.99291,28.26892],[97.97875,28.2806],[97.94475,28.29884],[97.89752,28.35532],[97.85907,28.37013],[97.79726,28.34393],[97.76533,28.35243],[97.74001,28.38261],[97.6996,28.48803],[97.67045,28.51128],[97.61361,28.48198],[97.58994,28.4947],[97.56751,28.5255],[97.54622,28.53847],[97.52772,28.52953],[97.48814,28.44193],[97.4746,28.4262],[97.46571,28.40669],[97.4501,28.39191],[97.44535,28.38297],[97.45238,28.35548],[97.45238,28.31768],[97.44783,28.2976],[97.43667,28.28641],[97.39822,28.2889],[97.38437,28.28484],[97.37786,28.2636],[97.36959,28.25347],[97.33383,28.23525],[97.3235,28.21748],[97.28526,28.23567]]],[[[98.34731,24.10494],[98.33067,24.09949],[98.29326,24.10013],[98.21915,24.11737],[98.18153,24.11866],[98.10505,24.10153],[97.88997,24.02262],[97.87664,24.0144],[97.83633,23.97177],[97.81783,23.95815],[97.76781,23.94647],[97.74817,23.93407],[97.69681,23.88712],[97.63707,23.86356],[97.62467,23.84671],[97.6197,23.86599],[97.60989,23.88314],[97.57268,23.90756],[97.53299,23.92371],[97.51646,23.94283],[97.70766,24.1253],[97.72006,24.14744],[97.72306,24.17126],[97.71872,24.18155],[97.70456,24.19925],[97.70156,24.21093],[97.70466,24.22173],[97.72409,24.24152],[97.71841,24.27767],[97.64451,24.30239],[97.6382,24.3281],[97.6536,24.33872],[97.67428,24.34084],[97.68957,24.34647],[97.68833,24.36771],[97.68099,24.37776],[97.6626,24.39006],[97.6473,24.43233],[97.63986,24.43928],[97.62436,24.44228],[97.60069,24.44192],[97.51956,24.43078],[97.51325,24.43859],[97.51387,24.46169],[97.53857,24.59726],[97.53278,24.72332],[97.53609,24.74503],[97.604,24.78645],[97.66394,24.82978],[97.68595,24.83352],[97.72657,24.82629],[97.74848,24.82647],[97.76523,24.83466],[97.77298,24.85469],[97.76099,24.87029],[97.72409,24.89722],[97.70828,24.92729],[97.70332,24.96042],[97.70518,25.02884],[97.6996,25.06501],[97.70363,25.07392],[97.72161,25.07927],[97.73753,25.09051],[97.75406,25.11356],[97.77701,25.15862],[97.80099,25.23763],[97.82362,25.26161],[97.86031,25.24409],[97.87881,25.21355],[97.88894,25.20565],[97.90992,25.20756],[97.9308,25.21851],[97.97627,25.27226],[98.03353,25.3013],[98.0449,25.31194],[98.06257,25.35432],[98.0757,25.37608],[98.08996,25.38594],[98.10836,25.38889],[98.11208,25.39623],[98.11198,25.44847],[98.10474,25.46697],[98.09978,25.50005],[98.1342,25.53462],[98.13936,25.55022],[98.14009,25.61146],[98.15022,25.61306],[98.23238,25.58655],[98.24716,25.57916],[98.27662,25.55245],[98.28943,25.55038],[98.33263,25.56697],[98.3471,25.57782],[98.35723,25.59275],[98.36225,25.61029],[98.36225,24.11325],[98.34731,24.10494]]]]}},{"type":"Feature","properties":{"code":"BTN","name":"Bhutan"},"geometry":{"type":"MultiPolygon","coordinates":[[[[90.4926,28.07441],[90.57528,28.06583],[90.62189,28.07296],[90.65104,28.087],[90.66747,28.09033],[90.6839,28.08707],[90.7269,28.0617],[90.7887,28.04749],[90.85092,28.04403],[90.90952,28.03266],[90.97515,27.98209],[91.00884,27.96677],[91.05194,27.96279],[91.09256,27.97168],[91.11964,27.99488],[91.1338,28.0141],[91.17586,28.05749],[91.19467,28.07059],[91.22061,28.07488],[91.24614,28.07147],[91.2697,28.07286],[91.29017,28.09141],[91.3096,28.0564],[91.34143,28.03056],[91.41884,27.99473],[91.46091,27.98436],[91.4975,27.98408],[91.53749,27.96935],[91.60064,27.95928],[91.62172,27.95072],[91.63795,27.93974],[91.65283,27.91675],[91.64891,27.89721],[91.63712,27.87724],[91.62834,27.85269],[91.56436,27.85137],[91.56602,27.82107],[91.60534,27.81066],[91.63577,27.78252],[91.63496,27.74657],[91.62669,27.71642],[91.57987,27.65798],[91.57325,27.61971],[91.59506,27.54638],[91.60446,27.53214],[91.63289,27.51166],[91.64167,27.49496],[91.65738,27.47915],[91.70492,27.46876],[91.72709,27.45994],[91.77956,27.45648],[91.85658,27.46624],[91.90059,27.45973],[91.97509,27.47243],[92.0236,27.44678],[92.08878,27.29234],[92.08185,27.27513],[92.05064,27.25141],[92.03679,27.23648],[92.02708,27.19984],[92.00299,27.17261],[91.99586,27.15803],[91.9879,27.12227],[91.9877,27.10403],[91.99989,27.07153],[92.04971,27.02683],[92.06697,26.99494],[92.08392,26.93732],[92.07276,26.88777],[92.03586,26.85485],[91.97509,26.84663],[91.95742,26.85428],[91.92569,26.87867],[91.90822,26.88518],[91.89313,26.88136],[91.89551,26.8535],[91.87401,26.84431],[91.8859,26.83087],[91.88693,26.81444],[91.87866,26.80302],[91.86305,26.80477],[91.85241,26.81852],[91.84393,26.84937],[91.82512,26.85846],[91.79525,26.8535],[91.73159,26.81619],[91.70213,26.80348],[91.65376,26.79795],[91.63795,26.79898],[91.59372,26.81077],[91.57563,26.81015],[91.53935,26.79883],[91.52065,26.79759],[91.50742,26.80803],[91.47507,26.86554],[91.4606,26.86937],[91.42019,26.87154],[91.40634,26.86952],[91.38846,26.85846],[91.35838,26.80617],[91.34557,26.7947],[91.33006,26.7855],[91.29658,26.77459],[91.27601,26.77408],[91.2325,26.79516],[91.19818,26.80234],[91.12708,26.8009],[91.06207,26.80457],[91.0074,26.78214],[90.71708,26.76705],[90.58778,26.78007],[90.47523,26.83242],[90.38263,26.8918],[90.34883,26.89665],[90.32857,26.89066],[90.28444,26.85707],[90.26599,26.85159],[90.21091,26.85149],[90.17742,26.83206],[90.1522,26.77175],[90.12719,26.75139],[90.08916,26.74173],[89.97526,26.73186],[89.91211,26.71672],[89.89041,26.71486],[89.85077,26.72318],[89.83496,26.73155],[89.82974,26.72762],[89.82209,26.70101],[89.81367,26.69615],[89.80008,26.70049],[89.76029,26.70018],[89.73874,26.70328],[89.68515,26.72457],[89.66324,26.7255],[89.62831,26.71253],[89.60981,26.71222],[89.59751,26.72095],[89.61348,26.74855],[89.61136,26.76596],[89.58609,26.78405],[89.5465,26.79754],[89.50542,26.80369],[89.44289,26.79702],[89.40734,26.8134],[89.34166,26.85433],[89.30016,26.84441],[89.2736,26.84389],[89.24084,26.81976],[89.21283,26.81304],[89.18461,26.81056],[89.12808,26.81346],[89.0965,26.82141],[89.08245,26.83604],[89.06069,26.88146],[89.04488,26.89712],[89.02157,26.91267],[88.99661,26.92275],[88.97532,26.92172],[88.95455,26.91262],[88.94277,26.91371],[88.93233,26.91924],[88.9253,26.92936],[88.92695,26.94942],[88.92447,26.96166],[88.90664,26.98109],[88.88644,26.97898],[88.86711,26.96425],[88.85171,26.94544],[88.84562,26.99484],[88.84562,27.04956],[88.84081,27.07525],[88.82763,27.09788],[88.80526,27.11302],[88.73007,27.15095],[88.73844,27.17979],[88.75436,27.2126],[88.77585,27.24087],[88.80117,27.25642],[88.86143,27.27038],[88.88463,27.28635],[88.89233,27.31554],[88.91516,27.33087],[88.95081,27.32823],[88.97193,27.31238],[88.99702,27.33087],[88.98118,27.35464],[88.96401,27.39292],[88.95106,27.43314],[88.9662,27.47803],[88.98297,27.49263],[88.97296,27.51766],[88.97837,27.53028],[88.99279,27.5375],[89.00497,27.54967],[89.00271,27.56049],[89.01624,27.57582],[89.03337,27.57898],[89.03968,27.5943],[89.05095,27.60828],[89.06403,27.61595],[89.09153,27.62586],[89.10956,27.62226],[89.12466,27.61485],[89.12736,27.62729],[89.1982,27.73058],[89.21659,27.77114],[89.22492,27.80781],[89.25872,27.82755],[89.29949,27.84424],[89.33602,27.86908],[89.37013,27.90936],[89.44454,28.03118],[89.47534,28.06134],[89.49534,28.068],[89.51503,28.0819],[89.56149,28.13464],[89.57942,28.14464],[89.59782,28.14981],[89.71781,28.16908],[89.75584,28.18438],[89.78086,28.22877],[89.82974,28.25916],[89.86292,28.29579],[89.87362,28.3006],[89.88131,28.29752],[89.91613,28.3156],[89.95252,28.30825],[89.97159,28.31804],[89.99046,28.32062],[90.07086,28.34523],[90.12354,28.33535],[90.15316,28.32218],[90.17621,28.32548],[90.19925,28.34852],[90.22559,28.3584],[90.2618,28.33535],[90.2618,28.29914],[90.29147,28.26135],[90.3295,28.2558],[90.35398,28.29914],[90.3869,28.29914],[90.41654,28.28268],[90.45604,28.28268],[90.50542,28.24976],[90.54822,28.24647],[90.58773,28.2333],[90.5976,28.20038],[90.56797,28.1905],[90.54822,28.15758],[90.5153,28.15429],[90.48567,28.12466],[90.47523,28.07234],[90.4926,28.07441]]]]}},{"type":"Feature","properties":{"code":"UZB","name":"Uzbekistan"},"geometry":{"type":"MultiPolygon","coordinates":[[[[67.1434,38.05448],[68.31478,38.05448],[68.28057,38.01324],[68.26827,37.99383],[68.24873,37.94895],[68.23302,37.9398],[68.21773,37.93608],[68.17112,37.93107],[68.13995,37.9227],[68.12223,37.90833],[68.07965,37.80627],[68.05019,37.76041],[67.97733,37.67974],[67.92338,37.63879],[67.87186,37.5868],[67.82922,37.52794],[67.80122,37.46645],[67.79734,37.42444],[67.81718,37.34542],[67.82064,37.30331],[67.81543,37.26734],[67.80395,37.23344],[67.78509,37.20357],[67.78054,37.18887],[67.776,37.20755],[67.76427,37.22088],[67.74659,37.22941],[67.72587,37.23354],[67.6775,37.23354],[67.64464,37.25122],[67.63316,37.25406],[67.59229,37.24718],[67.57218,37.22316],[67.56138,37.2199],[67.545,37.23153],[67.52614,37.27289],[67.50314,37.28196],[67.48237,37.27736],[67.43111,37.23977],[67.39116,37.21959],[67.31959,37.20843],[67.28145,37.18866],[67.25913,37.18515],[67.23675,37.19241],[67.22528,37.2077],[67.20797,37.24346],[67.18782,37.25824],[67.1434,37.2719],[67.1434,38.05448]]]]}},{"type":"Feature","properties":{"code":"TJK","name":"Tajikistan"},"geometry":{"type":"MultiPolygon","coordinates":[[[[70.32628,38.01127],[70.29378,37.99611],[70.28375,37.98187],[70.25393,37.97339],[70.25016,37.95562],[70.26153,37.93929],[70.21471,37.92926],[70.19223,37.93288],[70.17213,37.94608],[70.1605,37.92066],[70.1652,37.88991],[70.17916,37.86079],[70.196,37.83991],[70.24034,37.82756],[70.24716,37.81917],[70.24985,37.80488],[70.25652,37.7918],[70.27512,37.77418],[70.26959,37.76263],[70.28189,37.71956],[70.28308,37.70483],[70.27512,37.67548],[70.25357,37.65458],[70.25522,37.63747],[70.2483,37.62334],[70.24096,37.61714],[70.21647,37.61714],[70.19942,37.57928],[70.1927,37.57603],[70.15787,37.54143],[70.12914,37.53228],[70.09906,37.53657],[70.06919,37.5452],[70.0417,37.54885],[70.048,37.54143],[70.00759,37.54885],[69.9895,37.56732],[69.9554,37.57548],[69.93524,37.60566],[69.91881,37.61714],[69.89525,37.61817],[69.85329,37.60122],[69.823,37.59295],[69.80223,37.58151],[69.78445,37.59042],[69.75427,37.59667],[69.72957,37.59409],[69.6873,37.57959],[69.66498,37.57616],[69.52866,37.58603],[69.50866,37.57897],[69.49145,37.53699],[69.46974,37.52014],[69.4254,37.49425],[69.41171,37.47252],[69.38448,37.45327],[69.37838,37.43741],[69.37704,37.38066],[69.3912,37.37069],[69.39088,37.36532],[69.38448,37.36015],[69.38644,37.34152],[69.40308,37.31116],[69.4097,37.27674],[69.41791,37.26768],[69.40985,37.24566],[69.4452,37.23641],[69.44215,37.22362],[69.40773,37.17747],[69.3912,37.16466],[69.35084,37.14414],[69.32391,37.12099],[69.28562,37.11293],[69.26578,37.10541],[69.24568,37.10389],[69.12362,37.1692],[69.11431,37.17747],[69.09643,37.21303],[69.03576,37.25158],[69.02104,37.28796],[69.00548,37.30553],[68.98522,37.32036],[68.96543,37.32914],[68.88787,37.33814],[68.88508,37.33483],[68.8903,37.32294],[68.91763,37.30243],[68.92115,37.28796],[68.91582,37.27907],[68.90471,37.27669],[68.8903,37.28196],[68.85676,37.32491],[68.83583,37.32914],[68.81382,37.32341],[68.8102,37.31209],[68.82203,37.28196],[68.82462,37.26062],[68.82038,37.25091],[68.80849,37.25163],[68.75961,37.27524],[68.66886,37.27829],[68.65754,37.26768],[68.66266,37.26372],[68.67124,37.24718],[68.6486,37.24437],[68.63641,37.22992],[68.6269,37.20626],[68.55145,37.19262],[68.53275,37.169],[68.52386,37.16466],[68.46577,37.15536],[68.40371,37.15164],[68.41802,37.12828],[68.41146,37.11337],[68.39188,37.10544],[68.36583,37.10321],[68.32666,37.11303],[68.30728,37.11422],[68.28832,37.10321],[68.28077,37.08665],[68.28832,37.02441],[68.27778,37.01007],[68.25375,37.01022],[68.21256,37.02126],[68.18641,37.01831],[68.152,36.99278],[68.12109,36.98028],[68.05495,36.93465],[68.03272,36.92524],[68.02022,36.92568],[68.01112,36.93087],[67.99619,36.95578],[67.96182,36.98994],[67.91842,37.01381],[67.89196,37.05203],[67.87811,37.06443],[67.83289,37.07309],[67.80804,37.08324],[67.78535,37.09655],[67.77305,37.10998],[67.77197,37.12497],[67.78054,37.18887],[67.78509,37.20357],[67.80395,37.23344],[67.81543,37.26734],[67.82064,37.30331],[67.81718,37.34542],[67.79734,37.42444],[67.80122,37.46645],[67.82922,37.52794],[67.87186,37.5868],[67.92338,37.63879],[67.97733,37.67974],[68.05019,37.76041],[68.07965,37.80627],[68.12223,37.90833],[68.13995,37.9227],[68.17112,37.93107],[68.21773,37.93608],[68.23302,37.9398],[68.24873,37.94895],[68.26827,37.99383],[68.28057,38.01324],[68.31478,38.05448],[70.36754,38.05448],[70.32628,38.01127]]],[[[74.80994,38.05321],[74.88042,38.02166],[74.89282,37.99401],[74.88879,37.93092],[74.89076,37.89771],[74.89396,37.89226],[74.9137,37.88084],[74.91163,37.87376],[74.89458,37.85211],[74.88321,37.84387],[74.88611,37.83056],[74.8984,37.81759],[74.94925,37.79532],[74.96145,37.78547],[74.96517,37.76746],[74.95442,37.74772],[74.93189,37.72158],[74.92362,37.69532],[74.88611,37.65346],[74.88218,37.63442],[74.89189,37.5992],[74.91504,37.57073],[74.94522,37.54856],[75.03586,37.50639],[75.05343,37.49384],[75.10397,37.44061],[75.1325,37.41849],[75.16412,37.40064],[75.11524,37.3878],[75.09178,37.37844],[75.07958,37.36124],[75.0771,37.32421],[75.06842,37.31214],[74.9754,37.28429],[74.95153,37.28129],[74.93292,37.27251],[74.91267,37.23899],[74.89231,37.23111],[74.86264,37.2446],[74.81686,37.30692],[74.78854,37.33116],[74.66038,37.39397],[74.63144,37.38108],[74.52117,37.3756],[74.45481,37.39364],[74.41833,37.38919],[74.37813,37.39376],[74.3682,37.39638],[74.35363,37.41591],[74.34381,37.421],[74.33244,37.42035],[74.32087,37.41389],[74.3156,37.42692],[74.30382,37.40017],[74.27942,37.39751],[74.25038,37.40369],[74.22392,37.40335],[74.2077,37.38992],[74.20604,37.35565],[74.18765,37.33839],[74.16326,37.33007],[74.05215,37.31225],[73.95562,37.28677],[73.89929,37.26548],[73.8564,37.26158],[73.83625,37.25674],[73.79821,37.22853],[73.78395,37.22589],[73.74612,37.23054],[73.71998,37.21755],[73.70923,37.21701],[73.68049,37.24246],[73.65993,37.24375],[73.61766,37.23318],[73.60164,37.24088],[73.5973,37.26181],[73.6099,37.2814],[73.63099,37.29599],[73.65197,37.30206],[73.69042,37.30522],[73.72225,37.32245],[73.7391,37.33834],[73.74571,37.35286],[73.74592,37.3949],[73.75346,37.42839],[73.7178,37.43182],[73.6745,37.43105],[73.60505,37.44578],[73.48526,37.48097],[73.44061,37.47994],[73.37839,37.45255],[73.34501,37.46448],[73.32124,37.46702],[73.29633,37.46495],[73.27608,37.45947],[73.26026,37.45004],[73.21148,37.40826],[73.20063,37.40418],[73.17903,37.41074],[73.17024,37.40826],[73.1321,37.38439],[73.11639,37.36906],[73.08777,37.32607],[73.06751,37.31506],[72.99558,37.3093],[72.92426,37.27483],[72.90225,37.2538],[72.87744,37.24688],[72.83052,37.23977],[72.79073,37.22026],[72.76096,37.1875],[72.71435,37.10998],[72.6727,37.05761],[72.6666,37.03834],[72.65771,37.02883],[72.50868,37.01108],[72.47499,36.99748],[72.40595,37.00766],[72.36099,37.00028],[72.25981,36.9673],[72.22032,36.94555],[72.18684,36.91139],[72.15284,36.89571],[72.12669,36.87274],[71.83658,36.69916],[71.79761,36.68608],[71.74852,36.67864],[71.69994,36.67864],[71.65302,36.68701],[71.61106,36.70484],[71.57737,36.73326],[71.55287,36.76959],[71.54533,36.79],[71.53851,36.8361],[71.52848,36.85615],[71.47174,36.93005],[71.46306,36.94808],[71.45996,36.96979],[71.45996,37.01074],[71.45644,37.02255],[71.43319,37.05474],[71.43112,37.06699],[71.43319,37.12735],[71.44104,37.16843],[71.45376,37.19262],[71.45014,37.21667],[71.48704,37.26706],[71.48786,37.29499],[71.49386,37.30754],[71.49654,37.32852],[71.49468,37.37069],[71.48714,37.40909],[71.49024,37.42338],[71.50151,37.44578],[71.51122,37.48588],[71.49716,37.56654],[71.50151,37.61034],[71.52207,37.63763],[71.52952,37.67858],[71.54254,37.71956],[71.52952,37.76113],[71.53778,37.77904],[71.57468,37.798],[71.59029,37.81573],[71.59504,37.85754],[71.59029,37.89144],[71.59773,37.89836],[71.56734,37.92807],[71.53706,37.94446],[71.5012,37.94621],[71.37919,37.91293],[71.34115,37.8933],[71.31976,37.90058],[71.28183,37.925],[71.25826,37.92647],[71.25454,37.93929],[71.27263,37.99799],[71.3024,38.04233],[71.30645,38.05448],[74.80994,38.05321]]]]}},{"type":"Feature","properties":{"code":"THA","name":"Thailand"},"geometry":{"type":"MultiPolygon","coordinates":[[[[97.84962,9.44212],[97.85328,9.46137],[97.87184,9.47305],[97.89527,9.46735],[97.89942,9.46113],[97.90016,9.45307],[97.89479,9.43871],[97.86988,9.44074],[97.86996,9.42524],[97.84962,9.44212]]],[[[97.84002,9.40428],[97.8353,9.41206],[97.8436,9.42495],[97.85727,9.4287],[97.86842,9.4204],[97.87468,9.40571],[97.87615,9.3902],[97.87184,9.37958],[97.84002,9.40428]]],[[[98.29908,8.99738],[98.31088,8.97818],[98.30698,8.95791],[98.29396,8.93464],[98.27052,8.87718],[98.26157,8.87857],[98.2531,8.89785],[98.25099,8.91844],[98.25571,8.93976],[98.25221,8.99702],[98.26092,9.01293],[98.27931,9.00934],[98.29908,8.99738]]],[[[98.30787,9.133],[98.31739,9.11713],[98.32276,9.09797],[98.32301,9.07624],[98.30201,9.05516],[98.30934,9.04898],[98.27418,9.03596],[98.25424,9.03681],[98.24049,9.04898],[98.24822,9.15009],[98.26092,9.15815],[98.27328,9.15998],[98.28224,9.15672],[98.30787,9.133]]],[[[98.34392,7.83291],[98.33611,7.81126],[98.33253,7.78596],[98.32309,7.77094],[98.30909,7.76773],[98.29184,7.77749],[98.28663,7.79169],[98.28142,7.85594],[98.26905,7.87914],[98.26775,7.89008],[98.28004,7.89692],[98.28533,7.90375],[98.28142,7.91743],[98.25416,7.92829],[98.25864,7.9383],[98.2741,7.95368],[98.26596,7.97378],[98.28142,8.00308],[98.27613,8.03384],[98.27442,8.06932],[98.28826,8.1092],[98.29021,8.13011],[98.28142,8.1918],[98.29566,8.18496],[98.30291,8.18806],[98.31153,8.18553],[98.33009,8.17048],[98.3357,8.15644],[98.34352,8.1092],[98.34962,8.1092],[98.36012,8.11884],[98.36225,8.1176],[98.36225,7.83243],[98.34392,7.83291]]],[[[98.35694,8.185],[98.33123,8.19505],[98.32398,8.20962],[98.2933,8.21589],[98.28142,8.2259],[98.2776,8.24071],[98.2776,8.28352],[98.26238,8.31281],[98.24204,8.40648],[98.19947,8.53437],[98.19801,8.55606],[98.20297,8.57388],[98.20973,8.58149],[98.21567,8.55337],[98.22316,8.54043],[98.24732,8.51455],[98.2531,8.53465],[98.24431,8.54686],[98.23015,8.55659],[98.21998,8.56916],[98.21949,8.57563],[98.22682,8.58902],[98.22682,8.61009],[98.24049,8.65107],[98.23854,8.67304],[98.21998,8.72622],[98.22413,8.73534],[98.23959,8.74584],[98.25074,8.75996],[98.25652,8.82856],[98.26157,8.85065],[98.28354,8.88496],[98.29274,8.92438],[98.31218,8.95136],[98.32488,8.97525],[98.33302,8.98005],[98.35157,8.97378],[98.36225,8.97392],[98.36225,8.17509],[98.35694,8.185]]],[[[98.36061,8.98347],[98.35808,8.996],[98.36225,9.00197],[98.36225,8.97888],[98.36061,8.98347]]],[[[98.36134,9.02302],[98.34246,9.01822],[98.33269,9.02607],[98.32984,9.05207],[98.34205,9.06289],[98.36225,9.06375],[98.36134,9.02302]]],[[[98.34148,9.14183],[98.32838,9.16437],[98.32228,9.20938],[98.32692,9.20368],[98.33969,9.19977],[98.34783,9.20279],[98.36225,9.21704],[98.36225,9.11471],[98.34148,9.14183]]],[[[98.35231,9.23591],[98.3519,9.25137],[98.36225,9.27354],[98.36225,9.23082],[98.35231,9.23591]]],[[[98.29749,14.72125],[98.24334,14.80512],[98.23538,14.82455],[98.2391,14.844],[98.22215,14.86426],[98.22163,14.92126],[98.21491,14.94317],[98.19114,14.98813],[98.19135,15.00115],[98.20437,15.02958],[98.199,15.05138],[98.16807,15.08277],[98.16045,15.10637],[98.165,15.1258],[98.18577,15.16078],[98.19073,15.17918],[98.17791,15.20879],[98.17719,15.2206],[98.21543,15.21886],[98.2329,15.2268],[98.24768,15.24093],[98.28302,15.28997],[98.29512,15.29261],[98.31785,15.28899],[98.33604,15.28217],[98.36225,15.26665],[98.36225,14.66026],[98.29749,14.72125]]],[[[98.33067,17.04687],[98.31331,17.05204],[98.29966,17.06475],[98.28623,17.08743],[98.29532,17.09984],[98.29439,17.10759],[98.26835,17.10774],[98.26618,17.11637],[98.27083,17.12779],[98.27899,17.13658],[98.25626,17.15162],[98.22101,17.20076],[98.18618,17.22422],[98.09265,17.31223],[98.09048,17.32525],[98.09472,17.35863],[98.08872,17.37279],[98.04872,17.39155],[98.03549,17.40504],[98.01823,17.44741],[97.99612,17.4808],[97.99167,17.49573],[97.98278,17.50544],[97.93379,17.5318],[97.76895,17.67918],[97.75934,17.69148],[97.75313,17.70538],[97.74962,17.73985],[97.71686,17.76977],[97.70652,17.79473],[97.68399,17.81654],[97.67614,17.83033],[97.69908,17.83333],[97.68554,17.88072],[97.72006,17.9432],[97.74755,17.96092],[97.75406,17.96903],[97.74724,17.9925],[97.7398,18.00293],[97.72006,18.05306],[97.70218,18.06184],[97.69422,18.06151],[97.69278,18.07011],[97.69908,18.09065],[97.6875,18.11982],[97.6843,18.1461],[97.62901,18.22085],[97.61795,18.24168],[97.62074,18.25108],[97.63572,18.2576],[97.64327,18.27302],[97.64379,18.29131],[97.63758,18.30633],[97.57382,18.33309],[97.56059,18.32826],[97.54198,18.28023],[97.52834,18.26532],[97.48648,18.29214],[97.46654,18.31144],[97.45258,18.33361],[97.4468,18.35831],[97.44308,18.40335],[97.41765,18.44115],[97.3791,18.52078],[97.3576,18.5399],[97.3514,18.55117],[97.38013,18.54776],[97.38892,18.54223],[97.41662,18.49603],[97.42747,18.48952],[97.43811,18.48812],[97.46282,18.49246],[97.50953,18.49128],[97.54839,18.50908],[97.61795,18.55316],[97.63738,18.55928],[97.6903,18.55789],[97.74569,18.57106],[97.75179,18.58248],[97.75975,18.62279],[97.75262,18.66344],[97.74125,18.70315],[97.73267,18.78051],[97.72037,18.81764],[97.72337,18.85198],[97.71913,18.86464],[97.66187,18.91378],[97.65784,18.92572],[97.70332,18.96437],[97.71045,18.9799],[97.71696,19.01832],[97.72781,19.03708],[97.78993,19.08258],[97.80409,19.09796],[97.8108,19.11222],[97.81514,19.19056],[97.81256,19.20847],[97.80522,19.22736],[97.76967,19.25728],[97.76409,19.2664],[97.76802,19.27712],[97.78869,19.27774],[97.7983,19.28141],[97.80615,19.3011],[97.78311,19.33709],[97.76709,19.39752],[97.80037,19.44078],[97.83354,19.46871],[97.84212,19.47938],[97.84874,19.49398],[97.84098,19.51716],[97.83985,19.55532],[97.84863,19.56764],[97.88584,19.57281],[97.94806,19.60242],[97.97948,19.63332],[98.00831,19.63911],[98.01358,19.65175],[98.01389,19.66945],[98.00562,19.70565],[98.00459,19.72391],[98.01792,19.78939],[98.02454,19.80298],[98.04562,19.80763],[98.07291,19.7773],[98.08593,19.77316],[98.11136,19.77714],[98.13223,19.76606],[98.17202,19.73156],[98.21326,19.71776],[98.21791,19.70797],[98.21667,19.68746],[98.21915,19.67699],[98.23755,19.66469],[98.26277,19.66986],[98.30731,19.68999],[98.36225,19.68929],[98.36225,17.04617],[98.33067,17.04687]]]]}},{"type":"Feature","properties":{"code":"MMR","name":"Myanmar"},"geometry":{"type":"MultiPolygon","coordinates":[[[[92.58384,21.98031],[92.598,21.9893],[92.61526,22.00879],[92.63985,22.01339],[92.65091,22.01917],[92.65835,22.03282],[92.65618,22.07529],[92.66208,22.09478],[92.66952,22.09266],[92.67396,22.09524],[92.67107,22.1339],[92.67396,22.14707],[92.68378,22.15431],[92.70807,22.14795],[92.77163,22.10418],[92.83612,22.04651],[92.8539,22.02414],[92.86702,21.96652],[92.87746,21.95701],[92.88924,21.96672],[92.90619,22.01731],[92.92097,22.02181],[92.93741,22.01302],[92.9556,21.98962],[92.9681,21.98724],[92.97896,21.99535],[92.97988,22.00228],[92.97792,22.01649],[92.96531,22.04956],[92.96717,22.06268],[92.98547,22.09596],[92.99518,22.10325],[93.02546,22.11292],[93.02257,22.12098],[93.02236,22.19622],[93.02453,22.2019],[93.04582,22.20686],[93.07249,22.20247],[93.09058,22.19715],[93.11952,22.18097],[93.14174,22.18728],[93.12313,22.21839],[93.12354,22.23069],[93.16902,22.24691],[93.17367,22.25942],[93.16592,22.38659],[93.15352,22.42752],[93.11786,22.46287],[93.09915,22.51196],[93.09822,22.53527],[93.10908,22.5747],[93.11052,22.59635],[93.10442,22.61593],[93.08189,22.65283],[93.07394,22.6719],[93.07084,22.69288],[93.07952,22.77272],[93.11238,22.79995],[93.1159,22.7984],[93.1253,22.82155],[93.16106,22.86098],[93.17553,22.8817],[93.17739,22.9002],[93.17109,22.92044],[93.15114,22.95622],[93.14318,22.97751],[93.13822,23.00526],[93.14008,23.0319],[93.15238,23.04994],[93.17708,23.05844],[93.19651,23.05384],[93.21212,23.03989],[93.22556,23.02038],[93.24654,23.00449],[93.27279,23.00591],[93.29883,23.01795],[93.31826,23.03366],[93.33335,23.05229],[93.3749,23.12973],[93.37273,23.16983],[93.38079,23.23726],[93.37645,23.27948],[93.3779,23.29682],[93.3842,23.31313],[93.40725,23.34726],[93.39981,23.42609],[93.40022,23.45402],[93.43236,23.64732],[93.4303,23.68034],[93.42596,23.6908],[93.40632,23.71912],[93.3748,23.73902],[93.35826,23.85526],[93.35919,23.89095],[93.35599,23.90699],[93.33759,23.92841],[93.31609,23.9611],[93.30297,23.99528],[93.30297,24.04114],[93.30968,24.06398],[93.32219,24.08006],[93.34854,24.08889],[93.36828,24.07848],[93.3965,24.03753],[93.43918,23.99523],[93.449,23.96893],[93.45665,23.95996],[93.47484,23.9575],[93.49572,23.95913],[93.54347,23.98089],[93.54998,23.97802],[93.56135,23.9657],[93.57106,23.96802],[93.58181,23.9796],[93.58801,23.99523],[93.6124,24.00905],[93.66046,24.01122],[93.71111,24.00546],[93.74304,23.99528],[93.78283,23.94546],[93.80371,23.93606],[93.88319,23.94531],[93.91233,23.939],[93.94055,23.92888],[93.99791,23.91696],[94.05506,23.88795],[94.07108,23.87612],[94.09971,23.84263],[94.11687,23.84165],[94.13186,23.85697],[94.13506,23.8773],[94.13506,23.91901],[94.14488,23.93888],[94.19025,23.99528],[94.19914,24.04809],[94.21412,24.06918],[94.22219,24.12264],[94.23397,24.16034],[94.28275,24.26643],[94.28999,24.31676],[94.29536,24.3326],[94.33071,24.36286],[94.32874,24.39448],[94.3522,24.41394],[94.3612,24.42541],[94.36368,24.46582],[94.37039,24.47773],[94.39706,24.49507],[94.4108,24.54594],[94.41845,24.56031],[94.43024,24.5709],[94.47499,24.59739],[94.48708,24.62046],[94.50796,24.68901],[94.51633,24.70495],[94.55571,24.70886],[94.56945,24.7164],[94.58154,24.73012],[94.5895,24.74725],[94.59901,24.81347],[94.63911,24.8628],[94.65482,24.88915],[94.67353,24.97481],[94.70856,25.02589],[94.71384,25.06826],[94.70681,25.10994],[94.68914,25.13852],[94.65327,25.15412],[94.61296,25.16136],[94.57689,25.17361],[94.55333,25.20415],[94.55012,25.24528],[94.608,25.39463],[94.63053,25.42739],[94.65947,25.4555],[94.69203,25.47633],[94.71115,25.48279],[94.76438,25.49168],[94.78236,25.50459],[94.82236,25.55911],[94.83104,25.56247],[94.85078,25.56278],[94.86029,25.56717],[94.86101,25.57141],[94.85295,25.58076],[94.85347,25.58604],[94.87166,25.59802],[94.96147,25.71797],[94.96901,25.72561],[94.99992,25.73156],[95.0088,25.73714],[95.01532,25.75512],[95.01346,25.7777],[94.9932,25.88095],[94.99403,25.90044],[95.00064,25.92204],[95.01201,25.93144],[95.04942,25.94374],[95.06586,25.95382],[95.13955,26.02994],[95.15122,26.04994],[95.15009,26.07097],[95.13748,26.08296],[95.10172,26.0934],[95.08818,26.10409],[95.07836,26.17132],[95.09448,26.19504],[95.09076,26.20269],[95.06637,26.21101],[95.05872,26.21768],[95.04632,26.24796],[95.04178,26.2876],[95.04364,26.3277],[95.05046,26.35906],[95.0642,26.3926],[95.06606,26.40743],[95.06172,26.4266],[95.0426,26.45968],[95.04064,26.47559],[95.05438,26.49492],[95.06989,26.50624],[95.09924,26.53611],[95.10957,26.5513],[95.11495,26.56257],[95.11908,26.60422],[95.1228,26.61161],[95.14141,26.62499],[95.17324,26.63383],[95.19556,26.66075],[95.20486,26.66757],[95.22326,26.67036],[95.23908,26.64964],[95.26057,26.64762],[95.31597,26.66907],[95.39266,26.69176],[95.41064,26.70163],[95.43999,26.73537],[95.46273,26.77718],[95.48981,26.81072],[95.53136,26.82028],[95.57476,26.81614],[95.5913,26.82374],[95.61332,26.86792],[95.62427,26.88074],[95.63998,26.88642],[95.68608,26.89128],[95.6993,26.89619],[95.73496,26.9473],[95.77796,26.99515],[95.80493,27.00476],[95.86147,27.01422],[95.88886,27.02703],[95.91645,27.05137],[95.93836,27.0799],[95.97484,27.14289],[96.01319,27.1908],[96.07417,27.22986],[96.14259,27.25751],[96.40779,27.29818],[96.47466,27.29539],[96.49006,27.29074],[96.51094,27.2925],[96.54732,27.30645],[96.56747,27.32831],[96.57605,27.34541],[96.5869,27.35358],[96.61418,27.34841],[96.63641,27.33554],[96.64902,27.33621],[96.65925,27.34143],[96.67589,27.35766],[96.68726,27.36174],[96.70524,27.36076],[96.72415,27.35626],[96.75888,27.34174],[96.77635,27.33063],[96.78916,27.31797],[96.80994,27.28578],[96.82172,27.27306],[96.85376,27.24872],[96.85965,27.24072],[96.84177,27.20439],[96.8427,27.18852],[96.86533,27.17162],[97.003,27.11452],[97.02677,27.09147],[97.03804,27.08703],[97.07721,27.09649],[97.10604,27.08259],[97.11917,27.08729],[97.13477,27.12734],[97.1293,27.13788],[97.10439,27.15602],[97.10129,27.1833],[97.0679,27.2171],[96.90512,27.40841],[96.88135,27.44411],[96.87701,27.46308],[96.89024,27.49248],[96.87732,27.55307],[96.86202,27.57837],[96.86213,27.5993],[96.87019,27.61909],[96.88352,27.63632],[96.89975,27.64948],[96.95701,27.68808],[96.99091,27.72663],[97.00403,27.73428],[97.05674,27.74678],[97.06036,27.75045],[97.06532,27.77399],[97.07235,27.77918],[97.09219,27.78549],[97.10604,27.80554],[97.13178,27.81686],[97.18211,27.85727],[97.22293,27.89972],[97.24123,27.90786],[97.26066,27.91204],[97.27637,27.91034],[97.28805,27.89776],[97.28867,27.88435],[97.2929,27.87755],[97.33352,27.89416],[97.33817,27.90155],[97.33569,27.93561],[97.34003,27.95181],[97.36225,27.99488],[97.35512,28.02304],[97.30655,28.06966],[97.2929,28.09508],[97.2989,28.12924],[97.32866,28.19001],[97.3235,28.21748],[97.33383,28.23525],[97.36959,28.25347],[97.37786,28.2636],[97.38437,28.28484],[97.39822,28.2889],[97.43667,28.28641],[97.44783,28.2976],[97.45238,28.31768],[97.45238,28.35548],[97.44535,28.38297],[97.4501,28.39191],[97.46571,28.40669],[97.4746,28.4262],[97.48814,28.44193],[97.52772,28.52953],[97.54622,28.53847],[97.56751,28.5255],[97.58994,28.4947],[97.61361,28.48198],[97.67045,28.51128],[97.6996,28.48803],[97.74001,28.38261],[97.76533,28.35243],[97.79726,28.34393],[97.85907,28.37013],[97.89752,28.35532],[97.94475,28.29884],[97.97875,28.2806],[97.99291,28.26892],[97.99384,28.25254],[97.98485,28.22422],[97.99105,28.21402],[98.03136,28.20833],[98.04862,28.19962],[98.11869,28.14079],[98.12696,28.12428],[98.12799,28.10547],[98.12252,28.01545],[98.11849,27.99473],[98.10712,27.97307],[98.11352,27.9617],[98.14898,27.94455],[98.16582,27.92969],[98.17729,27.91292],[98.17667,27.89812],[98.14009,27.87856],[98.14577,27.86073],[98.16241,27.84285],[98.19662,27.82319],[98.20065,27.8136],[98.19786,27.78063],[98.2115,27.76032],[98.20179,27.73655],[98.20437,27.7273],[98.23806,27.68022],[98.2544,27.64813],[98.27569,27.5701],[98.2947,27.53662],[98.3286,27.52287],[98.36225,27.53172],[98.36225,25.61029],[98.35723,25.59275],[98.3471,25.57782],[98.33263,25.56697],[98.28943,25.55038],[98.27662,25.55245],[98.24716,25.57916],[98.23238,25.58655],[98.15022,25.61306],[98.14009,25.61146],[98.13936,25.55022],[98.1342,25.53462],[98.09978,25.50005],[98.10474,25.46697],[98.11198,25.44847],[98.11208,25.39623],[98.10836,25.38889],[98.08996,25.38594],[98.0757,25.37608],[98.06257,25.35432],[98.0449,25.31194],[98.03353,25.3013],[97.97627,25.27226],[97.9308,25.21851],[97.90992,25.20756],[97.88894,25.20565],[97.87881,25.21355],[97.86031,25.24409],[97.82362,25.26161],[97.80099,25.23763],[97.77701,25.15862],[97.75406,25.11356],[97.73753,25.09051],[97.72161,25.07927],[97.70363,25.07392],[97.6996,25.06501],[97.70518,25.02884],[97.70332,24.96042],[97.70828,24.92729],[97.72409,24.89722],[97.76099,24.87029],[97.77298,24.85469],[97.76523,24.83466],[97.74848,24.82647],[97.72657,24.82629],[97.68595,24.83352],[97.66394,24.82978],[97.604,24.78645],[97.53609,24.74503],[97.53278,24.72332],[97.53857,24.59726],[97.51387,24.46169],[97.51325,24.43859],[97.51956,24.43078],[97.60069,24.44192],[97.62436,24.44228],[97.63986,24.43928],[97.6473,24.43233],[97.6626,24.39006],[97.68099,24.37776],[97.68833,24.36771],[97.68957,24.34647],[97.67428,24.34084],[97.6536,24.33872],[97.6382,24.3281],[97.64451,24.30239],[97.71841,24.27767],[97.72409,24.24152],[97.70466,24.22173],[97.70156,24.21093],[97.70456,24.19925],[97.71872,24.18155],[97.72306,24.17126],[97.72006,24.14744],[97.70766,24.1253],[97.51646,23.94283],[97.53299,23.92371],[97.57268,23.90756],[97.60989,23.88314],[97.6197,23.86599],[97.62467,23.84671],[97.63707,23.86356],[97.69681,23.88712],[97.74817,23.93407],[97.76781,23.94647],[97.81783,23.95815],[97.83633,23.97177],[97.87664,24.0144],[97.88997,24.02262],[98.10505,24.10153],[98.18153,24.11866],[98.21915,24.11737],[98.29326,24.10013],[98.33067,24.09949],[98.36225,24.11325],[98.36225,19.68929],[98.30731,19.68999],[98.26277,19.66986],[98.23755,19.66469],[98.21915,19.67699],[98.21667,19.68746],[98.21791,19.70797],[98.21326,19.71776],[98.17202,19.73156],[98.13223,19.76606],[98.11136,19.77714],[98.08593,19.77316],[98.07291,19.7773],[98.04562,19.80763],[98.02454,19.80298],[98.01792,19.78939],[98.00459,19.72391],[98.00562,19.70565],[98.01389,19.66945],[98.01358,19.65175],[98.00831,19.63911],[97.97948,19.63332],[97.94806,19.60242],[97.88584,19.57281],[97.84863,19.56764],[97.83985,19.55532],[97.84098,19.51716],[97.84874,19.49398],[97.84212,19.47938],[97.83354,19.46871],[97.80037,19.44078],[97.76709,19.39752],[97.78311,19.33709],[97.80615,19.3011],[97.7983,19.28141],[97.78869,19.27774],[97.76802,19.27712],[97.76409,19.2664],[97.76967,19.25728],[97.80522,19.22736],[97.81256,19.20847],[97.81514,19.19056],[97.8108,19.11222],[97.80409,19.09796],[97.78993,19.08258],[97.72781,19.03708],[97.71696,19.01832],[97.71045,18.9799],[97.70332,18.96437],[97.65784,18.92572],[97.66187,18.91378],[97.71913,18.86464],[97.72337,18.85198],[97.72037,18.81764],[97.73267,18.78051],[97.74125,18.70315],[97.75262,18.66344],[97.75975,18.62279],[97.75179,18.58248],[97.74569,18.57106],[97.6903,18.55789],[97.63738,18.55928],[97.61795,18.55316],[97.54839,18.50908],[97.50953,18.49128],[97.46282,18.49246],[97.43811,18.48812],[97.42747,18.48952],[97.41662,18.49603],[97.38892,18.54223],[97.38013,18.54776],[97.3514,18.55117],[97.3576,18.5399],[97.3791,18.52078],[97.41765,18.44115],[97.44308,18.40335],[97.4468,18.35831],[97.45258,18.33361],[97.46654,18.31144],[97.48648,18.29214],[97.52834,18.26532],[97.54198,18.28023],[97.56059,18.32826],[97.57382,18.33309],[97.63758,18.30633],[97.64379,18.29131],[97.64327,18.27302],[97.63572,18.2576],[97.62074,18.25108],[97.61795,18.24168],[97.62901,18.22085],[97.6843,18.1461],[97.6875,18.11982],[97.69908,18.09065],[97.69278,18.07011],[97.69422,18.06151],[97.70218,18.06184],[97.72006,18.05306],[97.7398,18.00293],[97.74724,17.9925],[97.75406,17.96903],[97.74755,17.96092],[97.72006,17.9432],[97.68554,17.88072],[97.69908,17.83333],[97.67614,17.83033],[97.68399,17.81654],[97.70652,17.79473],[97.71686,17.76977],[97.74962,17.73985],[97.75313,17.70538],[97.75934,17.69148],[97.76895,17.67918],[97.93379,17.5318],[97.98278,17.50544],[97.99167,17.49573],[97.99612,17.4808],[98.01823,17.44741],[98.03549,17.40504],[98.04872,17.39155],[98.08872,17.37279],[98.09472,17.35863],[98.09048,17.32525],[98.09265,17.31223],[98.18618,17.22422],[98.22101,17.20076],[98.25626,17.15162],[98.27899,17.13658],[98.27083,17.12779],[98.26618,17.11637],[98.26835,17.10774],[98.29439,17.10759],[98.29532,17.09984],[98.28623,17.08743],[98.29966,17.06475],[98.31331,17.05204],[98.33067,17.04687],[98.36225,17.04617],[98.36225,15.26665],[98.33604,15.28217],[98.31785,15.28899],[98.29512,15.29261],[98.28302,15.28997],[98.24768,15.24093],[98.2329,15.2268],[98.21543,15.21886],[98.17719,15.2206],[98.17791,15.20879],[98.19073,15.17918],[98.18577,15.16078],[98.165,15.1258],[98.16045,15.10637],[98.16807,15.08277],[98.199,15.05138],[98.20437,15.02958],[98.19135,15.00115],[98.19114,14.98813],[98.21491,14.94317],[98.22163,14.92126],[98.22215,14.86426],[98.2391,14.844],[98.23538,14.82455],[98.24334,14.80512],[98.29749,14.72125],[98.36225,14.66026],[98.36225,13.56223],[98.35719,13.56387],[98.3611,13.57616],[98.35662,13.58487],[98.33611,13.59858],[98.33644,13.61982],[98.29884,13.67105],[98.28826,13.69477],[98.29566,13.68797],[98.30201,13.701],[98.2767,13.70718],[98.25734,13.70637],[98.2448,13.71406],[98.24049,13.74604],[98.25416,13.7978],[98.24781,13.83759],[98.25416,13.85179],[98.24806,13.86278],[98.23365,13.9173],[98.23365,13.96166],[98.22722,13.98896],[98.23365,13.99649],[98.23365,14.00263],[98.20867,14.02961],[98.19703,14.04816],[98.19215,14.06468],[98.1858,14.06468],[98.17897,14.01972],[98.19947,13.99274],[98.19825,13.96491],[98.19337,13.95181],[98.18238,13.93781],[98.18019,13.92504],[98.19947,13.86921],[98.188,13.81513],[98.17945,13.73241],[98.19353,13.68626],[98.19606,13.66836],[98.19337,13.65156],[98.17156,13.60602],[98.16847,13.5843],[98.17156,13.56387],[98.18344,13.5517],[98.18686,13.54385],[98.17897,13.5371],[98.17107,13.53783],[98.15105,13.5576],[98.1443,13.5371],[98.14137,13.57323],[98.12973,13.58234],[98.13478,13.59174],[98.15105,13.60602],[98.13746,13.62653],[98.15187,13.63036],[98.15846,13.64232],[98.15805,13.65819],[98.15105,13.67373],[98.16765,13.67316],[98.16879,13.68081],[98.16041,13.69025],[98.14763,13.69477],[98.12379,13.69351],[98.10328,13.701],[98.11695,13.72895],[98.09205,13.73969],[98.08277,13.76996],[98.08888,13.79511],[98.11012,13.79035],[98.10402,13.8347],[98.10328,13.87637],[98.11085,13.90217],[98.08546,13.91791],[98.08229,13.92446],[98.07928,13.94806],[98.0617,14.01008],[98.06625,14.0327],[98.09645,14.07836],[98.09742,14.09219],[98.10768,14.11001],[98.10857,14.13264],[98.09645,14.16779],[98.11012,14.16779],[98.10108,14.19184],[98.09522,14.19379],[98.08961,14.18138],[98.04176,14.24286],[98.01482,14.29951],[97.9935,14.33051],[97.98601,14.35261],[97.97975,14.39741],[97.9826,14.41926],[97.99594,14.44969],[98.00026,14.46874],[97.97641,14.44375],[97.96608,14.44831],[97.95183,14.50292],[97.9214,14.55768],[97.91358,14.58674],[97.92506,14.61278],[97.90008,14.63032],[97.88551,14.65595],[97.88551,14.68407],[97.90406,14.70897],[97.94313,14.7202],[97.96852,14.69652],[97.99244,14.66372],[98.0276,14.64753],[97.99244,14.6931],[97.98219,14.71528],[98.00026,14.72207],[97.97104,14.73591],[97.96461,14.74706],[97.97291,14.76362],[97.95883,14.77851],[97.94988,14.7989],[97.93816,14.78474],[97.94606,14.76968],[97.94557,14.76362],[97.93116,14.75218],[97.91717,14.75861],[97.90675,14.77595],[97.90406,14.79776],[97.89723,14.79776],[97.89454,14.77969],[97.90219,14.7377],[97.8755,14.71674],[97.86305,14.71581],[97.85035,14.72362],[97.84254,14.73631],[97.81512,14.85082],[97.79477,14.88032],[97.8025,14.90095],[97.80445,14.93598],[97.81593,14.95881],[97.81284,14.98334],[97.80437,14.99868],[97.77426,15.01748],[97.78745,15.03071],[97.80836,15.03116],[97.79477,15.0585],[97.80681,15.07526],[97.81023,15.09512],[97.80714,15.17495],[97.81088,15.19115],[97.82276,15.2093],[97.78028,15.21149],[97.76938,15.22333],[97.74318,15.26683],[97.74024,15.29182],[97.74204,15.31794],[97.73829,15.32901],[97.72641,15.33959],[97.73406,15.35529],[97.7505,15.36009],[97.76075,15.39423],[97.76694,15.38935],[97.79477,15.4079],[97.78688,15.41942],[97.7614,15.49055],[97.76189,15.50389],[97.77426,15.5314],[97.74293,15.60448],[97.74732,15.61774],[97.74732,15.62617],[97.74024,15.64126],[97.74448,15.6507],[97.74366,15.66486],[97.73846,15.67992],[97.7256,15.70132],[97.7339,15.7263],[97.7129,15.75731],[97.71412,15.76337],[97.72641,15.77782],[97.72706,15.84321],[97.72136,15.85619],[97.70606,15.86034],[97.71225,15.88768],[97.69142,15.9123],[97.63722,15.94916],[97.60971,15.98387],[97.57569,16.0174],[97.56886,16.0624],[97.57179,16.08002],[97.577,16.0847],[97.60084,16.09248],[97.61215,16.10741],[97.61964,16.12543],[97.63901,16.23835],[97.65089,16.27131],[97.64991,16.28384],[97.63722,16.3122],[97.62648,16.35163],[97.62306,16.39448],[97.62664,16.43757],[97.63722,16.47736],[97.65187,16.50723],[97.67384,16.53343],[97.70314,16.55207],[97.74024,16.55927],[97.7295,16.5725],[97.7129,16.57978],[97.65284,16.53986],[97.63038,16.53197],[97.61297,16.53058],[97.54835,16.53815],[97.49985,16.53197],[97.48414,16.52021],[97.47633,16.5183],[97.45216,16.52456],[97.42311,16.52342],[97.4026,16.51691],[97.38648,16.50389],[97.37029,16.48355],[97.33741,16.63158],[97.33741,16.6555],[97.32983,16.67985],[97.31119,16.65237],[97.28584,16.65892],[97.25544,16.69787],[97.24028,16.7319],[97.23017,16.76914],[97.23021,16.79665],[97.2448,16.81745],[97.23569,16.82954],[97.23308,16.83983],[97.24049,16.87458],[97.23308,16.87458],[97.22429,16.85326],[97.21949,16.82616],[97.209,16.8332],[97.20484,16.8452],[97.2046,16.85981],[97.20582,16.87458],[97.21949,16.90127],[97.21144,16.90786],[97.19158,16.90127],[97.18328,16.92154],[97.19898,16.99746],[97.19825,17.0135],[97.19508,17.02188],[97.17848,17.03848],[97.16456,17.05931],[97.15854,17.07372],[97.15724,17.08686],[97.17449,17.11249],[97.23365,17.09516],[97.261,17.10733],[97.20265,17.13158],[97.1819,17.13402],[97.15805,17.1293],[97.14796,17.11689],[97.13063,17.07941],[97.11443,17.10033],[97.10027,17.13378],[97.09596,17.16576],[97.10963,17.18244],[97.10963,17.18928],[97.08872,17.19351],[97.0818,17.20978],[97.07862,17.23135],[97.06861,17.25137],[97.04868,17.26081],[97.02361,17.26748],[97.00717,17.27806],[97.01336,17.29914],[96.90455,17.37531],[96.89552,17.38467],[96.8899,17.39472],[96.88706,17.41185],[96.88836,17.44428],[96.88307,17.45742],[96.87159,17.44172],[96.86346,17.40339],[96.85572,17.3885],[96.84205,17.409],[96.82154,17.39472],[96.85125,17.35956],[96.88461,17.33885],[96.91066,17.31708],[96.9109,17.28486],[96.89047,17.26093],[96.86549,17.2403],[96.84938,17.21296],[96.85572,17.16877],[96.89527,17.10155],[96.91017,17.06684],[96.9109,17.02481],[96.88689,16.9794],[96.87908,16.93472],[96.86834,16.92841],[96.83522,16.93602],[96.84254,16.91767],[96.85572,16.90127],[96.80787,16.90868],[96.80787,16.90127],[96.83432,16.88524],[96.844,16.87393],[96.84889,16.8603],[96.84669,16.84492],[96.83188,16.82193],[96.81129,16.76472],[96.7964,16.76236],[96.7894,16.75609],[96.79086,16.74746],[96.80104,16.73737],[96.78321,16.71235],[96.72584,16.66914],[96.71632,16.65835],[96.69842,16.62995],[96.67947,16.57487],[96.64003,16.54537],[96.61594,16.518],[96.55898,16.4969],[96.49763,16.48419],[96.43626,16.47777],[96.40016,16.50406],[96.37713,16.50812],[96.35711,16.5185],[96.28981,16.56684],[96.27312,16.5821],[96.26596,16.59683],[96.26157,16.64069],[96.23552,16.69782],[96.22926,16.71874],[96.22576,16.7613],[96.23455,16.77692],[96.28712,16.81314],[96.25758,16.8159],[96.20655,16.77749],[96.17115,16.77155],[96.1941,16.74315],[96.2046,16.69648],[96.21485,16.67963],[96.2409,16.65013],[96.2461,16.63129],[96.24383,16.61945],[96.23365,16.59789],[96.23194,16.58723],[96.23463,16.57636],[96.24635,16.55488],[96.29444,16.49152],[96.31007,16.46459],[96.32732,16.45344],[96.33644,16.43944],[96.3213,16.41527],[96.3047,16.4064],[96.28534,16.36599],[96.22182,16.34479],[96.16424,16.33271],[96.14405,16.3249],[96.11899,16.32176],[96.09767,16.32856],[96.08855,16.3498],[96.0774,16.36083],[96.0066,16.38736],[96.06658,16.33564],[96.06756,16.31025],[96.01881,16.25674],[95.97999,16.22313],[95.96192,16.2167],[95.94239,16.21906],[95.94174,16.22655],[95.94858,16.23932],[95.95143,16.25764],[95.93385,16.24311],[95.92213,16.22541],[95.90789,16.21174],[95.88307,16.20917],[95.8899,16.24396],[95.81813,16.17601],[95.7977,16.14492],[95.77662,16.14069],[95.75554,16.14525],[95.74586,16.15835],[95.74122,16.19481],[95.73463,16.21284],[95.72486,16.22285],[95.73227,16.12726],[95.72527,16.10643],[95.69703,16.06598],[95.69068,16.04849],[95.69068,16.00068],[95.68735,15.98823],[95.66472,15.9492],[95.52345,15.80366],[95.4616,15.76073],[95.43198,15.73363],[95.41578,15.72297],[95.3965,15.71638],[95.3742,15.71503],[95.31056,15.72321],[95.29444,15.72785],[95.28793,15.74014],[95.28256,15.83832],[95.29029,15.84675],[95.30226,15.85248],[95.31267,15.86652],[95.31772,15.88418],[95.31398,15.9007],[95.33855,15.92202],[95.35475,15.95136],[95.36427,15.98456],[95.36915,16.0174],[95.3685,16.0388],[95.34864,16.08633],[95.34547,16.10497],[95.35662,16.12914],[95.36158,16.14838],[95.35548,16.14838],[95.33823,16.12987],[95.33025,16.11994],[95.32748,16.10741],[95.34555,16.06086],[95.34864,16.04157],[95.34571,15.99649],[95.34181,15.98387],[95.31186,15.94709],[95.29713,15.90298],[95.27475,15.87645],[95.25164,15.86823],[95.23878,15.89395],[95.2461,15.91523],[95.26271,15.9409],[95.27589,15.97065],[95.27296,16.00373],[95.23902,15.95034],[95.22397,15.91861],[95.21762,15.88426],[95.22438,15.81013],[95.21274,15.78657],[95.1736,15.77782],[95.14454,15.78913],[95.12574,15.81761],[95.11622,15.85529],[95.11524,15.89395],[95.13754,16.00666],[95.12892,16.03852],[95.10776,15.98387],[95.09767,16.02513],[95.1102,16.06745],[95.13795,16.10033],[95.1736,16.11359],[95.2072,16.11156],[95.21762,16.11359],[95.22592,16.11994],[95.2225,16.12417],[95.1937,16.12938],[95.18881,16.13882],[95.1836,16.14094],[95.14869,16.13202],[95.14243,16.13483],[95.13575,16.14838],[95.12892,16.14838],[95.12159,16.13166],[95.094,16.09366],[95.07057,16.07486],[95.06788,16.04833],[95.07374,15.9975],[95.07293,15.97065],[95.05502,15.84614],[95.04689,15.82209],[95.03395,15.80573],[94.99757,15.79532],[94.98618,15.77334],[94.9756,15.76415],[94.93776,15.76415],[94.90358,15.77782],[94.85865,15.78262],[94.84685,15.7906],[94.85865,15.80882],[94.89039,15.82705],[94.89674,15.83926],[94.89633,15.8474],[94.88771,15.8642],[94.88258,15.86717],[94.86394,15.84414],[94.8532,15.84028],[94.8484,15.86376],[94.8484,15.90815],[94.83595,15.93667],[94.83473,15.94916],[94.83961,15.96206],[94.8628,15.99177],[94.87257,15.9975],[94.8895,15.99946],[94.90724,16.00605],[94.92066,16.01862],[94.92408,16.03852],[94.88933,16.0174],[94.88453,16.03604],[94.88022,16.07998],[94.86354,16.11237],[94.86313,16.12775],[94.86842,16.14204],[94.88706,16.1708],[94.90008,16.18378],[94.91733,16.19237],[94.95924,16.20087],[94.97511,16.21434],[94.98683,16.23224],[94.99244,16.2508],[94.96697,16.2204],[94.94288,16.21638],[94.92465,16.20881],[94.90252,16.20962],[94.89308,16.20576],[94.86573,16.16889],[94.85467,16.16022],[94.84946,16.1398],[94.8484,16.0965],[94.8694,16.04096],[94.8462,15.99999],[94.78688,15.96214],[94.77418,15.94334],[94.74537,15.88084],[94.7212,15.85668],[94.70387,15.84846],[94.68385,15.84675],[94.6587,15.85448],[94.64894,15.8686],[94.63551,15.90815],[94.63282,15.88972],[94.62241,15.89155],[94.6102,15.90498],[94.60133,15.92121],[94.70314,15.98237],[94.73227,16.0174],[94.74171,16.06729],[94.76588,16.09317],[94.77198,16.11099],[94.77272,16.13101],[94.79265,16.1479],[94.79371,16.16201],[94.77516,16.15156],[94.76596,16.13947],[94.75221,16.10741],[94.72543,16.06391],[94.70533,16.02066],[94.6714,15.99657],[94.61476,15.94367],[94.58985,15.93159],[94.56658,15.93549],[94.56235,15.96186],[94.58872,15.99624],[94.64234,16.04466],[94.66334,16.07998],[94.67888,16.12128],[94.6867,16.16535],[94.68385,16.20917],[94.66871,16.24087],[94.66521,16.25764],[94.68531,16.29198],[94.70493,16.35322],[94.7107,16.36034],[94.73227,16.36066],[94.73227,16.3675],[94.72169,16.37848],[94.70582,16.47309],[94.7107,16.49722],[94.73162,16.5102],[94.73227,16.52456],[94.69728,16.50837],[94.68393,16.51081],[94.67701,16.53197],[94.67018,16.50967],[94.68385,16.42206],[94.68385,16.36408],[94.67848,16.34854],[94.65512,16.3227],[94.64373,16.28352],[94.62794,16.2602],[94.6067,16.24311],[94.584,16.23652],[94.58204,16.24348],[94.615,16.28555],[94.63551,16.32648],[94.62973,16.34418],[94.61818,16.34203],[94.6067,16.326],[94.59889,16.29365],[94.58367,16.27485],[94.57398,16.27131],[94.56202,16.27375],[94.53989,16.29169],[94.52117,16.29548],[94.51564,16.28726],[94.51881,16.24738],[94.51734,16.22394],[94.50701,16.1896],[94.45558,16.10562],[94.42807,16.07416],[94.3965,16.05899],[94.37574,16.05606],[94.36061,16.04926],[94.35133,16.03437],[94.34799,16.00715],[94.34002,15.99624],[94.32146,15.98994],[94.30079,15.98973],[94.28663,15.9975],[94.26564,15.97508],[94.25148,15.96845],[94.23951,15.9763],[94.21461,16.0148],[94.20981,16.029],[94.2151,16.15766],[94.2378,16.27314],[94.23536,16.34838],[94.23813,16.36066],[94.25864,16.38736],[94.27312,16.4665],[94.26832,16.52749],[94.27312,16.53815],[94.3086,16.52778],[94.33106,16.52863],[94.34132,16.54841],[94.34897,16.57811],[94.3462,16.59243],[94.32765,16.60025],[94.32765,16.60643],[94.35206,16.6186],[94.36199,16.63548],[94.36443,16.70112],[94.37965,16.75536],[94.39845,16.77578],[94.40268,16.78828],[94.40064,16.83063],[94.37892,16.88695],[94.38234,16.90127],[94.39064,16.90664],[94.41188,16.9007],[94.42319,16.90127],[94.43531,16.91014],[94.46469,16.94965],[94.44435,16.94965],[94.45387,16.96524],[94.45777,16.9829],[94.45786,17.05956],[94.47836,17.09308],[94.48878,17.12421],[94.48569,17.14102],[94.45777,17.15375],[94.45265,17.1662],[94.45436,17.18008],[94.46469,17.18928],[94.51092,17.16901],[94.53785,17.1874],[94.53989,17.19672],[94.535,17.20515],[94.51197,17.21719],[94.50864,17.23013],[94.51197,17.27521],[94.51889,17.28815],[94.54542,17.29609],[94.54615,17.31965],[94.57252,17.3111],[94.59449,17.2923],[94.57683,17.35834],[94.56658,17.47663],[94.57032,17.50519],[94.55388,17.54361],[94.55348,17.55638],[94.56031,17.5821],[94.57692,17.57624],[94.615,17.54556],[94.59067,17.59325],[94.59522,17.61546],[94.58953,17.62641],[94.57398,17.64179],[94.563,17.66169],[94.5569,17.68244],[94.55348,17.72736],[94.54396,17.74803],[94.50172,17.78661],[94.4922,17.8168],[94.48951,17.87621],[94.48341,17.90229],[94.44744,17.97333],[94.44435,17.9881],[94.45086,18.00243],[94.48178,18.0152],[94.4922,18.02595],[94.49488,18.04881],[94.49057,18.0725],[94.48097,18.09422],[94.46192,18.12177],[94.45786,18.15571],[94.43678,18.18236],[94.43019,18.22215],[94.42286,18.2425],[94.4065,18.25129],[94.36061,18.24608],[94.34156,18.2475],[94.32765,18.25873],[94.32618,18.28164],[94.33106,18.30313],[94.3392,18.30598],[94.35027,18.29291],[94.3659,18.29857],[94.37859,18.2871],[94.38917,18.28604],[94.39698,18.29145],[94.40903,18.30882],[94.417,18.31395],[94.40528,18.33031],[94.39959,18.34821],[94.38966,18.3627],[94.3506,18.37523],[94.33106,18.42597],[94.27963,18.48021],[94.25896,18.50902],[94.24496,18.53925],[94.25896,18.53571],[94.26222,18.54511],[94.25294,18.628],[94.24879,18.63886],[94.14894,18.73102],[94.14894,18.73851],[94.15642,18.73851],[94.17457,18.72504],[94.2116,18.72553],[94.27931,18.73851],[94.25245,18.75214],[94.22804,18.73554],[94.21241,18.74185],[94.18295,18.78563],[94.15309,18.82103],[94.14731,18.83983],[94.14894,18.86823],[94.13819,18.86009],[94.13356,18.8465],[94.1351,18.82046],[94.11964,18.81664],[94.0984,18.82172],[94.07846,18.83308],[94.0669,18.84833],[94.05323,18.84089],[94.0381,18.85912],[94.03207,18.88858],[94.03663,18.91804],[94.05323,18.93651],[94.04038,18.97118],[94.04119,18.99763],[94.06609,19.04287],[94.06007,19.06371],[94.09425,19.08735],[94.04656,19.08112],[94.03053,19.08796],[94.02906,19.0954],[94.03907,19.12206],[94.03191,19.154],[94.03272,19.16926],[94.05055,19.20832],[94.05323,19.22138],[94.04591,19.30467],[94.04998,19.3207],[94.05991,19.3299],[94.06967,19.3509],[94.0739,19.37385],[94.0669,19.38898],[94.05698,19.36335],[94.03061,19.3159],[94.02524,19.28657],[94.03321,19.23509],[94.03338,19.20454],[93.9944,19.15908],[93.97348,19.14631],[93.94711,19.15965],[93.94264,19.16991],[93.94117,19.19497],[93.93727,19.20466],[93.92547,19.21027],[93.91603,19.20392],[93.91041,19.19098],[93.90992,19.1767],[93.91489,19.16958],[93.94711,19.13915],[93.95541,19.1269],[93.95021,19.09821],[93.95248,19.03205],[93.95777,19.01219],[93.98121,18.98066],[93.98439,18.96784],[93.97389,18.9228],[93.95021,18.89549],[93.93727,18.88935],[93.93914,18.87621],[93.9441,18.86823],[93.93043,18.85863],[93.9074,18.88178],[93.86573,18.89549],[93.81373,18.944],[93.75026,18.9704],[93.73463,18.98119],[93.71485,19.0102],[93.70387,19.01846],[93.67888,19.0196],[93.66969,19.0327],[93.66774,19.04393],[93.67091,19.06688],[93.65504,19.09707],[93.64234,19.13422],[93.594,19.1767],[93.56715,19.23111],[93.55641,19.23819],[93.49781,19.31391],[93.48707,19.33373],[93.48325,19.35065],[93.48414,19.39273],[93.4909,19.40762],[93.50782,19.42259],[93.53012,19.43207],[93.55299,19.43057],[93.5604,19.42381],[93.56804,19.40672],[93.57716,19.40327],[93.61134,19.40327],[93.63111,19.3723],[93.63697,19.34907],[93.62135,19.33438],[93.66529,19.30561],[93.68751,19.2967],[93.71754,19.2934],[93.72291,19.26846],[93.75465,19.24714],[93.79689,19.23518],[93.83424,19.23819],[93.86549,19.2541],[93.92994,19.29975],[93.95021,19.3207],[93.95021,19.34178],[93.96388,19.34805],[93.98097,19.37226],[93.98732,19.3867],[93.98439,19.43744],[93.99106,19.45718],[93.98439,19.46406],[93.94711,19.45791],[93.92384,19.46239],[93.91456,19.4728],[93.9192,19.48428],[93.93727,19.49201],[93.92677,19.49702],[93.88209,19.5019],[93.85524,19.5268],[93.81471,19.55305],[93.79444,19.57123],[93.77719,19.6031],[93.73959,19.6175],[93.73121,19.63255],[93.73846,19.65135],[93.75611,19.66108],[93.77866,19.6625],[93.80006,19.65648],[93.79444,19.67357],[93.8025,19.68887],[93.8274,19.71857],[93.80681,19.74584],[93.79916,19.71772],[93.78386,19.69111],[93.76108,19.67487],[93.73121,19.67764],[93.72096,19.68529],[93.71314,19.69766],[93.70948,19.71353],[93.71127,19.73164],[93.71876,19.7436],[93.74187,19.75406],[93.75164,19.76569],[93.72193,19.76899],[93.70883,19.75381],[93.70248,19.73436],[93.69353,19.7248],[93.64845,19.72516],[93.63624,19.73501],[93.63551,19.75951],[93.61557,19.72386],[93.60141,19.71857],[93.60141,19.78343],[93.60646,19.79613],[93.66066,19.87084],[93.67994,19.88337],[93.70395,19.8852],[93.73805,19.88247],[93.72877,19.89378],[93.7256,19.90558],[93.73048,19.91429],[93.74537,19.91657],[93.74,19.92512],[93.72625,19.93659],[93.71754,19.93769],[93.71168,19.93382],[93.7116,19.91966],[93.70753,19.91657],[93.6565,19.9162],[93.63819,19.9103],[93.61134,19.91035],[93.60084,19.88858],[93.594,19.88247],[93.58074,19.88133],[93.56674,19.88593],[93.54672,19.9029],[93.56593,19.91657],[93.52906,19.93008],[93.51832,19.9396],[93.53191,19.95136],[93.5171,19.95856],[93.51197,19.97044],[93.51686,19.98119],[93.53191,19.98485],[93.52564,19.99917],[93.50343,19.98627],[93.49586,19.97736],[93.4922,19.96499],[93.47047,19.98485],[93.46323,19.96182],[93.45704,19.95425],[93.44654,19.95136],[93.43531,19.95539],[93.42319,19.96532],[93.41358,19.97752],[93.40447,20.01293],[93.38396,20.0644],[93.38234,20.08853],[93.37485,20.08853],[93.37208,20.03083],[93.36183,20.02644],[93.35597,20.0384],[93.34067,20.1022],[93.33383,20.1022],[93.32651,20.08128],[93.31276,20.06538],[93.29396,20.05418],[93.27247,20.04751],[93.24464,20.04987],[93.19028,20.06444],[93.17628,20.0537],[93.14747,20.07001],[93.12843,20.09467],[93.12989,20.0751],[93.15577,20.02644],[93.17628,19.95751],[93.23585,19.84724],[93.23829,19.82099],[93.21762,19.8371],[93.20143,19.86278],[93.17628,19.91657],[93.16066,19.96625],[93.14812,19.99433],[93.13152,20.00658],[93.10914,19.9938],[93.10206,19.9641],[93.10613,19.93065],[93.12436,19.89387],[93.13453,19.84829],[93.14731,19.83304],[93.15577,19.82783],[93.16879,19.80732],[93.14918,19.82892],[93.13453,19.83405],[93.12501,19.84667],[93.11264,19.87434],[93.05942,19.95112],[93.05274,19.96841],[93.04868,19.99482],[93.03842,20.01293],[92.98072,20.07795],[92.97592,20.08784],[92.97413,20.11726],[92.97022,20.12946],[92.98829,20.12499],[93.04249,20.12946],[93.05445,20.13475],[93.08009,20.17048],[93.08692,20.14997],[93.09425,20.14997],[93.12094,20.21198],[93.12094,20.21821],[93.0892,20.21035],[93.04737,20.16796],[93.01856,20.14997],[92.99049,20.15493],[92.98748,20.18667],[93.00123,20.23932],[93.01881,20.2565],[93.04127,20.33202],[93.05616,20.34919],[93.08082,20.35855],[93.09132,20.38101],[93.10043,20.4311],[93.08188,20.41698],[93.07252,20.37661],[93.05958,20.36225],[93.04322,20.36494],[93.03419,20.38422],[93.03102,20.40965],[93.03224,20.4311],[93.07057,20.49616],[93.08562,20.53294],[93.07325,20.55463],[93.06031,20.51337],[93.02263,20.45254],[93.02003,20.42402],[93.02491,20.36848],[93.01629,20.32486],[92.9948,20.28661],[92.93605,20.21198],[92.89845,20.13569],[92.88054,20.1232],[92.86769,20.12202],[92.86036,20.12494],[92.84669,20.14313],[92.78297,20.18985],[92.77215,20.20148],[92.77817,20.23164],[92.78663,20.24592],[92.79949,20.25918],[92.86402,20.30077],[92.90122,20.30805],[92.94288,20.32123],[92.9253,20.32783],[92.89332,20.32954],[92.88071,20.34919],[92.84693,20.37735],[92.8405,20.39012],[92.83155,20.47895],[92.82692,20.49506],[92.81528,20.50471],[92.79265,20.50625],[92.79656,20.48383],[92.78533,20.46296],[92.7693,20.45506],[92.75856,20.47211],[92.77898,20.47826],[92.75099,20.49852],[92.74171,20.52928],[92.73658,20.56314],[92.72071,20.59223],[92.69956,20.61953],[92.66285,20.67918],[92.63502,20.69798],[92.65943,20.65282],[92.70444,20.58906],[92.70826,20.57868],[92.71697,20.49999],[92.73748,20.44477],[92.73846,20.42837],[92.73121,20.38272],[92.73927,20.27969],[92.73121,20.25918],[92.69711,20.30825],[92.65317,20.41828],[92.63258,20.4466],[92.53989,20.52753],[92.52914,20.5434],[92.52003,20.58967],[92.50701,20.60928],[92.47055,20.64338],[92.45362,20.66852],[92.42897,20.6739],[92.40846,20.68797],[92.38111,20.70014],[92.37086,20.72134],[92.36069,20.76691],[92.30543,20.91771],[92.28102,20.95942],[92.27052,21.04902],[92.26515,21.0611],[92.22427,21.09318],[92.21177,21.12352],[92.1883,21.14408],[92.18076,21.15788],[92.17497,21.17561],[92.1852,21.24041],[92.17807,21.28015],[92.17828,21.29974],[92.18365,21.3172],[92.21156,21.35487],[92.2251,21.39746],[92.23626,21.41709],[92.28453,21.41906],[92.32266,21.4619],[92.3547,21.45182],[92.36793,21.43544],[92.37424,21.40231],[92.38116,21.38479],[92.40028,21.371],[92.42312,21.36366],[92.46539,21.35983],[92.49867,21.3666],[92.52451,21.36113],[92.54394,21.32092],[92.55159,21.28051],[92.55872,21.25984],[92.57061,21.24728],[92.59086,21.24888],[92.61433,21.26315],[92.63376,21.28222],[92.64285,21.29844],[92.63923,21.3187],[92.60327,21.42009],[92.59024,21.49554],[92.57557,21.73397],[92.59304,21.88693],[92.59024,21.91716],[92.57588,21.97757],[92.58384,21.98031]]],[[[92.96754,20.0222],[93.01466,19.90558],[93.02198,19.87018],[93.02491,19.82783],[93.01856,19.82783],[93.01319,19.8465],[93.00856,19.88988],[93.00123,19.90664],[92.98748,19.9252],[92.92579,20.03376],[92.91977,20.05573],[92.90943,20.06509],[92.9087,20.07486],[92.91196,20.0847],[92.91684,20.08894],[92.9227,20.08763],[92.95289,20.06306],[92.96258,20.04609],[92.96754,20.0222]]],[[[93.40016,14.09565],[93.39479,14.07636],[93.37485,14.06468],[93.38331,14.13837],[93.386,14.15086],[93.39031,14.15375],[93.39601,14.14045],[93.40016,14.09565]]],[[[93.51686,19.77717],[93.51832,19.76195],[93.51197,19.74584],[93.4568,19.78876],[93.44068,19.81094],[93.40675,19.92048],[93.40284,19.95307],[93.42205,19.95136],[93.44264,19.93814],[93.46119,19.9195],[93.47055,19.90522],[93.49879,19.88703],[93.50522,19.87222],[93.50115,19.82538],[93.51686,19.77717]]],[[[93.6867,14.87206],[93.70387,14.90445],[93.72438,14.9138],[93.72438,14.90762],[93.70444,14.871],[93.69044,14.8581],[93.67579,14.8592],[93.6867,14.87206]]],[[[93.74806,18.78791],[93.75904,18.75556],[93.75603,18.73151],[93.74684,18.70881],[93.73194,18.68968],[93.71127,18.67646],[93.69313,18.67377],[93.64527,18.67935],[93.63551,18.68667],[93.63038,18.6992],[93.6185,18.71149],[93.594,18.73102],[93.49781,18.84089],[93.48414,18.87499],[93.57716,18.8819],[93.59986,18.89045],[93.6111,18.90526],[93.62176,18.91035],[93.64178,18.88935],[93.66334,18.8732],[93.70753,18.86823],[93.74244,18.8723],[93.74952,18.86518],[93.75164,18.84089],[93.74586,18.81098],[93.74806,18.78791]]],[[[93.97364,19.40274],[93.97234,19.38182],[93.96583,19.36302],[93.9402,19.34862],[93.91717,19.3183],[93.89894,19.30329],[93.88942,19.29963],[93.88356,19.3015],[93.87916,19.3122],[93.87517,19.31391],[93.8628,19.30777],[93.86638,19.29108],[93.86492,19.28286],[93.85694,19.27888],[93.80274,19.27668],[93.78566,19.28657],[93.77377,19.29877],[93.74985,19.33332],[93.74318,19.35546],[93.73341,19.36786],[93.73121,19.37906],[93.72535,19.38687],[93.72674,19.39667],[93.73666,19.39696],[93.73805,19.40327],[93.73048,19.41926],[93.71632,19.4274],[93.68336,19.43744],[93.66912,19.44648],[93.65895,19.45751],[93.64178,19.49201],[93.65219,19.49331],[93.65659,19.49738],[93.64918,19.51313],[93.68816,19.55948],[93.72364,19.55638],[93.74049,19.5467],[93.75538,19.52302],[93.82,19.4715],[93.8366,19.4794],[93.85808,19.48249],[93.88022,19.47919],[93.95623,19.43252],[93.97071,19.41694],[93.97364,19.40274]]],[[[94.66749,16.17194],[94.65463,16.12198],[94.62965,16.07518],[94.5796,16.01325],[94.56959,16.00519],[94.49903,15.98017],[94.47804,15.96613],[94.47836,15.94233],[94.43678,15.9007],[94.44093,15.8854],[94.43312,15.86962],[94.41017,15.83926],[94.40268,15.83926],[94.40268,15.84675],[94.41725,15.87177],[94.40919,15.90746],[94.38234,15.96963],[94.38966,16.00092],[94.41725,16.01846],[94.45297,16.03388],[94.48536,16.05899],[94.51881,16.12043],[94.54933,16.14899],[94.61158,16.22175],[94.64283,16.24551],[94.66212,16.22187],[94.66749,16.17194]]],[[[94.82984,15.91645],[94.84156,15.87743],[94.83741,15.86441],[94.8191,15.8347],[94.80372,15.79658],[94.77784,15.79157],[94.7479,15.79946],[94.72486,15.81196],[94.72486,15.81879],[94.7448,15.83271],[94.75929,15.85224],[94.78004,15.89395],[94.80681,15.9311],[94.82325,15.94579],[94.82984,15.91645]]],[[[97.45924,11.7862],[97.44435,11.80024],[97.4629,11.79979],[97.4769,11.78824],[97.47967,11.77798],[97.45924,11.7862]]],[[[97.58855,16.39985],[97.59132,16.36115],[97.58937,16.34016],[97.57179,16.31208],[97.56886,16.29857],[97.56635,16.25372],[97.57136,16.22269],[97.54746,16.19993],[97.51686,16.20982],[97.51051,16.25422],[97.49928,16.26952],[97.45927,16.30136],[97.46925,16.33271],[97.48276,16.34203],[97.48487,16.36392],[97.48015,16.38911],[97.47267,16.40843],[97.45476,16.43692],[97.45216,16.44941],[97.46616,16.46703],[97.45965,16.47736],[97.46998,16.49046],[97.48601,16.50096],[97.52052,16.51089],[97.56186,16.49238],[97.60629,16.48355],[97.61061,16.44623],[97.58937,16.41527],[97.58855,16.39985]]],[[[97.67449,11.89745],[97.67848,11.88788],[97.67628,11.87783],[97.66668,11.86343],[97.67189,11.83771],[97.65089,11.84455],[97.64283,11.86766],[97.64356,11.88036],[97.6644,11.90595],[97.67449,11.89745]]],[[[97.67164,15.54999],[97.67237,15.53335],[97.6644,15.5041],[97.65748,15.52387],[97.65089,15.59223],[97.66017,15.58039],[97.67164,15.54999]]],[[[97.827,12.59072],[97.84571,12.59797],[97.84995,12.59463],[97.85402,12.57819],[97.86052,12.57001],[97.86183,12.5598],[97.84995,12.53726],[97.84083,12.55687],[97.82944,12.55707],[97.82944,12.56452],[97.834,12.57075],[97.82569,12.5786],[97.82276,12.58747],[97.827,12.59072]]],[[[97.8353,12.79279],[97.84181,12.80581],[97.85279,12.80654],[97.86459,12.79023],[97.86801,12.77481],[97.86354,12.76683],[97.85255,12.76626],[97.83692,12.77245],[97.8353,12.79279]]],[[[97.89633,10.91328],[97.91196,10.92426],[97.93198,10.92406],[97.95183,10.91909],[97.94125,10.89155],[97.92774,10.87198],[97.90919,10.85724],[97.88356,10.84455],[97.89454,10.86424],[97.89039,10.88496],[97.89633,10.91328]]],[[[97.9026,10.47932],[97.9087,10.47346],[97.92506,10.47407],[97.93531,10.46117],[97.94353,10.44379],[97.93336,10.43374],[97.91774,10.43305],[97.9319,10.41201],[97.91017,10.40192],[97.89381,10.40599],[97.88942,10.41999],[97.90406,10.43928],[97.8934,10.47077],[97.89625,10.48754],[97.91147,10.49453],[97.9026,10.47932]]],[[[97.93816,13.85179],[97.93238,13.8404],[97.92848,13.82111],[97.92506,13.7836],[97.91774,13.7836],[97.91432,13.82844],[97.91871,13.85326],[97.9319,13.85928],[97.93816,13.85179]]],[[[98.06349,11.69725],[98.06772,11.69107],[98.06756,11.68293],[98.0617,11.67324],[98.0853,11.64492],[98.08961,11.63227],[98.05738,11.65314],[98.05543,11.65957],[98.03435,11.68684],[98.01661,11.6975],[98.01173,11.70474],[98.02442,11.70795],[98.02833,11.71719],[98.02858,11.73701],[98.02247,11.7558],[98.00709,11.76195],[98.01189,11.78726],[97.99977,11.84178],[98.01393,11.86498],[98.01393,11.8166],[98.04493,11.78925],[98.05226,11.77603],[98.05242,11.74942],[98.05795,11.72907],[98.08229,11.73469],[98.08074,11.72264],[98.07472,11.71336],[98.05543,11.70112],[98.06349,11.69725]]],[[[98.03761,9.79072],[98.01832,9.79491],[98.00807,9.80744],[98.01539,9.8264],[98.03028,9.8334],[98.04607,9.82795],[98.0569,9.81436],[98.05746,9.79686],[98.03761,9.79072]]],[[[98.06446,12.35981],[98.04802,12.33051],[98.03956,12.3225],[98.02947,12.31598],[98.01051,12.31004],[98.00026,12.26903],[97.98658,12.28954],[97.98243,12.30638],[97.96949,12.30805],[97.95509,12.30549],[97.94557,12.31004],[97.94842,12.3238],[97.97104,12.34488],[97.96608,12.35847],[97.95297,12.34894],[97.94557,12.33796],[97.93816,12.33796],[97.93995,12.36628],[97.9546,12.37775],[97.97576,12.38386],[98.00701,12.4016],[98.01783,12.40266],[98.02345,12.39875],[98.00359,12.37372],[98.00538,12.36734],[98.01393,12.35847],[98.02711,12.36103],[98.04176,12.35847],[98.04225,12.38028],[98.04558,12.38906],[98.06365,12.39777],[98.07594,12.4274],[98.09059,12.42231],[98.10125,12.40477],[98.1045,12.38304],[98.09645,12.3653],[98.08774,12.36005],[98.06528,12.3653],[98.06446,12.35981]]],[[[98.1058,12.19221],[98.13185,12.19855],[98.13746,12.19058],[98.14015,12.14838],[98.13746,12.13874],[98.12965,12.15371],[98.11671,12.16547],[98.10035,12.16901],[98.08229,12.15917],[98.07667,12.16193],[98.05934,12.18797],[98.0394,12.20734],[98.03435,12.22126],[98.03712,12.23941],[98.04615,12.26203],[98.05909,12.2814],[98.07252,12.28954],[98.10825,12.28465],[98.11948,12.27558],[98.12379,12.25947],[98.11988,12.23013],[98.11695,12.22126],[98.09816,12.19929],[98.09645,12.18716],[98.1058,12.19221]]],[[[98.1836,10.12702],[98.17156,10.14814],[98.18523,10.17682],[98.17897,10.18545],[98.17897,10.19286],[98.19606,10.19318],[98.22218,10.17792],[98.24049,10.17235],[98.2409,10.16779],[98.23365,10.16551],[98.22779,10.15526],[98.22771,10.15082],[98.23365,10.14448],[98.20777,10.12865],[98.20143,10.11807],[98.19532,10.0705],[98.1858,10.04206],[98.1858,10.12116],[98.1836,10.12702]]],[[[98.22185,10.49811],[98.20737,10.48347],[98.19272,10.48241],[98.18531,10.50117],[98.18971,10.51557],[98.202,10.52432],[98.23365,10.52936],[98.22185,10.49811]]],[[[98.25392,11.88386],[98.25652,11.90253],[98.26539,11.90852],[98.28484,11.89606],[98.28907,11.88239],[98.28419,11.86546],[98.27369,11.85334],[98.26148,11.85391],[98.25416,11.85814],[98.25392,11.88386]]],[[[98.25685,12.5742],[98.28989,12.52631],[98.28289,12.50385],[98.26051,12.49527],[98.23683,12.50609],[98.23024,12.517],[98.22975,12.52741],[98.23365,12.55366],[98.25082,12.56021],[98.25685,12.5742]]],[[[98.27068,10.81867],[98.27076,10.7989],[98.27638,10.78449],[98.29566,10.78193],[98.28688,10.76895],[98.28297,10.75654],[98.28533,10.74506],[98.29566,10.73469],[98.28924,10.73359],[98.27662,10.70515],[98.26783,10.69652],[98.25074,10.6931],[98.23683,10.69733],[98.23219,10.70832],[98.23365,10.74095],[98.24049,10.73469],[98.25554,10.7464],[98.25164,10.75601],[98.23365,10.76826],[98.2339,10.78286],[98.24195,10.8144],[98.24049,10.83096],[98.21998,10.84089],[98.21632,10.85985],[98.19874,10.88166],[98.17897,10.89859],[98.17156,10.88496],[98.16529,10.91909],[98.15577,10.92398],[98.14674,10.92451],[98.14015,10.91991],[98.13746,10.90912],[98.13103,10.9029],[98.10027,10.88202],[98.08961,10.87812],[98.0774,10.88809],[98.08619,10.90396],[98.11297,10.93403],[98.1312,10.94636],[98.14088,10.97744],[98.15349,10.98115],[98.17189,10.97866],[98.19117,10.97118],[98.20574,10.96003],[98.21559,10.94452],[98.22202,10.92666],[98.23178,10.87027],[98.25734,10.84992],[98.26775,10.83714],[98.27068,10.81867]]],[[[98.26157,11.92617],[98.25375,11.92308],[98.2461,11.92544],[98.22706,11.95392],[98.23585,11.96833],[98.25221,11.97476],[98.26092,11.97114],[98.26873,11.94229],[98.26775,11.9339],[98.26157,11.92617]]],[[[98.28102,11.24584],[98.29835,11.2486],[98.30201,11.2412],[98.2951,11.23115],[98.27955,11.22321],[98.24732,11.2145],[98.24318,11.24299],[98.22185,11.26191],[98.21998,11.26911],[98.2317,11.27391],[98.28142,11.27595],[98.27467,11.25629],[98.27516,11.24803],[98.28102,11.24584]]],[[[98.29184,11.7989],[98.30665,11.77741],[98.32301,11.73127],[98.32008,11.72191],[98.30201,11.71418],[98.30201,11.67324],[98.29005,11.63166],[98.28785,11.61091],[98.29566,11.59125],[98.28256,11.56635],[98.28354,11.50943],[98.27516,11.48078],[98.26775,11.48823],[98.26092,11.46776],[98.23365,11.5019],[98.22348,11.48884],[98.22682,11.47394],[98.21013,11.47272],[98.202,11.46625],[98.2046,11.45848],[98.21998,11.45352],[98.1989,11.44648],[98.17652,11.44916],[98.16529,11.45352],[98.16529,11.47394],[98.17506,11.47089],[98.18409,11.47264],[98.19947,11.48823],[98.18751,11.53498],[98.21314,11.55341],[98.21095,11.56147],[98.20167,11.56908],[98.19947,11.58047],[98.20265,11.58918],[98.21681,11.59894],[98.22291,11.61758],[98.24049,11.62482],[98.2409,11.63618],[98.23365,11.66641],[98.23846,11.68708],[98.26775,11.74144],[98.27247,11.78608],[98.27833,11.79979],[98.29184,11.7989]]],[[[98.28004,10.05101],[98.27394,10.04804],[98.27369,10.04218],[98.28102,10.02839],[98.29412,10.01911],[98.28826,10.00796],[98.26922,10.00259],[98.25815,9.98599],[98.25123,9.96833],[98.24391,9.96011],[98.22779,9.95401],[98.19353,9.93146],[98.17897,9.93281],[98.16847,9.90461],[98.17156,9.8981],[98.14576,9.85684],[98.13347,9.84561],[98.1312,9.86449],[98.12062,9.86131],[98.1172,9.88202],[98.11818,9.90852],[98.12745,9.96011],[98.14064,9.96328],[98.1482,9.97036],[98.15447,9.98062],[98.16017,9.98412],[98.17156,10.00796],[98.20574,10.029],[98.23463,10.05418],[98.2544,10.06269],[98.27516,10.05565],[98.28248,10.05939],[98.29566,10.05565],[98.29566,10.0489],[98.28004,10.05101]]],[[[98.30348,13.08299],[98.31853,13.09138],[98.32984,13.08466],[98.33644,13.07388],[98.33424,13.06712],[98.30633,13.04011],[98.30201,13.02945],[98.30201,12.98847],[98.31332,12.94595],[98.3143,12.92552],[98.30201,12.91332],[98.30128,12.93354],[98.28785,12.95734],[98.28826,12.9748],[98.2811,12.99413],[98.26775,13.05732],[98.24513,13.11872],[98.24049,13.13931],[98.24204,13.20392],[98.24732,13.21503],[98.26148,13.21434],[98.26881,13.19892],[98.28891,13.0987],[98.29566,13.08466],[98.30348,13.08299]]],[[[98.34995,12.32591],[98.30201,12.33796],[98.3156,12.3653],[98.31902,12.38638],[98.33302,12.4274],[98.33611,12.45091],[98.33424,12.46003],[98.3156,12.49559],[98.33383,12.51236],[98.33302,12.51923],[98.31414,12.55329],[98.30274,12.59858],[98.30201,12.64631],[98.3156,12.68744],[98.33302,12.67121],[98.36225,12.66393],[98.36225,12.33651],[98.34995,12.32591]]]]}},{"type":"Feature","properties":{"code":"BGD","name":"Bangladesh"},"geometry":{"type":"MultiPolygon","coordinates":[[[[89.13901,21.76683],[89.1447,21.73932],[89.1325,21.72162],[89.10231,21.73676],[89.05152,21.7932],[89.06422,21.82209],[89.06381,21.84146],[89.04469,21.90778],[89.04566,21.91706],[89.05738,21.91767],[89.06764,21.90436],[89.08131,21.82294],[89.09278,21.7934],[89.13901,21.76683]]],[[[90.35402,21.97675],[90.37143,21.99478],[90.3943,22.00023],[90.39064,21.97826],[90.36549,21.93871],[90.34156,21.8603],[90.32293,21.8439],[90.31861,21.84626],[90.31861,21.89281],[90.32252,21.91669],[90.35402,21.97675]]],[[[90.38111,22.0231],[90.35279,21.99299],[90.34596,21.97232],[90.33961,21.97232],[90.35865,22.02269],[90.37387,22.04556],[90.38746,22.04804],[90.38111,22.0231]]],[[[90.47332,22.00365],[90.48618,21.97679],[90.47633,21.94501],[90.45484,21.93305],[90.4319,21.90778],[90.41554,21.90054],[90.40235,21.90689],[90.39454,21.92145],[90.3943,21.93879],[90.41188,21.97602],[90.41424,21.99714],[90.41188,22.02871],[90.41554,22.03832],[90.42848,22.04804],[90.47332,22.00365]]],[[[90.5171,23.05931],[90.51564,23.05195],[90.47779,23.0124],[90.46949,23.00764],[90.45574,23.06281],[90.4944,23.06293],[90.51043,23.06904],[90.5171,23.05931]]],[[[90.50611,23.3142],[90.48707,23.31904],[90.46876,23.33161],[90.43727,23.3618],[90.42661,23.37596],[90.4297,23.38516],[90.45574,23.38496],[90.49187,23.37303],[90.5394,23.35],[90.57765,23.32364],[90.58619,23.30174],[90.54957,23.32624],[90.52955,23.33356],[90.5241,23.32225],[90.50611,23.3142]]],[[[90.53834,22.06851],[90.49537,22.04499],[90.48992,22.03498],[90.48365,22.03498],[90.48561,22.05834],[90.49171,22.08015],[90.5031,22.09634],[90.53346,22.11005],[90.56007,22.13768],[90.57252,22.1374],[90.59278,22.15941],[90.6045,22.1656],[90.61346,22.16405],[90.59352,22.10261],[90.59181,22.11909],[90.58619,22.13056],[90.57456,22.09614],[90.55974,22.02375],[90.53834,22.00023],[90.51954,21.9947],[90.50904,21.99942],[90.50359,22.02412],[90.50896,22.03315],[90.54444,22.06167],[90.53834,22.06851]]],[[[90.59352,21.96613],[90.60662,21.93879],[90.59083,21.93513],[90.58082,21.9125],[90.57252,21.91767],[90.5656,21.91767],[90.55714,21.89753],[90.54078,21.87592],[90.52125,21.86148],[90.50359,21.86245],[90.50359,21.86986],[90.5315,21.8767],[90.51791,21.89326],[90.51043,21.89785],[90.51694,21.90449],[90.51539,21.92129],[90.52198,21.93879],[90.59352,21.98656],[90.59352,21.96613]]],[[[90.61362,22.42862],[90.60141,22.42918],[90.59913,22.44212],[90.60157,22.44831],[90.61443,22.44904],[90.63315,22.43163],[90.64772,22.40721],[90.6587,22.37954],[90.66114,22.3559],[90.64747,22.38378],[90.64039,22.36603],[90.64674,22.32608],[90.64015,22.30874],[90.63502,22.31761],[90.63331,22.34968],[90.64015,22.34968],[90.62615,22.40697],[90.61964,22.42475],[90.61362,22.42862]]],[[[90.66363,22.82892],[90.67823,22.80834],[90.66236,22.80549],[90.62805,22.81208],[90.59096,22.81392],[90.56178,22.7888],[90.54656,22.78368],[90.53156,22.76924],[90.52968,22.74436],[90.53461,22.72878],[90.52099,22.71176],[90.49822,22.73383],[90.49285,22.75324],[90.48292,22.75975],[90.45574,22.7674],[90.4642,22.77888],[90.46567,22.78807],[90.46266,22.81582],[90.46608,22.85175],[90.4734,22.86514],[90.48683,22.87043],[90.52117,22.86465],[90.53761,22.86677],[90.54444,22.88068],[90.5923,22.8819],[90.60662,22.87726],[90.62676,22.85722],[90.64525,22.84929],[90.66363,22.82892]]],[[[90.65349,22.48347],[90.66114,22.48005],[90.66529,22.46914],[90.66733,22.43903],[90.64747,22.42475],[90.65349,22.48347]]],[[[90.64161,22.9523],[90.63331,22.95303],[90.65463,22.93732],[90.66733,22.9182],[90.63624,22.92133],[90.62713,22.92504],[90.60768,22.95258],[90.59913,22.95917],[90.58872,22.96206],[90.57252,22.95303],[90.5241,22.95303],[90.50807,22.97578],[90.528,23.00764],[90.56129,23.03262],[90.58619,23.0349],[90.60727,23.01813],[90.64536,22.97484],[90.66733,22.95917],[90.66733,22.95303],[90.64161,22.9523]]],[[[90.83464,22.4583],[90.85502,22.43466],[90.83502,22.33962],[90.83619,22.17817],[90.82789,22.15241],[90.77475,22.07591],[90.75734,22.06167],[90.75001,22.076],[90.72706,22.0537],[90.71778,22.04841],[90.69166,22.00702],[90.65772,21.99286],[90.64747,21.99404],[90.63942,22.0161],[90.68181,22.10261],[90.62599,22.02717],[90.61004,22.02412],[90.60353,22.04401],[90.60776,22.07233],[90.61899,22.1013],[90.63331,22.12311],[90.62224,22.14509],[90.63185,22.18212],[90.67351,22.26642],[90.67848,22.28278],[90.68181,22.30191],[90.6819,22.36042],[90.688,22.37763],[90.67774,22.4267],[90.68181,22.44526],[90.67058,22.46385],[90.65895,22.5244],[90.64747,22.54828],[90.57496,22.59886],[90.55877,22.60293],[90.55397,22.6398],[90.55633,22.67471],[90.57862,22.75702],[90.58546,22.76805],[90.61346,22.78168],[90.65056,22.78742],[90.67155,22.72241],[90.6841,22.69437],[90.71551,22.63828],[90.74698,22.59691],[90.75451,22.54843],[90.76694,22.51753],[90.83464,22.4583]]],[[[90.94711,22.21162],[90.95118,22.21247],[90.95672,22.19888],[90.95672,22.14484],[90.94898,22.12165],[90.92937,22.11689],[90.9192,22.13215],[90.92026,22.16006],[90.93556,22.21247],[90.94174,22.20502],[90.94711,22.21162]]],[[[90.93718,22.23273],[90.9402,22.24681],[90.95672,22.27766],[90.96022,22.32298],[90.96616,22.3474],[90.97641,22.36335],[90.9839,22.3559],[90.9935,22.32233],[90.9944,22.30207],[90.99008,22.2814],[90.95289,22.22675],[90.93718,22.23273]]],[[[90.97706,22.2392],[90.98292,22.25918],[90.99692,22.25348],[90.9948,22.21381],[90.9878,22.19538],[90.97641,22.18578],[90.97706,22.2392]]],[[[91.15645,22.33208],[91.1714,22.31965],[91.18141,22.2836],[91.18678,22.22776],[91.17058,22.19717],[91.14147,22.1462],[91.10637,22.12166],[91.09369,22.11886],[91.08241,22.10138],[91.06329,22.08985],[91.02247,22.09488],[91.01126,22.10209],[91.00511,22.11682],[91.03396,22.14878],[91.05226,22.17544],[91.05909,22.19204],[91.06827,22.24073],[91.06912,22.31103],[91.0748,22.38859],[91.09226,22.39134],[91.1269,22.37486],[91.14885,22.35706],[91.15645,22.33208]]],[[[91.19999,22.51469],[91.21083,22.49552],[91.20102,22.4722],[91.18024,22.45924],[91.15953,22.45067],[91.13416,22.44948],[91.11371,22.46142],[91.12356,22.48915],[91.15862,22.50342],[91.19999,22.51469]]],[[[91.55636,22.47821],[91.56363,22.43562],[91.55518,22.40203],[91.50752,22.3968],[91.47605,22.41332],[91.44652,22.45324],[91.42966,22.493],[91.42379,22.5253],[91.44676,22.5763],[91.46756,22.58631],[91.55636,22.47821]]],[[[91.88445,21.85029],[91.87037,21.82461],[91.8628,21.78998],[91.84108,21.73542],[91.83253,21.72582],[91.82398,21.74262],[91.83985,21.82551],[91.83253,21.8767],[91.83619,21.89411],[91.84344,21.90697],[91.8672,21.93195],[91.87273,21.9256],[91.88608,21.88028],[91.88771,21.86616],[91.88445,21.85029]]],[[[91.93873,21.71483],[91.97486,21.64875],[91.9839,21.6092],[91.97022,21.52359],[91.96111,21.50617],[91.93922,21.50536],[91.91407,21.50947],[91.89454,21.50678],[91.89967,21.48603],[91.88771,21.48013],[91.87713,21.48102],[91.86256,21.49494],[91.85524,21.51948],[91.85548,21.52668],[91.8711,21.54768],[91.87403,21.58186],[91.86891,21.62222],[91.84791,21.68879],[91.85353,21.72582],[91.86297,21.74559],[91.87232,21.75483],[91.88331,21.75389],[91.89796,21.74331],[91.90284,21.73029],[91.88771,21.68496],[91.90333,21.70287],[91.90952,21.72679],[91.90838,21.75218],[91.90122,21.77432],[91.93556,21.78116],[91.93873,21.71483]]],[[[92.59024,21.91716],[92.59304,21.88693],[92.57557,21.73397],[92.59024,21.49554],[92.60327,21.42009],[92.63923,21.3187],[92.64285,21.29844],[92.63376,21.28222],[92.61433,21.26315],[92.59086,21.24888],[92.57061,21.24728],[92.55872,21.25984],[92.55159,21.28051],[92.54394,21.32092],[92.52451,21.36113],[92.49867,21.3666],[92.46539,21.35983],[92.42312,21.36366],[92.40028,21.371],[92.38116,21.38479],[92.37424,21.40231],[92.36793,21.43544],[92.3547,21.45182],[92.32266,21.4619],[92.28453,21.41906],[92.23626,21.41709],[92.2251,21.39746],[92.21156,21.35487],[92.18365,21.3172],[92.17828,21.29974],[92.17807,21.28015],[92.1852,21.24041],[92.17497,21.17561],[92.1883,21.14408],[92.21177,21.12352],[92.22427,21.09318],[92.26515,21.0611],[92.25856,21.02253],[92.25709,20.98111],[92.26148,20.94025],[92.27198,20.90351],[92.30543,20.85196],[92.30763,20.8332],[92.32594,20.78058],[92.33326,20.76773],[92.33627,20.75715],[92.334,20.7464],[92.32553,20.73872],[92.30104,20.76227],[92.27809,20.81411],[92.20973,20.93081],[92.19288,20.99567],[92.18629,21.00584],[92.13412,21.04751],[92.09685,21.10586],[92.0525,21.15477],[92.04542,21.17097],[92.04396,21.19204],[92.05226,21.25666],[92.05047,21.28046],[92.04526,21.29955],[91.98976,21.39423],[91.98048,21.40375],[91.96941,21.40961],[91.95973,21.42398],[91.95297,21.44184],[91.94972,21.4584],[91.9559,21.4584],[91.96339,21.45214],[91.98292,21.48884],[91.99903,21.4995],[92.01791,21.49311],[92.00538,21.5043],[91.99537,21.52261],[91.98976,21.5434],[91.99,21.562],[92.02215,21.59935],[92.01791,21.61603],[92.03297,21.633],[92.03582,21.64045],[92.03175,21.65013],[92.03777,21.65957],[92.0359,21.66816],[92.0228,21.67682],[92.02931,21.7049],[92.0254,21.71284],[92.02394,21.70466],[92.01791,21.69855],[92.0254,21.69855],[92.01238,21.66421],[92.00074,21.64981],[91.9839,21.65013],[91.97608,21.66206],[91.98422,21.69351],[91.9839,21.70539],[91.97706,21.70539],[91.97193,21.68822],[91.96266,21.68952],[91.95362,21.7014],[91.94972,21.71597],[91.95297,21.73835],[91.96192,21.74384],[91.97478,21.74649],[91.99,21.76],[91.9839,21.76683],[91.9673,21.75544],[91.9603,21.76382],[91.96656,21.77888],[91.99,21.78791],[91.99,21.79483],[91.9437,21.79141],[91.9087,21.78116],[91.89926,21.7895],[91.90089,21.8133],[91.91139,21.8347],[91.92937,21.84317],[91.92164,21.85342],[91.92555,21.86286],[91.94972,21.8767],[91.94972,21.88418],[91.92994,21.87865],[91.9157,21.86245],[91.90561,21.89558],[91.8982,21.94489],[91.88404,21.96015],[91.88087,21.96918],[91.88087,22.00702],[91.85524,22.1092],[91.85353,22.14362],[91.8672,22.1374],[91.86207,22.15062],[91.85328,22.14875],[91.84604,22.13597],[91.84604,22.11689],[91.83985,22.11689],[91.81935,22.15595],[91.813,22.18032],[91.81202,22.20502],[91.8169,22.22028],[91.83473,22.23762],[91.83985,22.24665],[91.83839,22.26309],[91.81202,22.2814],[91.80885,22.30634],[91.82651,22.31826],[91.85239,22.32534],[91.87403,22.336],[91.88494,22.35383],[91.90805,22.42475],[91.88771,22.42475],[91.87574,22.37108],[91.87745,22.36335],[91.844,22.33495],[91.82634,22.32917],[91.82325,22.32416],[91.7986,22.31192],[91.79135,22.30191],[91.79396,22.28604],[91.82634,22.26777],[91.82594,22.24848],[91.80893,22.23627],[91.78712,22.23794],[91.77166,22.26032],[91.7544,22.37466],[91.74366,22.41108],[91.67604,22.53461],[91.54811,22.70034],[91.51637,22.71223],[91.49871,22.72728],[91.47682,22.76118],[91.469,22.75707],[91.46241,22.76191],[91.45631,22.78482],[91.45834,22.79706],[91.46778,22.80931],[91.47397,22.83832],[91.49,22.88056],[91.49049,22.90453],[91.48308,22.90453],[91.46241,22.83344],[91.45248,22.82266],[91.43043,22.81631],[91.41676,22.79999],[91.41163,22.77782],[91.41472,22.75373],[91.38502,22.7707],[91.34645,22.77485],[91.34645,22.7674],[91.36744,22.76166],[91.37013,22.75218],[91.36012,22.74339],[91.34262,22.73945],[91.29078,22.73843],[91.32504,22.72614],[91.33277,22.7202],[91.32993,22.70572],[91.31739,22.69721],[91.28443,22.69229],[91.25278,22.69929],[91.2448,22.69839],[91.24342,22.7202],[91.21608,22.72606],[91.1819,22.72647],[91.1819,22.7202],[91.19459,22.70966],[91.19923,22.6988],[91.19215,22.69164],[91.16896,22.69229],[91.16896,22.68488],[91.2269,22.67109],[91.25343,22.66071],[91.2645,22.64082],[91.24157,22.5754],[91.20274,22.54322],[91.12734,22.52703],[91.0892,22.54443],[91.06958,22.57156],[91.0586,22.61432],[91.03793,22.64387],[91.0267,22.67426],[91.01832,22.68309],[91.00375,22.67866],[91.01873,22.66446],[91.03224,22.63687],[91.04021,22.60773],[91.03793,22.58861],[91.01759,22.57929],[90.98512,22.57437],[90.95493,22.57583],[90.94174,22.58588],[90.93556,22.59968],[90.90821,22.61786],[90.89877,22.63618],[90.88412,22.65449],[90.87648,22.68281],[90.86549,22.68716],[90.83595,22.68488],[90.83131,22.69058],[90.81951,22.72647],[90.79493,22.74136],[90.78834,22.75922],[90.77101,22.78482],[90.76954,22.79536],[90.75734,22.82266],[90.75001,22.85676],[90.7256,22.90571],[90.72267,22.92845],[90.71746,22.94062],[90.64015,23.03803],[90.6294,23.0644],[90.62721,23.08666],[90.63868,23.1479],[90.64015,23.18887],[90.64584,23.21092],[90.66521,23.24876],[90.66114,23.26765],[90.66733,23.26765],[90.65089,23.30024],[90.65016,23.31354],[90.66114,23.32225],[90.65317,23.32465],[90.65366,23.32974],[90.62843,23.32152],[90.61134,23.34248],[90.60174,23.37246],[90.59913,23.39118],[90.60027,23.44994],[90.60874,23.47272],[90.63331,23.48676],[90.69158,23.48648],[90.71502,23.49836],[90.71583,23.53514],[90.71119,23.54881],[90.70558,23.55451],[90.67823,23.55508],[90.67547,23.55093],[90.70216,23.52839],[90.69532,23.50788],[90.67774,23.51728],[90.66676,23.51822],[90.64747,23.50788],[90.62208,23.50007],[90.60776,23.49112],[90.60336,23.4947],[90.58814,23.53417],[90.59205,23.56249],[90.60816,23.58576],[90.63331,23.59662],[90.62713,23.60346],[90.62526,23.59833],[90.61964,23.59662],[90.61199,23.60611],[90.59547,23.6044],[90.55877,23.5904],[90.56446,23.5764],[90.55942,23.56794],[90.54721,23.56379],[90.51466,23.56379],[90.50172,23.56794],[90.47633,23.58295],[90.48439,23.56745],[90.49838,23.55728],[90.5315,23.54881],[90.5687,23.54751],[90.57683,23.5395],[90.57895,23.44986],[90.57594,23.43895],[90.56813,23.43293],[90.55991,23.4184],[90.55193,23.38496],[90.51832,23.39826],[90.32244,23.4333],[90.28443,23.44619],[90.25034,23.46695],[90.24936,23.45539],[90.2588,23.44457],[90.38852,23.37238],[90.40414,23.36042],[90.42848,23.32612],[90.46022,23.31973],[90.50359,23.30174],[90.5691,23.29499],[90.57732,23.2884],[90.60662,23.24722],[90.61085,23.23078],[90.61451,23.19546],[90.59352,23.21988],[90.5984,23.20043],[90.60288,23.1413],[90.59913,23.1175],[90.57195,23.08173],[90.5656,23.07587],[90.55372,23.07856],[90.55128,23.0869],[90.55592,23.09683],[90.5656,23.10383],[90.5656,23.11066],[90.55877,23.11066],[90.53663,23.08682],[90.5228,23.08015],[90.50359,23.07587],[90.46608,23.07685],[90.45362,23.07233],[90.4489,23.05573],[90.45436,23.02753],[90.46827,22.99608],[90.48699,22.96613],[90.50701,22.94208],[90.51043,22.9182],[90.52101,22.91568],[90.54005,22.89655],[90.53492,22.88715],[90.52003,22.88019],[90.49049,22.8852],[90.47633,22.8841],[90.4572,22.86176],[90.44809,22.82844],[90.43605,22.8006],[90.40797,22.79466],[90.424,22.78168],[90.41993,22.76826],[90.40642,22.76309],[90.3943,22.77485],[90.37257,22.76142],[90.38722,22.75129],[90.43523,22.7333],[90.44459,22.75165],[90.46168,22.74885],[90.47902,22.73501],[90.48992,22.7202],[90.49293,22.70991],[90.49676,22.67866],[90.50896,22.64643],[90.51271,22.61148],[90.50017,22.59235],[90.49138,22.58784],[90.4686,22.5847],[90.45924,22.57929],[90.45346,22.5642],[90.44215,22.50873],[90.44207,22.49364],[90.445,22.50414],[90.46266,22.52098],[90.46046,22.55117],[90.46266,22.56196],[90.4725,22.57559],[90.48732,22.58373],[90.50514,22.58625],[90.5241,22.58308],[90.55974,22.56232],[90.57781,22.53368],[90.58969,22.50043],[90.60662,22.46577],[90.58619,22.47321],[90.58644,22.45059],[90.61346,22.39688],[90.61842,22.37665],[90.61931,22.3559],[90.61346,22.31489],[90.58155,22.23823],[90.55795,22.20336],[90.53834,22.19888],[90.50115,22.1767],[90.48829,22.13862],[90.45004,22.0808],[90.43865,22.076],[90.40846,22.08592],[90.39381,22.09471],[90.38746,22.10261],[90.39324,22.12739],[90.41749,22.17504],[90.42164,22.19888],[90.41,22.22728],[90.40797,22.24042],[90.41407,22.2718],[90.4109,22.28425],[90.3943,22.28824],[90.39869,22.26748],[90.38868,22.22321],[90.39088,22.20881],[90.41049,22.1957],[90.41424,22.18578],[90.41285,22.17805],[90.39715,22.16063],[90.39259,22.14301],[90.3838,22.14574],[90.38006,22.14362],[90.36988,22.08983],[90.34742,22.05532],[90.3322,22.03807],[90.32789,22.02049],[90.3086,21.98404],[90.29998,21.92768],[90.2907,21.89033],[90.28289,21.8708],[90.27272,21.85741],[90.21762,21.81346],[90.20379,21.80459],[90.18482,21.80097],[90.1644,21.80427],[90.1268,21.81879],[90.10906,21.82209],[90.09295,21.83027],[90.08855,21.84675],[90.09539,21.85944],[90.11248,21.85627],[90.10499,21.87027],[90.12086,21.88931],[90.12623,21.90119],[90.12135,21.92158],[90.12623,21.93195],[90.11622,21.91934],[90.09848,21.87861],[90.08888,21.86986],[90.07936,21.86693],[90.0669,21.85342],[90.05787,21.84935],[90.04933,21.85102],[90.03631,21.86115],[90.02442,21.86245],[90.03126,21.88923],[90.03395,21.94355],[90.04493,21.96613],[90.07716,21.98798],[90.08578,22.00023],[90.09596,22.04011],[90.10564,22.05427],[90.14674,22.08902],[90.16407,22.11323],[90.17286,22.11701],[90.19508,22.10952],[90.21616,22.12324],[90.2317,22.14566],[90.23911,22.17227],[90.2361,22.19888],[90.20582,22.13296],[90.19166,22.12311],[90.16481,22.11982],[90.14828,22.11078],[90.08888,22.05117],[90.05795,21.99372],[90.05242,21.989],[90.0381,21.98656],[89.99635,22.00023],[90.00213,22.01411],[90.00318,22.02936],[90.01075,22.0412],[90.03541,22.0598],[90.0381,22.07534],[90.03468,22.10517],[90.04274,22.13125],[90.05209,22.1411],[90.0726,22.15204],[90.07838,22.16405],[90.05258,22.15546],[90.04005,22.13809],[90.02442,22.08902],[89.98276,22.04462],[89.9852,21.99942],[89.98276,21.98656],[89.96778,21.97456],[89.94972,21.9809],[89.93442,21.99771],[89.91456,22.06167],[89.91236,22.13556],[89.90309,22.17691],[89.90089,22.20197],[89.89828,22.21166],[89.88038,22.24042],[89.87534,22.26398],[89.8768,22.27473],[89.90016,22.33393],[89.98276,22.44526],[89.9979,22.48086],[90.0101,22.49022],[89.98276,22.47321],[89.94744,22.43968],[89.9336,22.42353],[89.92042,22.39183],[89.90309,22.39643],[89.8729,22.41861],[89.87485,22.39765],[89.88412,22.36351],[89.88038,22.34223],[89.83872,22.26777],[89.85084,22.24653],[89.86134,22.211],[89.8729,22.14362],[89.87428,22.10883],[89.87135,22.09186],[89.86297,22.07905],[89.8462,22.07062],[89.81617,22.076],[89.79721,22.076],[89.79721,22.06851],[89.83595,22.04946],[89.84791,22.03388],[89.85239,22.01044],[89.8462,21.97232],[89.88722,21.90009],[89.88038,21.88418],[89.85092,21.87751],[89.82521,21.85627],[89.81422,21.84081],[89.78639,21.82892],[89.77573,21.82758],[89.76588,21.84675],[89.75343,21.8439],[89.72584,21.82892],[89.70916,21.83006],[89.67335,21.84007],[89.66131,21.84935],[89.65317,21.86774],[89.6526,21.87885],[89.66334,21.89631],[89.66131,21.90583],[89.64698,21.92512],[89.61899,21.86986],[89.64975,21.82636],[89.67205,21.80427],[89.69207,21.79483],[89.70069,21.78486],[89.68995,21.7652],[89.66822,21.75088],[89.64356,21.7569],[89.63152,21.76406],[89.59547,21.76],[89.59278,21.75438],[89.60597,21.71906],[89.58692,21.70083],[89.56568,21.71336],[89.53712,21.75381],[89.53891,21.77147],[89.52735,21.81281],[89.53028,21.83576],[89.5569,21.8688],[89.56446,21.88418],[89.56764,21.9007],[89.56349,21.97313],[89.5713,22.03124],[89.57667,22.0517],[89.6006,22.09125],[89.60597,22.11323],[89.60255,22.13451],[89.59376,22.15542],[89.56788,22.18891],[89.56723,22.20283],[89.59791,22.2403],[89.60597,22.2569],[89.61061,22.2989],[89.62648,22.336],[89.61549,22.32827],[89.59246,22.28824],[89.58082,22.27725],[89.57716,22.2685],[89.58619,22.24543],[89.58033,22.23676],[89.56105,22.22309],[89.54916,22.20527],[89.5503,22.19212],[89.57634,22.14549],[89.57936,22.11323],[89.577,22.10126],[89.56674,22.0821],[89.55649,22.00845],[89.55144,21.99404],[89.53289,21.98469],[89.52475,22.00015],[89.52345,22.04462],[89.53647,22.07583],[89.53712,22.08902],[89.49204,22.18838],[89.48943,22.20881],[89.49415,22.25357],[89.49301,22.2735],[89.48316,22.29507],[89.47576,22.29507],[89.46746,22.22899],[89.47576,22.10261],[89.48316,22.10261],[89.48406,22.11668],[89.49415,22.13687],[89.50685,22.10102],[89.51832,22.081],[89.51743,22.06647],[89.50912,22.0412],[89.50416,22.03669],[89.49187,22.03457],[89.49041,22.02399],[89.52182,21.96231],[89.51254,21.90912],[89.47576,21.8767],[89.46461,21.8592],[89.46363,21.84504],[89.46949,21.80439],[89.46583,21.78132],[89.45623,21.7624],[89.44272,21.74665],[89.40642,21.71735],[89.39519,21.71638],[89.36964,21.74331],[89.36427,21.7582],[89.3628,21.78384],[89.3659,21.82892],[89.38429,21.87783],[89.38697,21.90119],[89.38266,21.92133],[89.36402,21.95506],[89.35963,21.97232],[89.35222,21.97232],[89.34596,21.95702],[89.35963,21.91767],[89.35963,21.90168],[89.35597,21.89252],[89.32887,21.86465],[89.30128,21.80939],[89.29624,21.80907],[89.2907,21.82209],[89.28395,21.82209],[89.28443,21.79682],[89.29469,21.7578],[89.2907,21.73334],[89.27369,21.6988],[89.27662,21.68757],[89.29754,21.67813],[89.2859,21.6656],[89.26873,21.654],[89.24871,21.6459],[89.22926,21.64395],[89.21046,21.65412],[89.20444,21.67268],[89.20826,21.69062],[89.2186,21.69855],[89.22071,21.70942],[89.18971,21.79125],[89.18767,21.81151],[89.18336,21.81562],[89.17408,21.81004],[89.15455,21.78685],[89.1194,21.80097],[89.10467,21.81586],[89.07993,21.89741],[89.07781,21.91425],[89.09108,21.97679],[89.09148,22.00023],[89.08424,22.02119],[89.06202,22.04951],[89.05738,22.06509],[89.06349,22.11103],[89.0604,22.12987],[89.07816,22.15084],[89.0762,22.17503],[89.0623,22.21156],[89.01863,22.26469],[89.00912,22.28562],[89.02354,22.29482],[89.00152,22.33368],[88.98948,22.39667],[89.0025,22.42799],[88.99837,22.45124],[88.97997,22.49093],[88.97098,22.52793],[88.95904,22.53682],[88.92799,22.54813],[88.95031,22.56198],[88.95641,22.58498],[88.95202,22.6119],[88.94235,22.63748],[88.93,22.65862],[88.92251,22.69371],[88.91057,22.72259],[88.90814,22.74078],[88.91496,22.7544],[88.93688,22.78233],[88.94514,22.81509],[88.9468,22.83452],[88.94452,22.84801],[88.9331,22.85812],[88.90515,22.86644],[88.89347,22.87964],[88.87218,22.92677],[88.84277,22.96457],[88.83879,22.97581],[88.83941,22.99537],[88.84872,23.02384],[88.8513,23.07513],[88.86479,23.10027],[88.9191,23.15386],[88.9547,23.18381],[88.95982,23.19445],[88.95998,23.20269],[88.95424,23.20742],[88.91807,23.20858],[88.82267,23.23796],[88.80954,23.23605],[88.78619,23.22153],[88.7757,23.22163],[88.71002,23.24122],[88.69658,23.25235],[88.68661,23.2716],[88.68594,23.29331],[88.69503,23.31261],[88.71927,23.34829],[88.76789,23.46728],[88.77017,23.48883],[88.75684,23.4988],[88.74371,23.48932],[88.73193,23.47262],[88.71942,23.4681],[88.70464,23.49518],[88.66449,23.51831],[88.64764,23.53508],[88.62423,23.57386],[88.60925,23.58879],[88.58155,23.58833],[88.57142,23.59233],[88.5617,23.60202],[88.56636,23.62874],[88.54155,23.63876],[88.5401,23.64995],[88.56119,23.74101],[88.55251,23.76542],[88.55271,23.77498],[88.57752,23.81852],[88.57437,23.84563],[88.57762,23.85516],[88.59359,23.86692],[88.63395,23.86614],[88.65312,23.86978],[88.71415,23.92516],[88.71715,23.94314],[88.71436,23.9644],[88.70159,23.99528],[88.72547,24.0289],[88.725,24.03838],[88.70092,24.04365],[88.69782,24.05626],[88.67901,24.07122],[88.6741,24.08264],[88.68299,24.12429],[88.67808,24.15429],[88.68376,24.16654],[88.69379,24.17532],[88.73162,24.18984],[88.7464,24.21408],[88.74981,24.22325],[88.74304,24.24754],[88.73751,24.2871],[88.71456,24.31542],[88.6818,24.33389],[88.66015,24.33826],[88.6495,24.31536],[88.63452,24.29412],[88.61245,24.29288],[88.5631,24.30821],[88.49835,24.31097],[88.4754,24.31547],[88.4013,24.36942],[88.13878,24.49525],[88.10995,24.50099],[88.09879,24.52248],[88.08602,24.53672],[88.08499,24.59388],[88.08184,24.59987],[88.06726,24.61367],[88.05724,24.6341],[88.02179,24.6456],[88.02716,24.67573],[88.03543,24.69382],[88.04846,24.71121],[88.05321,24.75498],[88.07698,24.76118],[88.08401,24.77045],[88.08824,24.79614],[88.09481,24.80311],[88.10778,24.8011],[88.11739,24.81926],[88.14096,24.84458],[88.13806,24.8635],[88.11491,24.91641],[88.16452,24.94111],[88.18302,24.94698],[88.20245,24.9453],[88.21878,24.93515],[88.23284,24.91827],[88.24188,24.89877],[88.24276,24.8806],[88.31361,24.8683],[88.32275,24.87468],[88.34089,24.90414],[88.37567,24.94561],[88.38786,24.96876],[88.39102,24.99509],[88.41412,25.02152],[88.4258,25.05106],[88.43417,25.11666],[88.43148,25.17304],[88.4413,25.18973],[88.4754,25.1951],[88.55938,25.17076],[88.5707,25.17324],[88.59013,25.19014],[88.59912,25.19314],[88.63426,25.19226],[88.66459,25.18689],[88.72454,25.16648],[88.78422,25.16095],[88.79234,25.16658],[88.80252,25.18813],[88.80913,25.19526],[88.81709,25.19681],[88.89864,25.16932],[88.92416,25.16787],[88.90964,25.18916],[88.92788,25.19273],[88.93078,25.20265],[88.92907,25.22942],[88.93775,25.24017],[88.97532,25.26523],[88.98235,25.27489],[88.98494,25.28497],[88.98271,25.29448],[88.97532,25.30264],[88.92649,25.30047],[88.90287,25.30342],[88.88019,25.32347],[88.84903,25.32719],[88.842,25.33282],[88.81833,25.35964],[88.81037,25.38843],[88.79962,25.39561],[88.79931,25.40171],[88.81632,25.43721],[88.81492,25.4586],[88.80582,25.47168],[88.77234,25.50196],[88.74195,25.51276],[88.74257,25.49519],[88.73265,25.491],[88.70619,25.49168],[88.67808,25.46589],[88.66635,25.46289],[88.64542,25.46734],[88.59359,25.49509],[88.55096,25.49648],[88.53029,25.5002],[88.52047,25.5093],[88.51277,25.52371],[88.48559,25.54263],[88.4754,25.56258],[88.43778,25.57984],[88.42378,25.59224],[88.41944,25.65378],[88.39298,25.68076],[88.32027,25.72525],[88.25992,25.78902],[88.22746,25.80427],[88.18271,25.79243],[88.14643,25.77574],[88.12773,25.77491],[88.11491,25.78726],[88.10334,25.81481],[88.08757,25.83098],[88.08897,25.84866],[88.08204,25.86385],[88.0744,25.90814],[88.08804,25.92322],[88.10654,25.97997],[88.12587,26.0134],[88.15103,26.03133],[88.1579,26.05045],[88.15641,26.06141],[88.14116,26.07546],[88.13992,26.08533],[88.15563,26.12848],[88.1638,26.14047],[88.19692,26.15964],[88.21888,26.18016],[88.3087,26.2061],[88.32627,26.21592],[88.33454,26.2308],[88.33293,26.26724],[88.3366,26.28181],[88.35169,26.30098],[88.36678,26.31343],[88.41381,26.3402],[88.43169,26.36222],[88.44864,26.35343],[88.4754,26.35581],[88.49763,26.35271],[88.49546,26.37808],[88.4754,26.43203],[88.46114,26.45389],[88.43458,26.46516],[88.37691,26.47534],[88.35355,26.48459],[88.34652,26.48402],[88.34301,26.4772],[88.34022,26.45415],[88.33562,26.44821],[88.32255,26.45177],[88.3151,26.46505],[88.31386,26.48154],[88.33236,26.51466],[88.35283,26.57869],[88.37252,26.61161],[88.38528,26.62354],[88.39438,26.61802],[88.39789,26.55869],[88.41102,26.5451],[88.46238,26.52882],[88.50682,26.48764],[88.52682,26.47539],[88.54977,26.46665],[88.57917,26.46603],[88.59116,26.46123],[88.61152,26.43084],[88.63302,26.42009],[88.65627,26.41513],[88.64986,26.39839],[88.65224,26.39152],[88.66852,26.38573],[88.66744,26.36816],[88.67338,26.36072],[88.70971,26.34062],[88.71224,26.32826],[88.70299,26.30966],[88.69012,26.29984],[88.65328,26.2831],[88.64583,26.27602],[88.6634,26.26444],[88.74795,26.2925],[88.78402,26.27995],[88.808,26.23344],[88.82484,26.22657],[88.84065,26.23204],[88.85564,26.26512],[88.87579,26.27736],[88.90272,26.27292],[88.94685,26.23292],[88.97532,26.22434],[89.01946,26.23447],[89.03971,26.24718],[89.03434,26.26579],[89.0116,26.2692],[89.00436,26.27571],[89.00798,26.29716],[88.98969,26.2894],[88.98173,26.29183],[88.97532,26.29995],[88.96602,26.32847],[88.94122,26.3401],[88.91243,26.34894],[88.89187,26.36878],[88.89125,26.38578],[88.89946,26.40449],[88.91197,26.42123],[88.92458,26.43214],[88.94101,26.43942],[88.95016,26.43694],[88.98654,26.4127],[89.01088,26.39017],[89.04374,26.38108],[89.05263,26.37462],[89.05728,26.36263],[89.05408,26.35395],[89.05522,26.34702],[89.09573,26.33452],[89.10291,26.32734],[89.10353,26.31369],[89.0948,26.30951],[89.08033,26.3156],[89.06886,26.31426],[89.06943,26.28739],[89.07588,26.27106],[89.10338,26.22517],[89.1117,26.1645],[89.11919,26.14662],[89.13159,26.13376],[89.19784,26.10771],[89.21262,26.09898],[89.22306,26.08657],[89.22926,26.0672],[89.23763,26.0581],[89.27298,26.04348],[89.29691,26.01816],[89.3353,25.99857],[89.35148,25.99686],[89.37974,26.01531],[89.39142,26.01547],[89.40662,25.99506],[89.41127,25.9932],[89.48563,25.99872],[89.49534,25.99506],[89.51818,25.96209],[89.52842,25.95712],[89.5417,25.95971],[89.54909,25.96886],[89.55069,25.99506],[89.55916,26.02224],[89.60288,26.05526],[89.61136,26.07221],[89.60386,26.08466],[89.57694,26.08265],[89.56702,26.08709],[89.56692,26.09898],[89.60422,26.12073],[89.58578,26.1229],[89.5694,26.13009],[89.56278,26.14259],[89.57343,26.16073],[89.58676,26.1692],[89.61441,26.16419],[89.61528,26.1691],[89.60846,26.18068],[89.6064,26.21101],[89.61332,26.21938],[89.63492,26.22584],[89.65301,26.22269],[89.65838,26.20786],[89.6558,26.1613],[89.67037,26.15412],[89.70654,26.15417],[89.71848,26.14554],[89.72877,26.11417],[89.74985,26.08389],[89.75021,26.04156],[89.75584,26.03242],[89.78943,25.98798],[89.79553,25.98596],[89.81414,25.99614],[89.82866,25.9794],[89.82561,25.9657],[89.81155,25.95521],[89.79202,25.94912],[89.81072,25.93878],[89.82643,25.93749],[89.83439,25.93175],[89.83005,25.90798],[89.78695,25.83915],[89.78313,25.81445],[89.80153,25.72468],[89.82421,25.67409],[89.83439,25.63477],[89.82509,25.56449],[89.82323,25.48914],[89.8007,25.41287],[89.79502,25.37416],[89.79853,25.34006],[89.80736,25.3045],[89.81904,25.28497],[89.8346,25.28244],[89.8702,25.29556],[89.90813,25.29691],[90.13008,25.21159],[90.28692,25.18007],[90.36464,25.14999],[90.39978,25.14901],[90.50138,25.1688],[90.58334,25.16203],[90.62344,25.17144],[90.6376,25.17108],[90.67057,25.15878],[90.70767,25.15299],[90.72204,25.1566],[90.73796,25.16942],[90.75397,25.16756],[90.79397,25.14539],[90.82198,25.14229],[90.94342,25.15743],[90.97515,25.16782],[91.13535,25.19123],[91.19085,25.18947],[91.20315,25.19133],[91.22495,25.20162],[91.2357,25.20192],[91.28397,25.17898],[91.43187,25.13795],[91.48075,25.13526],[91.52344,25.14518],[91.54876,25.1611],[91.56612,25.15996],[91.58018,25.1409],[91.5962,25.12891],[91.63868,25.12405],[91.66203,25.1272],[91.67226,25.1365],[91.67743,25.15263],[91.6889,25.15299],[91.71071,25.14467],[91.73014,25.16746],[91.74534,25.16937],[91.7937,25.16534],[91.90057,25.17759],[91.95628,25.16978],[92.00175,25.18296],[92.034,25.18167],[92.06604,25.17454],[92.09291,25.16472],[92.11616,25.13945],[92.13859,25.1364],[92.151,25.12973],[92.16474,25.13356],[92.1727,25.13196],[92.20805,25.09811],[92.23368,25.08496],[92.30354,25.07428],[92.31212,25.0686],[92.32814,25.04801],[92.38106,25.02344],[92.38695,24.99509],[92.41227,24.98739],[92.41248,24.98408],[92.45403,24.95812],[92.45806,24.95328],[92.44979,24.94644],[92.47439,24.93667],[92.48379,24.92822],[92.49134,24.91228],[92.49454,24.89486],[92.49154,24.88373],[92.47769,24.86391],[92.38075,24.8367],[92.36359,24.84102],[92.35832,24.85365],[92.29042,24.8913],[92.25218,24.90298],[92.22303,24.89138],[92.21766,24.87458],[92.23502,24.82476],[92.23688,24.80859],[92.23378,24.77753],[92.18293,24.64726],[92.1636,24.5592],[92.15316,24.54455],[92.11089,24.51429],[92.10593,24.49525],[92.1112,24.4343],[92.10759,24.40598],[92.08826,24.38164],[92.06273,24.37102],[92.03338,24.36885],[91.94997,24.37539],[91.94884,24.36353],[91.97137,24.32968],[91.97219,24.31606],[91.95307,24.32299],[91.92186,24.34451],[91.89985,24.33805],[91.89644,24.32012],[91.90688,24.28035],[91.90594,24.26064],[91.88434,24.17555],[91.87711,24.15804],[91.8645,24.15059],[91.84424,24.15532],[91.81376,24.18312],[91.80704,24.22113],[91.73293,24.23428],[91.72301,24.22098],[91.732,24.18168],[91.73262,24.16431],[91.72115,24.14899],[91.70368,24.14295],[91.68415,24.14548],[91.66617,24.15592],[91.6395,24.2117],[91.62906,24.21532],[91.62452,24.20346],[91.61377,24.1401],[91.60602,24.11886],[91.59651,24.10499],[91.58183,24.0961],[91.55868,24.08967],[91.51754,24.0852],[91.48044,24.08801],[91.40458,24.10313],[91.36303,24.09985],[91.35084,24.07424],[91.34929,24.03605],[91.33906,23.99523],[91.32707,23.98786],[91.29162,23.99482],[91.27415,23.98823],[91.25038,23.96404],[91.21627,23.90839],[91.21193,23.89446],[91.21276,23.88074],[91.22816,23.84498],[91.22526,23.82614],[91.20521,23.77157],[91.19498,23.75517],[91.17658,23.74654],[91.15757,23.74499],[91.14175,23.7399],[91.13235,23.72065],[91.13659,23.69889],[91.16894,23.68538],[91.17524,23.67031],[91.16646,23.65409],[91.13969,23.65357],[91.13628,23.62952],[91.14082,23.6121],[91.16987,23.56197],[91.18589,23.51156],[91.19508,23.49518],[91.22082,23.4779],[91.22733,23.46878],[91.2479,23.39377],[91.25813,23.37364],[91.27094,23.3646],[91.28397,23.36144],[91.28728,23.35555],[91.26578,23.32935],[91.27725,23.30326],[91.3005,23.14231],[91.31353,23.10105],[91.3374,23.07107],[91.37089,23.06278],[91.37461,23.09572],[91.3559,23.17965],[91.3557,23.22414],[91.36097,23.24752],[91.37213,23.26189],[91.39435,23.26266],[91.41357,23.24863],[91.43652,23.21486],[91.43993,23.22352],[91.44644,23.21554],[91.44644,23.19789],[91.4636,23.18412],[91.47042,23.15329],[91.49812,23.06996],[91.50328,23.04441],[91.51816,23.03508],[91.51941,23.00562],[91.52364,22.99521],[91.53656,22.98185],[91.57677,22.96881],[91.58607,22.94447],[91.6024,22.95297],[91.61666,22.97806],[91.62576,22.98154],[91.64694,22.97658],[91.69469,22.98813],[91.70699,22.99537],[91.73831,23.02467],[91.75505,23.04823],[91.75598,23.06154],[91.76094,23.06549],[91.77624,23.06526],[91.79133,23.08038],[91.79556,23.0895],[91.77903,23.13177],[91.76394,23.20063],[91.74916,23.23241],[91.74368,23.27233],[91.7626,23.32155],[91.79164,23.36834],[91.81768,23.40092],[91.8338,23.4139],[91.8891,23.43594],[91.90512,23.44663],[91.91814,23.45994],[91.94078,23.49518],[91.94232,23.53443],[91.91597,23.65016],[91.91442,23.68832],[91.91649,23.70987],[91.92269,23.72297],[91.93664,23.72354],[91.96165,23.69114],[92.00351,23.64742],[92.01901,23.64006],[92.04237,23.64556],[92.05963,23.65949],[92.10841,23.71824],[92.15079,23.73165],[92.17063,23.70364],[92.18076,23.66538],[92.1943,23.64814],[92.20939,23.66161],[92.2221,23.70778],[92.23874,23.71685],[92.25931,23.70649],[92.26169,23.68512],[92.25001,23.64262],[92.2528,23.60931],[92.29104,23.49528],[92.29683,23.44658],[92.30148,23.4318],[92.32535,23.40351],[92.3267,23.37527],[92.34861,23.3541],[92.34706,23.31543],[92.35687,23.28912],[92.35749,23.27894],[92.33269,23.22626],[92.32856,23.21119],[92.32762,23.17143],[92.35305,23.02991],[92.35222,22.96033],[92.35987,22.92661],[92.37868,22.90044],[92.41186,22.88793],[92.42633,22.87106],[92.43501,22.79329],[92.44204,22.76293],[92.45372,22.74797],[92.48069,22.72616],[92.49154,22.71107],[92.49588,22.69562],[92.50291,22.61862],[92.50084,22.56054],[92.51738,22.51258],[92.57702,22.16867],[92.57557,22.1433],[92.5642,22.13834],[92.54932,22.1385],[92.53733,22.12862],[92.55996,22.06134],[92.59024,21.91716]]]]}},{"type":"Feature","properties":{"code":"AFG","name":"Afghanistan"},"geometry":{"type":"MultiPolygon","coordinates":[[[[67.1434,37.2719],[67.18782,37.25824],[67.20797,37.24346],[67.22528,37.2077],[67.23675,37.19241],[67.25913,37.18515],[67.28145,37.18866],[67.31959,37.20843],[67.39116,37.21959],[67.43111,37.23977],[67.48237,37.27736],[67.50314,37.28196],[67.52614,37.27289],[67.545,37.23153],[67.56138,37.2199],[67.57218,37.22316],[67.59229,37.24718],[67.63316,37.25406],[67.64464,37.25122],[67.6775,37.23354],[67.72587,37.23354],[67.74659,37.22941],[67.76427,37.22088],[67.776,37.20755],[67.78054,37.18887],[67.77197,37.12497],[67.77305,37.10998],[67.78535,37.09655],[67.80804,37.08324],[67.83289,37.07309],[67.87811,37.06443],[67.89196,37.05203],[67.91842,37.01381],[67.96182,36.98994],[67.99619,36.95578],[68.01112,36.93087],[68.02022,36.92568],[68.03272,36.92524],[68.05495,36.93465],[68.12109,36.98028],[68.152,36.99278],[68.18641,37.01831],[68.21256,37.02126],[68.25375,37.01022],[68.27778,37.01007],[68.28832,37.02441],[68.28077,37.08665],[68.28832,37.10321],[68.30728,37.11422],[68.32666,37.11303],[68.36583,37.10321],[68.39188,37.10544],[68.41146,37.11337],[68.41802,37.12828],[68.40371,37.15164],[68.46577,37.15536],[68.52386,37.16466],[68.53275,37.169],[68.55145,37.19262],[68.6269,37.20626],[68.63641,37.22992],[68.6486,37.24437],[68.67124,37.24718],[68.66266,37.26372],[68.65754,37.26768],[68.66886,37.27829],[68.75961,37.27524],[68.80849,37.25163],[68.82038,37.25091],[68.82462,37.26062],[68.82203,37.28196],[68.8102,37.31209],[68.81382,37.32341],[68.83583,37.32914],[68.85676,37.32491],[68.8903,37.28196],[68.90471,37.27669],[68.91582,37.27907],[68.92115,37.28796],[68.91763,37.30243],[68.8903,37.32294],[68.88508,37.33483],[68.88787,37.33814],[68.96543,37.32914],[68.98522,37.32036],[69.00548,37.30553],[69.02104,37.28796],[69.03576,37.25158],[69.09643,37.21303],[69.11431,37.17747],[69.12362,37.1692],[69.24568,37.10389],[69.26578,37.10541],[69.28562,37.11293],[69.32391,37.12099],[69.35084,37.14414],[69.3912,37.16466],[69.40773,37.17747],[69.44215,37.22362],[69.4452,37.23641],[69.40985,37.24566],[69.41791,37.26768],[69.4097,37.27674],[69.40308,37.31116],[69.38644,37.34152],[69.38448,37.36015],[69.39088,37.36532],[69.3912,37.37069],[69.37704,37.38066],[69.37838,37.43741],[69.38448,37.45327],[69.41171,37.47252],[69.4254,37.49425],[69.46974,37.52014],[69.49145,37.53699],[69.50866,37.57897],[69.52866,37.58603],[69.66498,37.57616],[69.6873,37.57959],[69.72957,37.59409],[69.75427,37.59667],[69.78445,37.59042],[69.80223,37.58151],[69.823,37.59295],[69.85329,37.60122],[69.89525,37.61817],[69.91881,37.61714],[69.93524,37.60566],[69.9554,37.57548],[69.9895,37.56732],[70.00759,37.54885],[70.048,37.54143],[70.0417,37.54885],[70.06919,37.5452],[70.09906,37.53657],[70.12914,37.53228],[70.15787,37.54143],[70.1927,37.57603],[70.19942,37.57928],[70.21647,37.61714],[70.24096,37.61714],[70.2483,37.62334],[70.25522,37.63747],[70.25357,37.65458],[70.27512,37.67548],[70.28308,37.70483],[70.28189,37.71956],[70.26959,37.76263],[70.27512,37.77418],[70.25652,37.7918],[70.24985,37.80488],[70.24716,37.81917],[70.24034,37.82756],[70.196,37.83991],[70.17916,37.86079],[70.1652,37.88991],[70.1605,37.92066],[70.17213,37.94608],[70.19223,37.93288],[70.21471,37.92926],[70.26153,37.93929],[70.25016,37.95562],[70.25393,37.97339],[70.28375,37.98187],[70.29378,37.99611],[70.32628,38.01127],[70.36754,38.05448],[71.30645,38.05448],[71.3024,38.04233],[71.27263,37.99799],[71.26591,37.97254],[71.25578,37.94988],[71.25454,37.93929],[71.25826,37.92647],[71.28183,37.925],[71.31976,37.90058],[71.34115,37.8933],[71.37919,37.91293],[71.5012,37.94621],[71.53706,37.94446],[71.56734,37.92807],[71.59773,37.89836],[71.59029,37.89144],[71.59504,37.85754],[71.59029,37.81573],[71.57468,37.798],[71.53778,37.77904],[71.52952,37.76113],[71.54254,37.71956],[71.52952,37.67858],[71.52207,37.63763],[71.50151,37.61034],[71.49716,37.56654],[71.51122,37.48588],[71.50151,37.44578],[71.49024,37.42338],[71.48714,37.40909],[71.49468,37.37069],[71.49654,37.32852],[71.49386,37.30754],[71.48786,37.29499],[71.48704,37.26706],[71.45014,37.21667],[71.45376,37.19262],[71.44104,37.16843],[71.43319,37.12735],[71.43112,37.06699],[71.43319,37.05474],[71.45644,37.02255],[71.45996,37.01074],[71.45996,36.96979],[71.46306,36.94808],[71.47174,36.93005],[71.52848,36.85615],[71.53851,36.8361],[71.54533,36.79],[71.55287,36.76959],[71.57737,36.73326],[71.61106,36.70484],[71.65302,36.68701],[71.69994,36.67864],[71.74852,36.67864],[71.79761,36.68608],[71.83658,36.69916],[72.12669,36.87274],[72.15284,36.89571],[72.18684,36.91139],[72.22032,36.94555],[72.25981,36.9673],[72.36099,37.00028],[72.40595,37.00766],[72.47499,36.99748],[72.50868,37.01108],[72.65771,37.02883],[72.6666,37.03834],[72.6727,37.05761],[72.71435,37.10998],[72.76096,37.1875],[72.79073,37.22026],[72.83052,37.23977],[72.87744,37.24688],[72.90225,37.2538],[72.92426,37.27483],[72.99558,37.3093],[73.06751,37.31506],[73.08777,37.32607],[73.11639,37.36906],[73.1321,37.38439],[73.17024,37.40826],[73.17903,37.41074],[73.20063,37.40418],[73.21148,37.40826],[73.26026,37.45004],[73.27608,37.45947],[73.29633,37.46495],[73.32124,37.46702],[73.34501,37.46448],[73.37839,37.45255],[73.44061,37.47994],[73.48526,37.48097],[73.60505,37.44578],[73.6745,37.43105],[73.7178,37.43182],[73.75346,37.42839],[73.74592,37.3949],[73.74571,37.35286],[73.7391,37.33834],[73.72225,37.32245],[73.69042,37.30522],[73.65197,37.30206],[73.63099,37.29599],[73.6099,37.2814],[73.5973,37.26181],[73.60164,37.24088],[73.61766,37.23318],[73.65993,37.24375],[73.68049,37.24246],[73.70923,37.21701],[73.71998,37.21755],[73.74612,37.23054],[73.78395,37.22589],[73.79821,37.22853],[73.83625,37.25674],[73.8564,37.26158],[73.89929,37.26548],[73.95562,37.28677],[74.05215,37.31225],[74.16326,37.33007],[74.18765,37.33839],[74.20604,37.35565],[74.2077,37.38992],[74.22392,37.40335],[74.25038,37.40369],[74.27942,37.39751],[74.30382,37.40017],[74.3156,37.42692],[74.32087,37.41389],[74.33244,37.42035],[74.34381,37.421],[74.35363,37.41591],[74.3682,37.39638],[74.37813,37.39376],[74.41833,37.38919],[74.45481,37.39364],[74.52117,37.3756],[74.63144,37.38108],[74.66038,37.39397],[74.78854,37.33116],[74.81686,37.30692],[74.86264,37.2446],[74.89231,37.23111],[74.79402,37.21393],[74.78327,37.21967],[74.73738,37.29612],[74.72146,37.29778],[74.6763,37.26372],[74.65098,37.25964],[74.64302,37.24837],[74.62328,37.2308],[74.61501,37.22838],[74.60902,37.23018],[74.59,37.24336],[74.53222,37.2322],[74.50008,37.23163],[74.48727,37.22595],[74.46763,37.18993],[74.45667,37.17732],[74.44158,37.17055],[74.42029,37.16807],[74.38226,37.17205],[74.36831,37.16706],[74.36614,37.14776],[74.38257,37.12657],[74.4144,37.10784],[74.47662,37.08314],[74.49409,37.06647],[74.5192,37.03025],[74.54235,37.02167],[74.54928,37.00893],[74.53739,36.96224],[74.52137,36.9585],[74.50174,36.97242],[74.48034,36.99692],[74.45698,37.00438],[74.43559,37.00322],[74.39404,36.99402],[74.3681,36.97676],[74.28459,36.93423],[74.23571,36.90217],[74.21173,36.89514],[74.146,36.9017],[74.12967,36.89842],[74.1153,36.88953],[74.10879,36.87563],[74.10393,36.84132],[74.09432,36.83124],[74.0353,36.81558],[74.00637,36.81574],[73.94694,36.83088],[73.86508,36.87258],[73.83408,36.88287],[73.77289,36.89201],[73.64008,36.89664],[73.50934,36.87868],[73.44588,36.88648],[73.37974,36.87925],[73.33178,36.88209],[73.2675,36.86654],[73.19184,36.87703],[73.0425,36.86426],[73.02627,36.85946],[72.99051,36.84158],[72.97676,36.84209],[72.94586,36.85222],[72.86773,36.83042],[72.77936,36.8268],[72.69585,36.83672],[72.6296,36.83295],[72.56521,36.8206],[72.51674,36.8006],[72.45411,36.75796],[72.43313,36.75342],[72.38734,36.75579],[72.34621,36.74489],[72.30197,36.74272],[72.21361,36.72644],[72.16968,36.71135],[72.15346,36.7021],[72.14963,36.68934],[72.16462,36.67006],[72.17165,36.65363],[72.15418,36.64546],[72.0961,36.6389],[72.0591,36.62712],[72.05041,36.61864],[72.0563,36.6019],[72.05496,36.59286],[72.03884,36.58046],[71.99781,36.57245],[71.97703,36.56304],[71.96091,36.5496],[71.91347,36.52759],[71.87471,36.49906],[71.85859,36.49416],[71.79379,36.49074],[71.77322,36.48005],[71.77456,36.44842],[71.79151,36.42129],[71.79441,36.4076],[71.78263,36.39654],[71.751,36.39111],[71.73632,36.39592],[71.70687,36.42145],[71.6493,36.45276],[71.62915,36.45953],[71.61044,36.45793],[71.60072,36.4493],[71.58036,36.40233],[71.5723,36.39168],[71.54719,36.37163],[71.54223,36.35639],[71.55835,36.32786],[71.53892,36.31928],[71.49582,36.30962],[71.47908,36.30052],[71.40275,36.23138],[71.38244,36.21857],[71.31914,36.20058],[71.31397,36.19402],[71.30901,36.17273],[71.30209,36.16332],[71.22307,36.12539],[71.2177,36.11806],[71.20762,36.08762],[71.17538,36.06116],[71.16592,36.04571],[71.17093,36.027],[71.23191,35.99398],[71.25744,35.97155],[71.34157,35.94726],[71.3564,35.93305],[71.36069,35.90029],[71.37133,35.88515],[71.4167,35.85885],[71.43102,35.8437],[71.4644,35.79472],[71.47091,35.77994],[71.47112,35.75229],[71.47556,35.74102],[71.50275,35.71906],[71.51536,35.70149],[71.5198,35.68377],[71.51401,35.66558],[71.49592,35.64661],[71.48332,35.62656],[71.49272,35.60956],[71.51277,35.59628],[71.56786,35.57421],[71.58419,35.56419],[71.59349,35.54936],[71.59287,35.53018],[71.58171,35.49313],[71.58781,35.47091],[71.61395,35.44321],[71.62243,35.42962],[71.62088,35.41014],[71.61106,35.39546],[71.56228,35.36058],[71.53158,35.32792],[71.52982,35.3009],[71.54781,35.27563],[71.6032,35.22338],[71.63369,35.20312],[71.63793,35.18969],[71.62925,35.1701],[71.60414,35.13817],[71.53499,35.09858],[71.50895,35.07202],[71.5075,35.0282],[71.51298,35.01812],[71.51132,35.00872],[71.49334,34.99414],[71.48538,34.9835],[71.46957,34.9497],[71.45996,34.94267],[71.32493,34.89756],[71.28948,34.87503],[71.27082,34.84428],[71.25563,34.81023],[71.20308,34.74816],[71.18954,34.73705],[71.15093,34.72031],[71.0806,34.67292],[71.07016,34.66124],[71.06877,34.64595],[71.07988,34.6029],[71.07657,34.57851],[71.06582,34.55846],[71.04753,34.55112],[70.98583,34.55619],[70.96867,34.54973],[70.95699,34.532],[70.95565,34.51001],[70.96123,34.48761],[70.97084,34.46888],[70.99151,34.44307],[71.01983,34.41444],[71.05094,34.38979],[71.12205,34.35682],[71.12639,34.33222],[71.09709,34.26246],[71.09688,34.24434],[71.10949,34.18921],[71.10809,34.16523],[71.10179,34.15182],[71.07388,34.12526],[71.06277,34.10531],[71.06727,34.07301],[71.06262,34.05425],[71.0467,34.04188],[70.97714,34.02741],[70.95399,34.00482],[70.93973,34.00092],[70.92123,34.00224],[70.89431,34.00937],[70.88433,34.00705],[70.87999,33.99426],[70.86222,33.96478],[70.79132,33.95356],[70.65618,33.95475],[70.52198,33.9387],[70.49149,33.93961],[70.40896,33.95441],[70.32819,33.95728],[70.3099,33.96168],[70.27559,33.97617],[70.21884,33.98069],[70.00284,34.04379],[69.96909,34.04573],[69.91602,34.03888],[69.88925,34.03121],[69.87261,34.01723],[69.87199,33.97152],[69.84109,33.9418],[69.84719,33.92695],[69.87649,33.90256],[69.88543,33.88946],[69.89876,33.8515],[69.90755,33.83561],[69.93132,33.80644],[69.95752,33.7527],[69.97266,33.74484],[70.01183,33.74032],[70.06557,33.72102],[70.10815,33.7273],[70.11813,33.71652],[70.13255,33.66144],[70.14598,33.64988],[70.17022,33.63867],[70.17409,33.63211],[70.17347,33.60787],[70.15301,33.54475],[70.15136,33.52586],[70.15497,33.50661],[70.16376,33.48866],[70.17761,33.47341],[70.21337,33.46134],[70.22045,33.45602],[70.233,33.43261],[70.28572,33.38287],[70.30158,33.35179],[70.29445,33.31895],[70.12479,33.19903],[70.10536,33.18981],[70.08366,33.19128],[70.05978,33.19805],[70.048,33.19407],[70.01452,33.14077],[70.00687,33.1318],[69.99472,33.12733],[69.95581,33.1277],[69.88093,33.08925],[69.83871,33.08666],[69.77184,33.11478],[69.73298,33.1093],[69.68601,33.08077],[69.66777,33.077],[69.64069,33.08424],[69.54752,33.07501],[69.51418,33.05669],[69.48773,33.02837],[69.4685,32.99429],[69.48721,32.88588],[69.47729,32.85683],[69.44556,32.83567],[69.42106,32.80681],[69.38716,32.78534],[69.37631,32.77188],[69.37807,32.75232],[69.38324,32.74446],[69.41466,32.72558],[69.42913,32.66736],[69.42602,32.65509],[69.41393,32.63548],[69.36122,32.56848],[69.34355,32.55605],[69.3021,32.54378],[69.28195,32.5328],[69.25157,32.50055],[69.23286,32.46267],[69.228,32.4213],[69.23854,32.37828],[69.26443,32.32237],[69.2681,32.30134],[69.25999,32.23682],[69.25952,32.19452],[69.25188,32.15225],[69.25105,32.13065],[69.27063,32.03598],[69.30216,31.95991],[69.30479,31.94694],[69.29885,31.93769],[69.25095,31.90705],[69.22376,31.88193],[69.11431,31.73775],[69.10005,31.72401],[69.08475,31.71579],[69.07163,31.69786],[69.04011,31.67311],[69.00404,31.65109],[68.97727,31.64148],[68.94099,31.64365],[68.90699,31.6343],[68.84353,31.6065],[68.80384,31.60257],[68.77728,31.61859],[68.73118,31.67554],[68.70545,31.70127],[68.6979,31.71595],[68.69491,31.75636],[68.68829,31.7686],[68.67579,31.7747],[68.61946,31.78349],[68.56106,31.81181],[68.52748,31.82297],[68.5051,31.82266],[68.48148,31.81568],[68.43818,31.79604],[68.41875,31.78302],[68.42221,31.77315],[68.43957,31.76659],[68.46143,31.76359],[68.52127,31.76478],[68.5406,31.76251],[68.5498,31.75352],[68.53683,31.74101],[68.51518,31.72995],[68.49802,31.72525],[68.46097,31.73047],[68.35606,31.76251],[68.25504,31.76638],[68.2323,31.79015],[68.20682,31.80788],[68.15913,31.82591],[68.13856,31.82467],[68.12574,31.8115],[68.0935,31.75155],[68.06048,31.72556],[68.05557,31.71657],[68.05226,31.69543],[68.04658,31.6884],[67.99407,31.66344],[67.97733,31.65187],[67.96606,31.63822],[67.95521,31.63321],[67.9147,31.63135],[67.87067,31.63518],[67.84271,31.6235],[67.78116,31.56417],[67.7267,31.53141],[67.69631,31.52082],[67.66546,31.51813],[67.6005,31.53048],[67.56898,31.52986],[67.55611,31.51219],[67.5634,31.49725],[67.5911,31.4648],[67.59699,31.42568],[67.61146,31.4108],[67.63141,31.4001],[67.65115,31.39529],[67.73429,31.40475],[67.77036,31.39467],[67.77507,31.35276],[67.76473,31.33406],[67.74944,31.32801],[67.70902,31.3293],[67.6928,31.32522],[67.66593,31.30626],[67.60216,31.27112],[67.58366,31.26522],[67.53022,31.25665],[67.49333,31.24295],[67.4339,31.23608],[67.3646,31.21071],[67.3462,31.20776],[67.28218,31.21277],[67.21376,31.21226],[67.1434,31.23937],[67.1434,37.2719]]]]}},{"type":"Feature","properties":{"code":"NPL","name":"Nepal"},"geometry":{"type":"MultiPolygon","coordinates":[[[[88.14302,27.85572],[88.16462,27.84536],[88.16659,27.8336],[88.1546,27.81515],[88.15966,27.77412],[88.13486,27.72317],[88.11088,27.6395],[88.04876,27.54535],[88.02334,27.49491],[88.0221,27.48424],[88.02809,27.45512],[88.04163,27.43807],[88.03931,27.42949],[88.02582,27.41208],[88.01476,27.37807],[88.0158,27.36422],[88.03254,27.33389],[88.03512,27.32257],[88.02902,27.29808],[87.98934,27.21839],[87.98546,27.14837],[87.96918,27.1108],[87.97549,27.09514],[87.9913,27.0815],[88.00949,27.04564],[88.04282,27.02895],[88.05595,27.01804],[88.07688,26.99179],[88.09682,26.95934],[88.12044,26.90885],[88.15139,26.86281],[88.15904,26.80255],[88.16783,26.76292],[88.16907,26.744],[88.16338,26.70514],[88.14664,26.66122],[88.10168,26.58194],[88.07982,26.51756],[88.08225,26.49487],[88.07419,26.45394],[88.04432,26.40568],[88.00665,26.36986],[87.97549,26.36656],[87.96122,26.37896],[87.92898,26.39643],[87.91477,26.40826],[87.8973,26.44345],[87.87069,26.46071],[87.86981,26.46464],[87.85208,26.46066],[87.8216,26.43751],[87.80444,26.43735],[87.76899,26.45146],[87.75617,26.44691],[87.74222,26.41048],[87.72754,26.40376],[87.7109,26.40568],[87.68119,26.42423],[87.65964,26.41751],[87.62398,26.39291],[87.58698,26.37803],[87.55205,26.38671],[87.48032,26.4234],[87.44963,26.42862],[87.41645,26.42697],[87.38421,26.41865],[87.3564,26.40371],[87.34493,26.38935],[87.32622,26.35333],[87.31403,26.34377],[87.30049,26.34599],[87.2453,26.37023],[87.22944,26.39875],[87.2191,26.4081],[87.18846,26.39958],[87.13502,26.3942],[87.10629,26.40475],[87.08329,26.43208],[87.06671,26.46562],[87.05647,26.49492],[87.045,26.54427],[87.04133,26.58019],[87.02991,26.57977],[86.97245,26.53197],[86.90713,26.51151],[86.87597,26.49492],[86.86568,26.47244],[86.84636,26.45265],[86.82186,26.43813],[86.79644,26.43151],[86.75189,26.44552],[86.7382,26.44371],[86.72409,26.42195],[86.7136,26.41456],[86.6952,26.41823],[86.62534,26.45632],[86.5579,26.48402],[86.53775,26.49487],[86.51062,26.52014],[86.49491,26.52784],[86.44483,26.54308],[86.38365,26.57285],[86.35367,26.58262],[86.316,26.58096],[86.30903,26.58799],[86.30861,26.60215],[86.30138,26.60902],[86.28443,26.61202],[86.26309,26.60908],[86.22516,26.5974],[86.19586,26.58267],[86.18536,26.58442],[86.16779,26.59662],[86.15265,26.60065],[86.11586,26.60256],[86.0417,26.64546],[86.01137,26.65445],[85.97571,26.64437],[85.95215,26.64204],[85.93468,26.6329],[85.86637,26.57993],[85.84476,26.56851],[85.82854,26.56613],[85.82161,26.57171],[85.81764,26.59672],[85.80973,26.60303],[85.78999,26.59703],[85.781,26.5992],[85.72705,26.6376],[85.71289,26.65321],[85.70224,26.68845],[85.70963,26.76245],[85.70183,26.79661],[85.68777,26.81185],[85.59858,26.85438],[85.51946,26.82643],[85.43962,26.78772],[85.42154,26.78266],[85.38588,26.78844],[85.35322,26.75759],[85.33704,26.74679],[85.30237,26.73734],[85.28728,26.73697],[85.19493,26.75888],[85.16568,26.78627],[85.16202,26.85102],[85.12284,26.8657],[85.10021,26.86353],[85.04399,26.84374],[85.01856,26.8458],[85.01804,26.87443],[85.00084,26.88224],[84.97577,26.88689],[84.95273,26.89764],[84.93857,26.9366],[84.92405,26.95567],[84.90157,26.96719],[84.85175,26.98213],[84.82813,26.99494],[84.81749,27.0106],[84.80193,27.01375],[84.7855,27.00848],[84.77196,26.99918],[84.7607,26.99902],[84.64024,27.02838],[84.62727,27.03649],[84.62148,27.05799],[84.63037,27.08083],[84.6544,27.12537],[84.65982,27.16511],[84.65765,27.2034],[84.6482,27.24072],[84.63192,27.27704],[84.60655,27.31048],[84.57704,27.32903],[84.28941,27.37611],[84.2677,27.38856],[84.24889,27.41244],[84.23902,27.43114],[84.22554,27.44039],[84.19525,27.43605],[84.18585,27.43864],[84.1751,27.46298],[84.16575,27.47217],[84.14172,27.48075],[84.12156,27.49496],[84.11717,27.51328],[84.09955,27.51687],[84.0796,27.50954],[84.02891,27.45373],[84.00767,27.44081],[83.97584,27.43972],[83.92302,27.44995],[83.89987,27.44386],[83.85352,27.44096],[83.83409,27.43404],[83.84272,27.41807],[83.87119,27.38944],[83.87765,27.36991],[83.87739,27.36174],[83.86173,27.35451],[83.8546,27.34505],[83.84799,27.35104],[83.802,27.36593],[83.6634,27.43228],[83.59043,27.45662],[83.48098,27.46975],[83.38703,27.47047],[83.36099,27.4622],[83.35592,27.45249],[83.35386,27.44029],[83.35582,27.42866],[83.37096,27.41021],[83.36957,27.39817],[83.36275,27.38562],[83.34114,27.35694],[83.32435,27.34169],[83.30487,27.33192],[83.28244,27.33094],[83.2595,27.33813],[83.24942,27.3481],[83.23159,27.38122],[83.21924,27.39378],[83.16963,27.4312],[83.13279,27.44422],[83.01047,27.44339],[82.94716,27.45732],[82.90128,27.48036],[82.87626,27.48755],[82.75214,27.49496],[82.72971,27.51817],[82.71886,27.55612],[82.70925,27.63092],[82.69705,27.6694],[82.67969,27.69441],[82.65214,27.70415],[82.52616,27.67521],[82.44068,27.66643],[82.40193,27.67718],[82.34792,27.72601],[82.27041,27.76048],[82.15104,27.84828],[82.09037,27.87233],[82.05161,27.90517],[82.02722,27.91241],[81.9759,27.91695],[81.9464,27.90535],[81.90609,27.86311],[81.8832,27.84905],[81.85565,27.85094],[81.75013,27.90967],[81.71039,27.94752],[81.68895,27.9632],[81.61505,27.98124],[81.5951,27.99488],[81.58218,28.01328],[81.56192,28.02599],[81.47346,28.0664],[81.45821,28.07728],[81.44824,28.11141],[81.43527,28.12978],[81.41734,28.14702],[81.39604,28.16063],[81.3732,28.16784],[81.35791,28.16598],[81.33812,28.13273],[81.3237,28.12624],[81.30706,28.12381],[81.2962,28.12831],[81.29941,28.14252],[81.28308,28.14609],[81.27678,28.15379],[81.28075,28.16198],[81.29595,28.16746],[81.28236,28.19159],[81.22432,28.25078],[81.21073,28.27864],[81.19037,28.33812],[81.1697,28.36132],[81.14634,28.37225],[81.00041,28.397],[80.99318,28.40783],[80.9878,28.43098],[80.97602,28.43692],[80.96052,28.43227],[80.94119,28.43268],[80.90527,28.44085],[80.88667,28.45279],[80.88036,28.48188],[80.87225,28.49687],[80.85799,28.50245],[80.81701,28.50255],[80.79841,28.5057],[80.78166,28.51475],[80.74353,28.54996],[80.72709,28.55968],[80.67862,28.57472],[80.66818,28.58634],[80.64834,28.61975],[80.63562,28.62787],[80.59852,28.63378],[80.56359,28.64704],[80.55687,28.65502],[80.55904,28.67303],[80.55584,28.67895],[80.5176,28.68003],[80.49755,28.67014],[80.48762,28.65647],[80.48494,28.63929],[80.49341,28.57565],[80.48845,28.56244],[80.46881,28.57185],[80.42654,28.61681],[80.40835,28.62634],[80.3883,28.62725],[80.34975,28.62022],[80.3297,28.62748],[80.31833,28.64011],[80.29105,28.68967],[80.2834,28.69536],[80.25704,28.70274],[80.23327,28.73272],[80.21643,28.74194],[80.16206,28.75328],[80.14759,28.76331],[80.11421,28.80258],[80.08186,28.81935],[80.05478,28.82418],[80.03639,28.83703],[80.03029,28.87767],[80.03112,28.8978],[80.0339,28.91594],[80.04052,28.93281],[80.05292,28.94911],[80.09943,28.97728],[80.10791,28.99459],[80.1047,29.02761],[80.11307,29.07221],[80.13261,29.11021],[80.16351,29.12337],[80.20144,29.12117],[80.22066,29.12608],[80.23307,29.13931],[80.23048,29.15473],[80.21374,29.19656],[80.2188,29.21109],[80.23606,29.21308],[80.24867,29.20439],[80.25818,29.20246],[80.27875,29.26808],[80.28278,29.29131],[80.28009,29.31015],[80.27275,29.3157],[80.25498,29.31664],[80.2495,29.327],[80.24216,29.36741],[80.22097,29.40012],[80.21374,29.41689],[80.21767,29.43464],[80.22831,29.44172],[80.25746,29.45006],[80.26345,29.45924],[80.26624,29.47213],[80.32009,29.51582],[80.32722,29.52484],[80.3236,29.54166],[80.32722,29.54858],[80.35078,29.56207],[80.37332,29.58419],[80.3852,29.60484],[80.38675,29.62682],[80.3544,29.70488],[80.3543,29.73028],[80.36898,29.75793],[80.39523,29.77658],[80.45486,29.79059],[80.47615,29.80614],[80.52731,29.86242],[80.54953,29.89368],[80.57134,29.94686],[80.58622,29.95414],[80.62229,29.95817],[80.64141,29.96344],[80.68017,29.99207],[80.71583,30.01331],[80.72575,30.02277],[80.75572,30.06457],[80.76967,30.07729],[80.82982,30.11713],[80.84967,30.14338],[80.83644,30.17005],[80.86791,30.20017],[80.88388,30.2104],[80.90331,30.18043],[80.92083,30.17666],[80.98816,30.19656],[80.99602,30.19697],[81.00651,30.18891],[81.0309,30.15273],[81.04366,30.12023],[81.0742,30.07191],[81.08485,30.02618],[81.09777,30.01693],[81.12459,30.02277],[81.1481,30.02323],[81.19451,30.00448],[81.21683,30.0082],[81.22727,30.02246],[81.22572,30.05047],[81.23952,30.05879],[81.25709,30.06354],[81.2668,30.06995],[81.27202,30.07992],[81.27595,30.09537],[81.26634,30.11775],[81.26696,30.12509],[81.2777,30.13186],[81.3224,30.13377],[81.33827,30.14354],[81.35005,30.15723],[81.35729,30.17356],[81.36183,30.20477],[81.37785,30.23263],[81.36902,30.26606],[81.36804,30.30105],[81.37155,30.31691],[81.38214,30.33128],[81.38726,30.34513],[81.38488,30.36094],[81.38752,30.37391],[81.40741,30.37918],[81.42612,30.37251],[81.46281,30.34135],[81.48307,30.3319],[81.50937,30.32838],[81.52069,30.33195],[81.53681,30.37856],[81.5767,30.39096],[81.58508,30.40812],[81.59159,30.41427],[81.61402,30.4169],[81.63572,30.41096],[81.75737,30.3629],[81.77902,30.35804],[81.84439,30.37117],[81.88718,30.355],[81.92149,30.35737],[81.94123,30.35396],[81.96903,30.32828],[81.97885,30.32683],[82.00764,30.33681],[82.04985,30.33924],[82.07321,30.33722],[82.08877,30.33009],[82.09321,30.31474],[82.0821,30.25733],[82.08499,30.23082],[82.0959,30.21345],[82.11424,30.20219],[82.14039,30.19402],[82.15569,30.18136],[82.15098,30.16224],[82.12758,30.12436],[82.13522,30.08974],[82.14453,30.06943],[82.15383,30.05817],[82.17424,30.05548],[82.21067,30.06442],[82.25573,30.03967],[82.29651,30.03682],[82.31888,30.03181],[82.3473,30.00344],[82.36374,30.00117],[82.39443,30.00313],[82.40978,29.9946],[82.43893,29.96577],[82.45706,29.95409],[82.47582,29.94551],[82.52424,29.93239],[82.54181,29.92324],[82.6185,29.83983],[82.63586,29.82903],[82.66697,29.83503],[82.67731,29.83441],[82.68899,29.82774],[82.6892,29.81958],[82.68175,29.79772],[82.69095,29.78074],[82.75152,29.73932],[82.77012,29.71416],[82.78108,29.70511],[82.81554,29.69013],[82.83658,29.65979],[82.85745,29.6662],[82.88009,29.68111],[82.89972,29.68842],[82.90913,29.68462],[82.93192,29.66418],[82.9759,29.66403],[83.0329,29.62047],[83.0545,29.58605],[83.06494,29.57879],[83.07956,29.57964],[83.09336,29.61514],[83.12669,29.62341],[83.15005,29.62564],[83.17356,29.62127],[83.18725,29.6121],[83.19718,29.5891],[83.22932,29.57595],[83.25257,29.5552],[83.26084,29.54205],[83.26332,29.52709],[83.25991,29.51877],[83.24875,29.50657],[83.2472,29.49474],[83.26394,29.47301],[83.32797,29.48502],[83.3552,29.46074],[83.35701,29.41536],[83.38724,29.3935],[83.38827,29.37022],[83.39313,29.35624],[83.42817,29.33346],[83.43721,29.30524],[83.44822,29.29677],[83.47581,29.28692],[83.49338,29.27615],[83.503,29.26103],[83.51705,29.19171],[83.52372,29.18359],[83.56139,29.17623],[83.58382,29.16215],[83.63927,29.15476],[83.65601,29.16078],[83.67508,29.20876],[83.69549,29.22618],[83.71973,29.23359],[83.77063,29.23225],[83.79321,29.23475],[83.83786,29.254],[83.86886,29.26344],[83.88344,29.28201],[83.91439,29.2894],[83.94555,29.29183],[83.95796,29.28904],[83.96726,29.2847],[83.97325,29.27702],[83.97584,29.26374],[84.0009,29.27253],[84.01252,29.2702],[84.03521,29.24762],[84.07206,29.25698],[84.08973,29.25661],[84.09914,29.247],[84.10534,29.21992],[84.11236,29.2091],[84.12601,29.20626],[84.15546,29.20664],[84.16166,29.19253],[84.1552,29.17595],[84.13226,29.1438],[84.138,29.12466],[84.16621,29.09846],[84.17546,29.0574],[84.1982,29.04531],[84.22058,29.0389],[84.23143,29.02598],[84.20672,28.94066],[84.23515,28.90002],[84.286,28.87374],[84.354,28.86129],[84.37659,28.84884],[84.39307,28.82434],[84.42273,28.79917],[84.43782,28.75334],[84.45084,28.73388],[84.47575,28.72729],[84.49859,28.72786],[84.55182,28.70639],[84.60722,28.6982],[84.61621,28.69365],[84.63264,28.66879],[84.67114,28.65895],[84.68298,28.65076],[84.67776,28.6044],[84.69083,28.59614],[84.73662,28.59417],[84.75563,28.58541],[84.78178,28.5589],[84.79914,28.54663],[84.81196,28.54198],[84.87929,28.54363],[84.91872,28.53568],[84.92849,28.53847],[84.93645,28.54477],[84.95495,28.5743],[85.00249,28.59443],[85.02528,28.62841],[85.0321,28.63407],[85.05494,28.63869],[85.07504,28.63166],[85.11189,28.60882],[85.16098,28.595],[85.16801,28.58319],[85.15375,28.5249],[85.14036,28.51092],[85.12316,28.50459],[85.11721,28.49733],[85.11556,28.47273],[85.10946,28.4593],[85.08367,28.44553],[85.07758,28.43568],[85.08569,28.38101],[85.08021,28.31879],[85.0874,28.30411],[85.10941,28.29225],[85.13416,28.29197],[85.15457,28.30086],[85.17359,28.30432],[85.20573,28.27828],[85.22392,28.27169],[85.25958,28.26693],[85.3126,28.28277],[85.32573,28.2774],[85.34536,28.26125],[85.36257,28.25967],[85.37782,28.26598],[85.40138,28.28879],[85.41523,28.29644],[85.43156,28.29706],[85.47569,28.2791],[85.52065,28.28293],[85.5653,28.27538],[85.5855,28.26319],[85.59894,28.25084],[85.61181,28.25114],[85.63909,28.28789],[85.64695,28.2937],[85.66814,28.30055],[85.67506,28.30639],[85.67914,28.3329],[85.69294,28.33522],[85.698,28.31344],[85.69976,28.2691],[85.71557,28.24337],[85.73449,28.22153],[85.7566,28.20324],[85.78275,28.1881],[85.84828,28.15893],[85.86337,28.14335],[85.87174,28.11092],[85.8891,28.09028],[85.89045,28.05919],[85.8983,28.03602],[85.90895,28.02242],[85.94398,27.99473],[85.95659,27.97623],[85.95122,27.91623],[85.96269,27.89137],[85.98026,27.88517],[86.02646,27.88993],[86.0617,27.88905],[86.07566,27.89478],[86.11286,27.9268],[86.11224,27.93726],[86.0956,27.95786],[86.09813,27.98563],[86.07917,28.00113],[86.07762,28.00695],[86.0847,28.04387],[86.07018,28.06671],[86.06873,28.07676],[86.15596,28.15652],[86.17601,28.15301],[86.18604,28.13353],[86.18717,28.1087],[86.17224,28.07183],[86.17446,28.06245],[86.18914,28.04361],[86.19601,28.01457],[86.20304,28.00258],[86.21838,27.99473],[86.23854,27.98956],[86.27807,27.98369],[86.29466,27.97238],[86.31822,27.94579],[86.32773,27.93969],[86.33755,27.93804],[86.36298,27.9461],[86.40571,27.917],[86.4253,27.90992],[86.43884,27.91086],[86.49692,27.93788],[86.51046,27.95243],[86.51676,27.97143],[86.5162,28.01224],[86.53837,28.04718],[86.54415,28.09302],[86.55356,28.10415],[86.56953,28.10661],[86.59686,28.0865],[86.61232,28.08028],[86.62715,28.08348],[86.64947,28.10118],[86.66198,28.10684],[86.68006,28.10573],[86.69965,28.09875],[86.73174,28.07692],[86.73598,28.06485],[86.7322,28.03496],[86.7398,28.0215],[86.76998,28.01209],[86.84047,28.01478],[86.86816,27.99488],[86.8769,27.97064],[86.89307,27.95419],[86.91472,27.94512],[86.94036,27.9431],[86.98873,27.95248],[87.00568,27.9515],[87.03053,27.93809],[87.062,27.90843],[87.11652,27.84458],[87.1558,27.8258],[87.182,27.8245],[87.2329,27.82972],[87.29052,27.81608],[87.31393,27.82859],[87.33584,27.84636],[87.36384,27.85525],[87.38534,27.84941],[87.38069,27.83582],[87.36912,27.81908],[87.36912,27.80394],[87.38679,27.8044],[87.47557,27.8267],[87.53159,27.8368],[87.55133,27.83189],[87.56507,27.81086],[87.57334,27.80502],[87.58998,27.80461],[87.63608,27.82365],[87.65995,27.81988],[87.70047,27.80564],[87.72682,27.80776],[87.75638,27.82037],[87.77984,27.83944],[87.82588,27.90657],[87.83668,27.90832],[87.85612,27.89861],[87.93456,27.8953],[87.97843,27.88052],[88.02995,27.89334],[88.0528,27.88652],[88.09574,27.86533],[88.14302,27.85572]]]]}},{"type":"Feature","properties":{"code":"PAK","name":"Pakistan"},"geometry":{"type":"MultiPolygon","coordinates":[[[[67.1434,31.23937],[67.21376,31.21226],[67.28218,31.21277],[67.3462,31.20776],[67.3646,31.21071],[67.4339,31.23608],[67.49333,31.24295],[67.53022,31.25665],[67.58366,31.26522],[67.60216,31.27112],[67.66593,31.30626],[67.6928,31.32522],[67.70902,31.3293],[67.74944,31.32801],[67.76473,31.33406],[67.77507,31.35276],[67.77036,31.39467],[67.73429,31.40475],[67.65115,31.39529],[67.63141,31.4001],[67.61146,31.4108],[67.59699,31.42568],[67.5911,31.4648],[67.5634,31.49725],[67.55611,31.51219],[67.56898,31.52986],[67.6005,31.53048],[67.66546,31.51813],[67.69631,31.52082],[67.7267,31.53141],[67.78116,31.56417],[67.84271,31.6235],[67.87067,31.63518],[67.9147,31.63135],[67.95521,31.63321],[67.96606,31.63822],[67.97733,31.65187],[67.99407,31.66344],[68.04658,31.6884],[68.05226,31.69543],[68.05557,31.71657],[68.06048,31.72556],[68.0935,31.75155],[68.12574,31.8115],[68.13856,31.82467],[68.15913,31.82591],[68.20682,31.80788],[68.2323,31.79015],[68.25504,31.76638],[68.35606,31.76251],[68.46097,31.73047],[68.49802,31.72525],[68.51518,31.72995],[68.53683,31.74101],[68.5498,31.75352],[68.5406,31.76251],[68.52127,31.76478],[68.46143,31.76359],[68.43957,31.76659],[68.42221,31.77315],[68.41875,31.78302],[68.43818,31.79604],[68.48148,31.81568],[68.5051,31.82266],[68.52748,31.82297],[68.56106,31.81181],[68.61946,31.78349],[68.67579,31.7747],[68.68829,31.7686],[68.69491,31.75636],[68.6979,31.71595],[68.70545,31.70127],[68.73118,31.67554],[68.77728,31.61859],[68.80384,31.60257],[68.84353,31.6065],[68.90699,31.6343],[68.94099,31.64365],[68.97727,31.64148],[69.00404,31.65109],[69.04011,31.67311],[69.07163,31.69786],[69.08475,31.71579],[69.10005,31.72401],[69.11431,31.73775],[69.22376,31.88193],[69.25095,31.90705],[69.29885,31.93769],[69.30479,31.94694],[69.30216,31.95991],[69.27063,32.03598],[69.25105,32.13065],[69.25188,32.15225],[69.25952,32.19452],[69.25999,32.23682],[69.2681,32.30134],[69.26443,32.32237],[69.23854,32.37828],[69.228,32.4213],[69.23286,32.46267],[69.25157,32.50055],[69.28195,32.5328],[69.3021,32.54378],[69.34355,32.55605],[69.36122,32.56848],[69.41393,32.63548],[69.42602,32.65509],[69.42913,32.66736],[69.41466,32.72558],[69.38324,32.74446],[69.37807,32.75232],[69.37631,32.77188],[69.38716,32.78534],[69.42106,32.80681],[69.44556,32.83567],[69.47729,32.85683],[69.48721,32.88588],[69.4685,32.99429],[69.48773,33.02837],[69.51418,33.05669],[69.54752,33.07501],[69.64069,33.08424],[69.66777,33.077],[69.68601,33.08077],[69.73298,33.1093],[69.77184,33.11478],[69.83871,33.08666],[69.88093,33.08925],[69.95581,33.1277],[69.99472,33.12733],[70.00687,33.1318],[70.01452,33.14077],[70.048,33.19407],[70.05978,33.19805],[70.08366,33.19128],[70.10536,33.18981],[70.12479,33.19903],[70.29445,33.31895],[70.30158,33.35179],[70.28572,33.38287],[70.233,33.43261],[70.22045,33.45602],[70.21337,33.46134],[70.17761,33.47341],[70.16376,33.48866],[70.15497,33.50661],[70.15136,33.52586],[70.15301,33.54475],[70.17347,33.60787],[70.17409,33.63211],[70.17022,33.63867],[70.14598,33.64988],[70.13255,33.66144],[70.11813,33.71652],[70.10815,33.7273],[70.06557,33.72102],[70.01183,33.74032],[69.97266,33.74484],[69.95752,33.7527],[69.93132,33.80644],[69.90755,33.83561],[69.89876,33.8515],[69.88543,33.88946],[69.87649,33.90256],[69.84719,33.92695],[69.84109,33.9418],[69.87199,33.97152],[69.87261,34.01723],[69.88925,34.03121],[69.91602,34.03888],[69.96909,34.04573],[70.00284,34.04379],[70.21884,33.98069],[70.27559,33.97617],[70.3099,33.96168],[70.32819,33.95728],[70.40896,33.95441],[70.49149,33.93961],[70.52198,33.9387],[70.65618,33.95475],[70.79132,33.95356],[70.86222,33.96478],[70.87999,33.99426],[70.88433,34.00705],[70.89431,34.00937],[70.92123,34.00224],[70.93973,34.00092],[70.95399,34.00482],[70.97714,34.02741],[71.0467,34.04188],[71.06262,34.05425],[71.06727,34.07301],[71.06277,34.10531],[71.07388,34.12526],[71.10179,34.15182],[71.10809,34.16523],[71.10949,34.18921],[71.09688,34.24434],[71.09709,34.26246],[71.12639,34.33222],[71.12205,34.35682],[71.05094,34.38979],[71.01983,34.41444],[70.99151,34.44307],[70.97084,34.46888],[70.96123,34.48761],[70.95565,34.51001],[70.95699,34.532],[70.96867,34.54973],[70.98583,34.55619],[71.04753,34.55112],[71.06582,34.55846],[71.07657,34.57851],[71.07988,34.6029],[71.06877,34.64595],[71.07016,34.66124],[71.0806,34.67292],[71.15093,34.72031],[71.18954,34.73705],[71.20308,34.74816],[71.25563,34.81023],[71.27082,34.84428],[71.28948,34.87503],[71.32493,34.89756],[71.45996,34.94267],[71.46957,34.9497],[71.48538,34.9835],[71.49334,34.99414],[71.51132,35.00872],[71.51298,35.01812],[71.5075,35.0282],[71.50895,35.07202],[71.53499,35.09858],[71.60414,35.13817],[71.62925,35.1701],[71.63793,35.18969],[71.63369,35.20312],[71.6032,35.22338],[71.54781,35.27563],[71.52982,35.3009],[71.53158,35.32792],[71.56228,35.36058],[71.61106,35.39546],[71.62088,35.41014],[71.62243,35.42962],[71.61395,35.44321],[71.58781,35.47091],[71.58171,35.49313],[71.59287,35.53018],[71.59349,35.54936],[71.58419,35.56419],[71.56786,35.57421],[71.51277,35.59628],[71.49272,35.60956],[71.48332,35.62656],[71.49592,35.64661],[71.51401,35.66558],[71.5198,35.68377],[71.51536,35.70149],[71.50275,35.71906],[71.47556,35.74102],[71.47112,35.75229],[71.47091,35.77994],[71.4644,35.79472],[71.43102,35.8437],[71.4167,35.85885],[71.37133,35.88515],[71.36069,35.90029],[71.3564,35.93305],[71.34157,35.94726],[71.25744,35.97155],[71.23191,35.99398],[71.17093,36.027],[71.16592,36.04571],[71.17538,36.06116],[71.20762,36.08762],[71.2177,36.11806],[71.22307,36.12539],[71.30209,36.16332],[71.30901,36.17273],[71.31397,36.19402],[71.31914,36.20058],[71.38244,36.21857],[71.40275,36.23138],[71.47908,36.30052],[71.49582,36.30962],[71.53892,36.31928],[71.55835,36.32786],[71.54223,36.35639],[71.54719,36.37163],[71.5723,36.39168],[71.58036,36.40233],[71.60072,36.4493],[71.61044,36.45793],[71.62915,36.45953],[71.6493,36.45276],[71.70687,36.42145],[71.73632,36.39592],[71.751,36.39111],[71.78263,36.39654],[71.79441,36.4076],[71.79151,36.42129],[71.77456,36.44842],[71.77322,36.48005],[71.79379,36.49074],[71.85859,36.49416],[71.87471,36.49906],[71.91347,36.52759],[71.96091,36.5496],[71.97703,36.56304],[71.99781,36.57245],[72.03884,36.58046],[72.05496,36.59286],[72.0563,36.6019],[72.05041,36.61864],[72.0591,36.62712],[72.0961,36.6389],[72.15418,36.64546],[72.17165,36.65363],[72.16462,36.67006],[72.14963,36.68934],[72.15346,36.7021],[72.16968,36.71135],[72.21361,36.72644],[72.30197,36.74272],[72.34621,36.74489],[72.38734,36.75579],[72.43313,36.75342],[72.45411,36.75796],[72.51674,36.8006],[72.56521,36.8206],[72.6296,36.83295],[72.69585,36.83672],[72.77936,36.8268],[72.86773,36.83042],[72.94586,36.85222],[72.97676,36.84209],[72.99051,36.84158],[73.02627,36.85946],[73.0425,36.86426],[73.19184,36.87703],[73.2675,36.86654],[73.33178,36.88209],[73.37974,36.87925],[73.44588,36.88648],[73.50934,36.87868],[73.64008,36.89664],[73.71184,36.89414],[73.70892,36.87382],[73.71171,36.86111],[73.72028,36.85114],[73.73775,36.84344],[73.77475,36.83811],[73.79894,36.82799],[73.81299,36.81569],[73.86901,36.78499],[73.8873,36.77052],[73.89206,36.7515],[73.88637,36.73404],[73.88813,36.71993],[73.88575,36.71419],[73.87397,36.71104],[73.80193,36.72846],[73.78716,36.7284],[73.76163,36.71606],[73.72122,36.72711],[73.69538,36.71037],[73.67863,36.70396],[73.65486,36.71058],[73.62231,36.71016],[73.61352,36.71559],[73.59512,36.73548],[73.57104,36.72773],[73.55316,36.73233],[73.51988,36.73073],[73.45384,36.74722],[73.41601,36.75207],[73.29633,36.71745],[73.2708,36.71848],[73.21344,36.7129],[73.19236,36.72825],[73.17655,36.73486],[73.13055,36.70939],[73.0734,36.69854],[73.07133,36.69497],[73.0734,36.6636],[73.09304,36.61771],[73.09448,36.6033],[73.07216,36.57363],[73.06306,36.54898],[73.055,36.53963],[73.04219,36.53116],[72.98917,36.51446],[72.97986,36.5078],[72.98958,36.48377],[72.98493,36.47276],[72.95599,36.46811],[72.92602,36.46837],[72.89574,36.46155],[72.88995,36.4571],[72.88592,36.43891],[72.88654,36.39706],[72.87693,36.38429],[72.86928,36.37969],[72.83021,36.37039],[72.78453,36.32879],[72.76727,36.32001],[72.73771,36.31096],[72.7188,36.30011],[72.69244,36.27107],[72.68087,36.26931],[72.65451,36.2781],[72.62185,36.27665],[72.60748,36.27272],[72.59426,36.26425],[72.57204,36.2427],[72.5649,36.23014],[72.55136,36.17356],[72.56211,36.14999],[72.56025,36.14389],[72.53173,36.11232],[72.52914,36.09754],[72.54124,36.07253],[72.57917,36.04276],[72.58909,36.01615],[72.5156,35.90396],[72.65585,35.85414],[72.75001,35.84484],[72.79238,35.83756],[72.80613,35.83869],[72.81802,35.8512],[72.85615,35.87022],[72.87217,35.8743],[72.9716,35.87812],[73.01645,35.86112],[73.04219,35.85606],[73.0643,35.85952],[73.08063,35.87342],[73.08839,35.8759],[73.10833,35.85616],[73.14957,35.83192],[73.15474,35.8249],[73.15133,35.81745],[73.12849,35.79632],[73.12311,35.74449],[73.12559,35.7248],[73.13531,35.71498],[73.22781,35.66366],[73.25158,35.64506],[73.29044,35.62284],[73.30708,35.60031],[73.3292,35.59545],[73.35473,35.59685],[73.38253,35.58822],[73.39235,35.58016],[73.40971,35.54775],[73.44258,35.56176],[73.46573,35.55757],[73.5048,35.53385],[73.56608,35.54181],[73.62954,35.543],[73.75842,35.52703],[73.77206,35.52197],[73.77847,35.50233],[73.78416,35.44714],[73.74251,35.42776],[73.72752,35.41763],[73.69021,35.35743],[73.68742,35.31015],[73.71842,35.2641],[73.72028,35.25464],[73.71481,35.23015],[73.72215,35.21573],[73.73227,35.20938],[73.73868,35.20979],[73.7731,35.23449],[73.80962,35.23352],[73.83935,35.22183],[73.86435,35.2023],[73.88782,35.20808],[73.9243,35.19889],[73.95407,35.17072],[73.96068,35.16917],[73.9767,35.17434],[73.99228,35.17527],[74.00264,35.17129],[74.00636,35.16515],[74.03148,35.1468],[74.10186,35.14049],[74.10517,35.12137],[74.1244,35.10509],[74.1247,35.0992],[74.09938,35.09274],[74.08843,35.08504],[74.07654,35.07202],[74.06755,35.05538],[74.06621,35.04551],[74.06962,35.0391],[74.09267,35.0267],[74.10135,35.01394],[74.10031,35.00965],[74.06693,34.98179],[74.06145,34.94169],[74.0568,34.93291],[74.03417,34.91451],[74.02425,34.8881],[74.01784,34.88066],[73.98911,34.86878],[73.95438,34.86268],[73.93722,34.8494],[73.92379,34.83353],[73.884,34.81069],[73.8411,34.8141],[73.8195,34.81049],[73.78912,34.7941],[73.75842,34.7925],[73.74023,34.78475],[73.71884,34.77132],[73.70127,34.75566],[73.6808,34.7153],[73.65083,34.6767],[73.64794,34.66781],[73.65972,34.64398],[73.65951,34.63365],[73.63895,34.58549],[73.62344,34.56399],[73.61844,34.56404],[73.61383,34.56921],[73.60535,34.58492],[73.59316,34.58833],[73.56577,34.58492],[73.53404,34.57164],[73.49415,34.57494],[73.46407,34.57055],[73.45446,34.56637],[73.44712,34.55805],[73.44495,34.53686],[73.43668,34.52216],[73.43751,34.48772],[73.42748,34.47003],[73.42592,34.43033],[73.41508,34.39764],[73.4002,34.37553],[73.40713,34.35504],[73.44723,34.30597],[73.45953,34.2824],[73.4741,34.26918],[73.49043,34.19835],[73.49043,34.12949],[73.50852,34.06839],[73.51864,34.00777],[73.57983,33.91046],[73.58252,33.87674],[73.56722,33.80344],[73.57642,33.77714],[73.58851,33.76233],[73.59574,33.74562],[73.60029,33.70859],[73.57745,33.66324],[73.57838,33.64756],[73.57311,33.63366],[73.57642,33.62637],[73.60381,33.60593],[73.61466,33.59312],[73.63285,33.55684],[73.63502,33.5408],[73.63099,33.53118],[73.61817,33.52617],[73.61466,33.51966],[73.6282,33.4617],[73.62758,33.45207],[73.60422,33.44158],[73.5944,33.41173],[73.57383,33.3874],[73.57642,33.36954],[73.60319,33.33303],[73.59347,33.3043],[73.60029,33.24671],[73.57983,33.23926],[73.58117,33.22916],[73.59471,33.2282],[73.61466,33.23244],[73.62076,33.212],[73.64928,33.19485],[73.65486,33.18469],[73.65455,33.17304],[73.64442,33.15439],[73.64535,33.14309],[73.62251,33.12449],[73.6405,33.1033],[73.67274,33.08491],[73.73196,33.06266],[73.76349,33.04566],[73.7732,33.03065],[73.80586,33.01514],[73.8224,33.01321],[73.8595,33.02698],[73.90735,33.02995],[73.92606,33.02597],[73.94301,33.01819],[73.95624,33.00618],[73.98301,32.96907],[74.31699,32.82307],[74.3065,32.80991],[74.31632,32.79108],[74.32934,32.77642],[74.34619,32.76689],[74.36769,32.76353],[74.38639,32.76777],[74.41895,32.78462],[74.43869,32.78598],[74.45533,32.7786],[74.48448,32.75353],[74.50091,32.74601],[74.52096,32.74529],[74.57377,32.75255],[74.59341,32.75787],[74.61408,32.7704],[74.63589,32.82208],[74.65356,32.83743],[74.67175,32.84058],[74.68529,32.83123],[74.68912,32.80882],[74.68229,32.78733],[74.65697,32.74534],[74.64974,32.72315],[74.65015,32.70124],[74.65728,32.66059],[74.65604,32.64067],[74.62958,32.58809],[74.63258,32.56817],[74.66255,32.49838],[74.68932,32.47135],[74.72498,32.46081],[74.76353,32.46267],[74.79939,32.47267],[74.83815,32.47487],[74.90698,32.44518],[74.94843,32.44877],[74.9907,32.46337],[75.02367,32.46626],[75.05488,32.45554],[75.09219,32.42934],[75.12599,32.41174],[75.19616,32.3973],[75.23017,32.3802],[75.32691,32.31247],[75.35295,32.28439],[75.35905,32.26168],[75.34861,32.24201],[75.31657,32.21075],[75.3084,32.1939],[75.29466,32.14889],[75.26334,32.15091],[75.24991,32.14889],[75.19575,32.12863],[75.17312,32.10972],[75.17415,32.08683],[75.13839,32.09349],[75.11896,32.08104],[75.10211,32.0781],[75.04082,32.09799],[75.02264,32.09468],[75.03018,32.06642],[74.99556,32.0674],[74.98615,32.06321],[74.96786,32.03789],[74.95566,32.03221],[74.93137,32.02983],[74.90884,32.0319],[74.8891,32.0289],[74.87319,32.01169],[74.82864,32.02544],[74.81128,32.00373],[74.80249,31.96885],[74.78368,31.94286],[74.76301,31.93898],[74.69842,31.95025],[74.67,31.90415],[74.65718,31.89568],[74.64106,31.89056],[74.56561,31.84054],[74.55042,31.827],[74.5408,31.81088],[74.53512,31.77114],[74.52303,31.75848],[74.51621,31.73739],[74.50329,31.73057],[74.48944,31.71119],[74.49946,31.69988],[74.55558,31.61223],[74.58452,31.51751],[74.6146,31.47782],[74.61718,31.45891],[74.61191,31.4402],[74.5716,31.38925],[74.53222,31.30321],[74.5253,31.28021],[74.52509,31.23541],[74.50907,31.19567],[74.50639,31.17541],[74.51486,31.14182],[74.53677,31.11516],[74.5531,31.10896],[74.59692,31.11578],[74.61698,31.11526],[74.63196,31.10751],[74.65883,31.08379],[74.60096,31.05661],[74.57946,31.04271],[74.56426,31.02503],[74.56406,31.00436],[74.51931,30.96245],[74.49946,30.95651],[74.45854,30.95341],[74.44158,30.94617],[74.42432,30.93232],[74.41337,30.91506],[74.40913,30.90101],[74.40128,30.8931],[74.34247,30.90194],[74.32976,30.89961],[74.31922,30.89341],[74.30402,30.87403],[74.31136,30.85595],[74.3002,30.83817],[74.27994,30.82468],[74.2602,30.81941],[74.25669,30.81528],[74.26671,30.78835],[74.23571,30.76412],[74.21514,30.73745],[74.19116,30.71704],[74.18465,30.69684],[74.17008,30.68717],[74.16367,30.6649],[74.15571,30.65958],[74.13266,30.65549],[74.11148,30.64624],[74.09587,30.63715],[74.06745,30.61054],[74.05711,30.59157],[74.06145,30.5556],[74.05753,30.53137],[74.04409,30.51866],[74.0044,30.50894],[73.93908,30.42605],[73.92926,30.41908],[73.91666,30.41716],[73.89991,30.42212],[73.90611,30.39484],[73.88761,30.39654],[73.86767,30.38745],[73.85175,30.37267],[73.84234,30.35298],[73.89164,30.32978],[73.9119,30.30378],[73.93464,30.26105],[73.9489,30.21728],[73.94435,30.18829],[73.77827,30.06731],[73.73972,30.04845],[73.55782,30.01254],[73.38522,29.94231],[73.37033,29.92732],[73.23287,29.5366],[73.05087,29.22822],[72.98865,29.15463],[72.96292,29.11683],[72.93036,29.04768],[72.91816,29.03285],[72.90152,29.02262],[72.38218,28.78401],[72.35458,28.76719],[72.28027,28.68716],[72.2565,28.64559],[72.19779,28.44488],[72.17764,28.39705],[72.14994,28.35377],[72.11098,28.31763],[71.9882,28.2281],[71.9083,28.13557],[71.89693,28.11555],[71.89156,28.0971],[71.87998,27.97491],[71.8744,27.95969],[71.86086,27.95021],[71.56073,27.86853],[71.47712,27.86244],[71.39779,27.86838],[71.31144,27.86171],[71.22633,27.84536],[71.15068,27.82241],[70.91379,27.71782],[70.83157,27.70146],[70.76176,27.70978],[70.71039,27.74115],[70.67174,27.7911],[70.64073,27.85479],[70.63763,27.87422],[70.64161,27.91127],[70.63319,27.93163],[70.6212,27.94414],[70.59288,27.9645],[70.55981,27.99845],[70.5349,28.01596],[70.50679,28.02896],[70.45625,28.03979],[70.39827,28.02165],[70.34194,28.01147],[70.32385,28.00044],[70.26773,27.94527],[70.199,27.90096],[70.10195,27.81174],[70.09069,27.79355],[70.01689,27.60059],[69.99354,27.57108],[69.90806,27.49729],[69.84802,27.41037],[69.73061,27.31032],[69.66611,27.27002],[69.57558,27.18842],[69.53444,27.12558],[69.50757,27.05008],[69.46509,26.80777],[69.47284,26.76658],[69.50416,26.73516],[69.6594,26.6777],[69.70022,26.653],[69.77226,26.59507],[69.81556,26.58029],[70.05606,26.58908],[70.09368,26.58039],[70.1296,26.56251],[70.15807,26.53011],[70.16293,26.49332],[70.15699,26.41095],[70.1605,26.37131],[70.14247,26.31369],[70.15161,26.25406],[70.14691,26.21742],[70.13203,26.18047],[70.07828,26.09965],[70.07389,26.08311],[70.07291,26.04746],[70.06428,25.99552],[70.06464,25.98033],[70.08325,25.92994],[70.11498,25.88173],[70.15425,25.83941],[70.19559,25.80695],[70.21399,25.78633],[70.23445,25.73099],[70.24923,25.70768],[70.26458,25.6973],[70.3037,25.68458],[70.36013,25.67347],[70.47723,25.67632],[70.51666,25.68386],[70.55443,25.69879],[70.59226,25.70882],[70.63231,25.70138],[70.65386,25.67446],[70.65748,25.63363],[70.64662,25.43137],[70.65448,25.39659],[70.67039,25.37556],[70.7105,25.33587],[70.7231,25.2873],[70.73489,25.26735],[70.76837,25.23309],[70.83142,25.18332],[70.84857,25.16332],[70.85989,25.13945],[70.89333,25.00189],[70.91524,24.94662],[70.94304,24.89406],[71.00319,24.8082],[71.03694,24.72074],[71.06386,24.68258],[71.04334,24.66906],[70.97714,24.63969],[70.96278,24.61578],[70.95482,24.58452],[70.95777,24.55602],[70.98087,24.53473],[70.9819,24.52853],[70.97322,24.48724],[70.97714,24.46494],[71.00009,24.4529],[71.04009,24.44678],[71.07502,24.43642],[71.08277,24.41151],[71.07306,24.4021],[71.0251,24.38629],[71.00712,24.36397],[70.99668,24.3566],[70.97714,24.35725],[70.95534,24.3659],[70.93632,24.3672],[70.91772,24.36172],[70.85653,24.32381],[70.84093,24.30583],[70.84454,24.28829],[70.85757,24.27167],[70.85147,24.26488],[70.81359,24.25446],[70.77602,24.23669],[70.75545,24.23144],[70.62151,24.24116],[70.58471,24.2579],[70.56766,24.27281],[70.56022,24.28725],[70.55536,24.32702],[70.54565,24.36218],[70.54647,24.37314],[70.56921,24.38988],[70.57521,24.40004],[70.56291,24.42409],[70.52095,24.42492],[70.41635,24.40195],[70.37077,24.37236],[70.3532,24.36627],[70.29853,24.36342],[70.2791,24.35508],[70.24256,24.33061],[70.2022,24.32557],[70.14459,24.3079],[70.1097,24.3049],[70.09787,24.29883],[70.08717,24.28255],[70.06299,24.22031],[70.05214,24.20206],[70.01596,24.17406],[69.97204,24.16522],[69.76905,24.16256],[69.71459,24.16858],[69.67056,24.18871],[69.59232,24.26462],[69.56307,24.27676],[69.28082,24.28374],[69.20625,24.25857],[69.16671,24.25317],[69.14821,24.25666],[69.09189,24.2819],[69.0677,24.28844],[69.04848,24.28524],[69.00781,24.26457],[68.98078,24.25539],[68.96264,24.25723],[68.94869,24.27028],[68.92197,24.31051],[68.9042,24.32058],[68.8903,24.31947],[68.88508,24.31356],[68.88012,24.29736],[68.8489,24.24402],[68.83877,24.23646],[68.81965,24.2503],[68.81382,24.30844],[68.79919,24.32908],[68.74731,24.33118],[68.72591,24.28922],[68.72447,23.96518],[68.43156,23.96714],[68.38547,23.96042],[68.35364,23.93929],[68.34888,23.96461],[68.34263,23.96856],[68.33043,23.96657],[68.32986,23.95815],[68.33503,23.941],[68.31405,23.91591],[68.30041,23.9105],[68.2862,23.91637],[68.274,23.93769],[68.26393,23.93593],[68.25493,23.92911],[68.25266,23.92009],[68.25194,23.90482],[68.26036,23.89554],[68.25679,23.89193],[68.23995,23.89312],[68.20729,23.87702],[68.18304,23.84211],[68.15748,23.9051],[68.15748,23.86416],[68.17058,23.83991],[68.16676,23.82001],[68.14869,23.78091],[68.14332,23.76114],[68.14422,23.74315],[68.1548,23.7143],[68.15748,23.69623],[68.1491,23.69452],[68.10222,23.73383],[68.09889,23.7093],[68.08172,23.70869],[68.06276,23.72313],[68.05388,23.74372],[68.05698,23.75096],[68.07439,23.76484],[68.07325,23.78343],[68.08172,23.80565],[68.08823,23.80952],[68.10222,23.80952],[68.10222,23.81574],[68.07252,23.84186],[68.05942,23.86188],[68.05388,23.88467],[68.06373,23.92316],[68.0477,23.92121],[68.01352,23.93928],[68.04152,23.85224],[68.05388,23.82941],[68.02442,23.7746],[68.01352,23.76854],[68.00799,23.77424],[67.99928,23.80581],[67.99415,23.81118],[67.98316,23.80964],[67.97193,23.80207],[67.95086,23.8089],[67.94166,23.81586],[67.93426,23.83299],[67.90992,23.83625],[67.90463,23.84626],[67.90594,23.85928],[67.89991,23.86758],[67.89194,23.86957],[67.86891,23.85049],[67.86451,23.86579],[67.86329,23.90282],[67.85524,23.91193],[67.83904,23.82339],[67.83172,23.80952],[67.80258,23.81281],[67.7732,23.82111],[67.7186,23.8437],[67.73072,23.8356],[67.74106,23.82306],[67.74366,23.80878],[67.73227,23.79523],[67.71567,23.79169],[67.69361,23.79344],[67.65659,23.80207],[67.63771,23.80174],[67.6316,23.80345],[67.62924,23.81265],[67.63071,23.82477],[67.64291,23.85049],[67.65105,23.90705],[67.65659,23.91938],[67.65659,23.9256],[67.65203,23.92528],[67.6504,23.93305],[67.63803,23.91592],[67.63738,23.87425],[67.62924,23.85668],[67.61451,23.85008],[67.59962,23.85423],[67.58937,23.86652],[67.58839,23.88467],[67.57456,23.87177],[67.56609,23.87645],[67.55812,23.88866],[67.54664,23.89826],[67.53256,23.89916],[67.53012,23.89126],[67.5359,23.88003],[67.54664,23.871],[67.49106,23.88312],[67.47853,23.89151],[67.50262,23.89289],[67.51254,23.89826],[67.54054,23.93928],[67.50904,23.92324],[67.49887,23.9256],[67.49692,23.93561],[67.50636,23.97403],[67.46363,23.982],[67.45118,23.9877],[67.46811,24.02196],[67.4782,24.03242],[67.4922,24.02802],[67.51987,24.04507],[67.5298,24.05492],[67.53305,24.07026],[67.50978,24.05207],[67.48911,24.0541],[67.4673,24.06415],[67.44068,24.07026],[67.38356,24.0668],[67.35402,24.07087],[67.34132,24.08637],[67.33709,24.11896],[67.29558,24.1992],[67.29233,24.26187],[67.27914,24.28124],[67.29282,24.30296],[67.28598,24.32958],[67.30592,24.34284],[67.33644,24.34642],[67.36248,24.34394],[67.34254,24.35383],[67.32537,24.35761],[67.28297,24.35761],[67.27166,24.36909],[67.27361,24.39509],[67.28663,24.43952],[67.27361,24.42695],[67.2588,24.41909],[67.25685,24.44497],[67.24684,24.46796],[67.21095,24.50845],[67.2308,24.52509],[67.22674,24.53238],[67.20411,24.5351],[67.19459,24.54727],[67.18865,24.56135],[67.1836,24.59032],[67.21811,24.58242],[67.23666,24.58397],[67.25262,24.59032],[67.209,24.61376],[67.19044,24.61766],[67.15992,24.61225],[67.15211,24.61571],[67.14959,24.63508],[67.15699,24.66291],[67.17555,24.68871],[67.19996,24.71064],[67.22462,24.72696],[67.25294,24.74038],[67.25554,24.74799],[67.24513,24.76166],[67.23268,24.77074],[67.17604,24.75772],[67.16733,24.76016],[67.15602,24.79157],[67.1434,24.80176],[67.1434,31.23937]]],[[[67.39039,24.04926],[67.41326,24.04877],[67.45802,24.06273],[67.48536,24.04853],[67.46518,24.0406],[67.45395,24.01341],[67.42693,24.00751],[67.40943,24.0135],[67.3934,24.02806],[67.38152,24.04621],[67.3755,24.06273],[67.39039,24.04926]]]]}},{"type":"Feature","properties":{"code":"LKA","name":"Sri Lanka"},"geometry":{"type":"MultiPolygon","coordinates":[[[[79.70297,9.07998],[79.69801,9.08959],[79.70118,9.09919],[79.71412,9.10358],[79.7588,9.10358],[79.799,9.09333],[79.84164,9.07722],[79.88234,9.05378],[79.91652,9.02098],[79.90008,9.0244],[79.87127,9.03856],[79.85434,9.04149],[79.90073,8.98908],[79.90968,8.97321],[79.88575,8.97622],[79.87013,8.98819],[79.85939,9.00121],[79.84099,9.0126],[79.79982,9.04898],[79.75896,9.06704],[79.70297,9.07998]]],[[[79.72283,9.49262],[79.71469,9.48505],[79.68946,9.48359],[79.66603,9.49128],[79.65577,9.50389],[79.65577,9.54487],[79.6587,9.55536],[79.66529,9.55402],[79.67628,9.53498],[79.69353,9.52961],[79.71412,9.52806],[79.71925,9.52436],[79.7308,9.50019],[79.72283,9.49262]]],[[[79.88038,9.62861],[79.86492,9.65152],[79.84067,9.69941],[79.85174,9.71654],[79.85426,9.73847],[79.86052,9.75625],[79.88234,9.76089],[79.89405,9.75739],[79.89503,9.74897],[79.88844,9.72362],[79.89039,9.69831],[79.8947,9.68818],[79.90284,9.67894],[79.92644,9.67894],[79.9297,9.67597],[79.9336,9.65473],[79.9734,9.63378],[79.97788,9.62434],[79.97096,9.61726],[79.95777,9.61717],[79.92652,9.62946],[79.90854,9.61896],[79.89584,9.6175],[79.88038,9.62861]]],[[[81.73707,7.67097],[81.72511,7.69892],[81.72999,7.72818],[81.72511,7.73994],[81.73797,7.72748],[81.75026,7.69864],[81.75929,7.68529],[81.77076,7.65469],[81.80633,7.59858],[81.82325,7.51138],[81.8226,7.49136],[81.80779,7.47919],[81.78736,7.49681],[81.79029,7.57172],[81.78736,7.59345],[81.77638,7.60273],[81.73878,7.66047],[81.73707,7.67097]]],[[[81.87843,7.07612],[81.88868,7.04076],[81.89031,7.01992],[81.88461,6.98017],[81.83855,6.82144],[81.83155,6.76537],[81.81715,6.73749],[81.80828,6.70795],[81.7798,6.6636],[81.78663,6.63927],[81.77564,6.61042],[81.68149,6.46214],[81.65008,6.43085],[81.59205,6.38988],[81.57309,6.38422],[81.5477,6.37067],[81.36207,6.22541],[81.32496,6.20539],[81.20444,6.16275],[81.20265,6.17805],[81.19549,6.18366],[81.18767,6.18159],[81.1819,6.15672],[81.17644,6.15038],[81.11256,6.12031],[81.00847,6.09805],[80.95802,6.0808],[80.90268,6.07079],[80.87745,6.0611],[80.86232,6.03986],[80.83522,6.04515],[80.80909,6.0351],[80.73211,5.97842],[80.71437,5.95791],[80.67335,5.96035],[80.65626,5.95791],[80.62916,5.94505],[80.60483,5.92691],[80.59083,5.92373],[80.53956,5.94428],[80.4817,5.93744],[80.46518,5.94066],[80.4568,5.94892],[80.44402,5.97089],[80.42709,5.96109],[80.41196,5.95995],[80.37859,5.96475],[80.36622,5.97626],[80.35841,5.97842],[80.3462,5.97077],[80.34099,5.97093],[80.32732,5.98526],[80.27752,6.003],[80.24757,6.00918],[80.22584,6.02656],[80.21119,6.03364],[80.20387,6.02619],[80.18523,6.04116],[80.094,6.13605],[80.09311,6.14875],[80.07814,6.16934],[80.03199,6.26634],[80.03053,6.29238],[80.02052,6.31464],[80.01206,6.36131],[79.99366,6.39411],[79.97788,6.4582],[79.9642,6.47187],[79.96534,6.47773],[79.97788,6.4787],[79.96957,6.53535],[79.86305,6.8072],[79.84816,6.8902],[79.84816,6.96214],[79.85922,6.98867],[79.86158,7.01187],[79.81373,7.18073],[79.82032,7.20551],[79.82,7.19025],[79.83383,7.1645],[79.84816,7.12295],[79.85434,7.12295],[79.8558,7.13251],[79.86183,7.13662],[79.86158,7.16743],[79.85434,7.19184],[79.83644,7.1979],[79.83058,7.20181],[79.82634,7.2104],[79.83383,7.23282],[79.78468,7.58979],[79.77858,7.60273],[79.78582,7.60757],[79.79298,7.60273],[79.80201,7.65933],[79.78883,7.68818],[79.78598,7.74335],[79.76026,7.86839],[79.74838,7.89301],[79.73829,7.94473],[79.72193,7.98554],[79.69679,8.09829],[79.69679,8.13032],[79.70362,8.12348],[79.7072,8.14208],[79.70192,8.20116],[79.69679,8.21906],[79.71323,8.2298],[79.72877,8.2497],[79.74,8.27237],[79.74903,8.30386],[79.77858,8.35004],[79.76336,8.3144],[79.74448,8.28116],[79.75709,8.26374],[79.76678,8.25991],[79.77858,8.26],[79.7588,8.21288],[79.7461,8.20612],[79.74448,8.1645],[79.72755,8.11091],[79.7295,8.08112],[79.75196,8.05463],[79.73194,8.01313],[79.76384,7.99014],[79.81023,7.98652],[79.83383,8.00308],[79.82936,8.0209],[79.81886,8.04019],[79.80641,8.05565],[79.7964,8.062],[79.79347,8.07282],[79.82716,8.13654],[79.82586,8.1481],[79.81349,8.17129],[79.81349,8.21288],[79.8047,8.22899],[79.80665,8.24018],[79.82447,8.26667],[79.82716,8.27774],[79.83863,8.34052],[79.84816,8.43818],[79.8659,8.46141],[79.86801,8.51765],[79.87379,8.53807],[79.91652,8.576],[79.94166,8.64248],[79.95053,8.73981],[79.92644,8.80191],[79.93019,8.88447],[79.92482,8.91974],[79.91554,8.93854],[79.94711,8.94868],[80.00514,9.00056],[80.03541,9.01533],[80.04802,9.02627],[80.0547,9.0506],[80.06666,9.07563],[80.0735,9.11042],[80.10564,9.19286],[80.11598,9.23383],[80.11818,9.30044],[80.11622,9.30618],[80.1045,9.30842],[80.07692,9.32266],[80.06617,9.33259],[80.05828,9.3548],[80.05299,9.39155],[80.06495,9.40404],[80.08709,9.41498],[80.14088,9.43032],[80.16285,9.45922],[80.17652,9.46833],[80.19703,9.47346],[80.17604,9.50617],[80.16131,9.52058],[80.14186,9.53498],[80.06788,9.57803],[80.05299,9.59638],[80.08522,9.59536],[80.11573,9.58324],[80.17596,9.54857],[80.23341,9.53425],[80.27223,9.50414],[80.27809,9.49331],[80.26588,9.48713],[80.27215,9.47346],[80.26588,9.4667],[80.28688,9.4527],[80.33627,9.46467],[80.42661,9.50019],[80.45094,9.49787],[80.50424,9.4833],[80.56715,9.45523],[80.61476,9.44619],[80.54672,9.49242],[80.52328,9.50316],[80.49635,9.51048],[80.47145,9.52806],[80.44402,9.52806],[80.42897,9.51777],[80.4157,9.52749],[80.37794,9.52753],[80.36866,9.53022],[80.29754,9.59125],[80.26702,9.61083],[80.18605,9.6485],[80.1736,9.64867],[80.17596,9.62434],[80.19361,9.60908],[80.19996,9.59919],[80.19361,9.58641],[80.18605,9.58413],[80.15284,9.60346],[80.11549,9.63573],[80.094,9.64484],[80.13559,9.60383],[80.11134,9.60847],[80.08741,9.61835],[80.03932,9.64484],[80.00099,9.67471],[79.95924,9.69282],[79.95802,9.68574],[79.94703,9.69318],[79.93702,9.72736],[79.90968,9.7683],[79.93133,9.77904],[79.97071,9.81513],[79.98846,9.82294],[80.06666,9.81611],[80.10743,9.82062],[80.12232,9.81892],[80.12818,9.80557],[80.12721,9.78461],[80.13014,9.77733],[80.17091,9.76728],[80.17596,9.76459],[80.18043,9.7558],[80.21119,9.76089],[80.22234,9.75446],[80.33855,9.62922],[80.36964,9.60985],[80.44402,9.57591],[80.44402,9.58332],[80.40772,9.60151],[80.31984,9.67276],[80.24781,9.75507],[80.21119,9.77452],[80.15382,9.78799],[80.13868,9.79873],[80.13673,9.81391],[80.15772,9.82294],[80.22682,9.82958],[80.24676,9.82587],[80.26059,9.81623],[80.26979,9.78352],[80.27898,9.76984],[80.40992,9.6175],[80.46827,9.58137],[80.7444,9.35969],[80.76368,9.33242],[80.78517,9.3124],[80.79884,9.29487],[80.78663,9.28852],[80.77882,9.29198],[80.76832,9.30541],[80.76246,9.30842],[80.7444,9.31135],[80.7365,9.30899],[80.74171,9.29849],[80.79363,9.25056],[80.81398,9.23949],[80.80104,9.26325],[80.80356,9.27163],[80.81739,9.27485],[80.8239,9.27049],[80.83448,9.23949],[80.88217,9.14517],[80.85336,9.15575],[80.8401,9.15599],[80.83448,9.14175],[80.85857,9.13548],[80.87306,9.12645],[80.87534,9.10358],[80.88217,9.10358],[80.88551,9.10932],[80.8965,9.1166],[80.90219,9.09418],[80.91635,9.06216],[80.93531,9.03343],[80.95834,9.01789],[80.95826,9.01089],[80.95362,9.00385],[80.94435,9.00056],[80.93068,9.02098],[80.87534,9.04149],[80.88673,9.02578],[80.92286,8.99226],[80.92319,8.97321],[80.93507,8.96491],[80.91489,8.94392],[80.93068,8.93163],[80.9476,8.93293],[80.96144,8.94575],[80.97853,8.97997],[81.01466,8.93671],[81.04672,8.88215],[81.05982,8.86864],[81.07814,8.86335],[81.09278,8.85163],[81.11427,8.79999],[81.1255,8.78828],[81.15016,8.77717],[81.16245,8.75117],[81.17652,8.69888],[81.1823,8.71223],[81.19752,8.70572],[81.19459,8.69611],[81.22242,8.666],[81.2317,8.65107],[81.23162,8.63304],[81.21388,8.62104],[81.20436,8.61009],[81.22495,8.61685],[81.24659,8.57014],[81.24977,8.5458],[81.22486,8.54182],[81.22999,8.55793],[81.22332,8.57087],[81.21225,8.5727],[81.20436,8.55549],[81.20704,8.54214],[81.21803,8.52253],[81.21062,8.50707],[81.17652,8.53058],[81.15903,8.53457],[81.14234,8.52757],[81.1294,8.51032],[81.13396,8.50129],[81.14942,8.50365],[81.17026,8.5207],[81.21314,8.4724],[81.23512,8.46613],[81.2811,8.46703],[81.29664,8.47679],[81.28639,8.50023],[81.32309,8.51533],[81.33416,8.51455],[81.34636,8.50755],[81.36573,8.48216],[81.37281,8.44212],[81.38844,8.39061],[81.38942,8.36372],[81.37672,8.37254],[81.36346,8.39908],[81.35182,8.40469],[81.35662,8.36249],[81.36207,8.35004],[81.37485,8.34406],[81.38852,8.34406],[81.39926,8.33926],[81.41668,8.25377],[81.4406,8.17353],[81.4485,8.128],[81.43035,8.10301],[81.41879,8.15005],[81.40358,8.1918],[81.39625,8.1918],[81.39625,8.13654],[81.40813,8.13003],[81.41798,8.10594],[81.43556,8.09317],[81.4524,8.09455],[81.45826,8.11603],[81.46437,8.11603],[81.47242,8.10147],[81.48064,8.06538],[81.50734,8.02757],[81.5197,7.99934],[81.53395,8.01362],[81.53834,8.0043],[81.53395,7.99934],[81.54021,7.98631],[81.56072,7.99934],[81.56593,7.9868],[81.56031,7.97065],[81.56072,7.9584],[81.56772,7.94497],[81.58814,7.92943],[81.59547,7.91743],[81.58172,7.9112],[81.57586,7.88939],[81.58758,7.85529],[81.60825,7.83169],[81.6364,7.83552],[81.64332,7.81464],[81.65366,7.79776],[81.69679,7.753],[81.7107,7.73115],[81.71314,7.71182],[81.69093,7.70515],[81.68068,7.71206],[81.6561,7.74311],[81.64324,7.75414],[81.62664,7.7602],[81.61297,7.75902],[81.60255,7.74844],[81.59547,7.72626],[81.61899,7.71922],[81.62892,7.72289],[81.6364,7.7331],[81.65903,7.72333],[81.66529,7.71589],[81.66375,7.70515],[81.70069,7.66861],[81.7116,7.65054],[81.70509,7.63886],[81.7116,7.62254],[81.71778,7.63007],[81.71404,7.64374],[81.72584,7.63959],[81.74903,7.62254],[81.77296,7.56798],[81.76612,7.54068],[81.77296,7.52391],[81.75758,7.50544],[81.77247,7.47883],[81.7798,7.47236],[81.76905,7.46463],[81.77101,7.45698],[81.77906,7.45531],[81.78712,7.46556],[81.79339,7.46552],[81.80104,7.4252],[81.80079,7.41035],[81.80779,7.41035],[81.81105,7.43854],[81.82146,7.45873],[81.8187,7.47338],[81.82049,7.47651],[81.82602,7.47419],[81.83497,7.46556],[81.84034,7.43647],[81.85572,7.41218],[81.88071,7.32709],[81.87599,7.09195],[81.87843,7.07612]]]]}},{"type":"Feature","properties":{"code":"MDV","name":"Maldives"},"geometry":{"type":"MultiPolygon","coordinates":[[[[72.69085,6.41157],[72.68718,6.40742],[72.68588,6.40648],[72.68588,6.41161],[72.69085,6.41157]]],[[[72.88453,7.1057],[72.88453,7.1037],[72.8825,7.10163],[72.8838,7.10724],[72.88453,7.1057]]],[[[72.89194,6.9877],[72.89047,6.98542],[72.89194,6.99103],[72.89194,6.9877]]],[[[72.89422,6.44994],[72.89723,6.4479],[72.89633,6.44579],[72.89088,6.44823],[72.89259,6.45209],[72.89422,6.44994]]],[[[72.90447,6.43797],[72.90748,6.43594],[72.90659,6.43382],[72.90113,6.43635],[72.90284,6.44017],[72.90447,6.43797]]],[[[72.91285,7.0926],[72.91188,7.0832],[72.90659,7.09101],[72.91285,7.0926]]],[[[72.91562,5.98127],[72.91285,5.9763],[72.90984,5.97793],[72.90968,5.98212],[72.91562,5.98127]]],[[[72.91652,6.76244],[72.91432,6.75922],[72.91228,6.76016],[72.91326,6.76488],[72.91847,6.76398],[72.91652,6.76244]]],[[[72.92555,6.56306],[72.92872,6.5611],[72.92774,6.5589],[72.92311,6.55988],[72.924,6.56525],[72.92555,6.56306]]],[[[72.92596,6.95702],[72.92628,6.9538],[72.92458,6.9517],[72.92596,6.95742],[72.92596,6.95702]]],[[[72.93019,5.95694],[72.92579,5.96328],[72.93165,5.96906],[72.93019,5.95694]]],[[[72.94939,6.34968],[72.95395,6.34561],[72.95314,6.34349],[72.9485,6.34443],[72.94939,6.34968]]],[[[72.94996,7.05642],[72.9485,7.05085],[72.94776,7.0539],[72.94996,7.05642]]],[[[72.95997,6.55752],[72.95802,6.55435],[72.95582,6.55532],[72.9568,6.56],[72.96209,6.55903],[72.95997,6.55752]]],[[[72.96372,5.86404],[72.96648,5.85029],[72.96192,5.85668],[72.96372,5.86404]]],[[[72.96266,6.8592],[72.96062,6.85606],[72.95834,6.857],[72.95924,6.86164],[72.96469,6.86066],[72.96266,6.8592]]],[[[72.9756,6.85029],[72.97633,6.84667],[72.97413,6.84585],[72.97153,6.84976],[72.97608,6.85285],[72.9756,6.85029]]],[[[72.97657,5.81354],[72.97511,5.80455],[72.97511,5.80443],[72.97104,5.81045],[72.97657,5.81354]]],[[[72.97975,7.02753],[72.98146,7.01398],[72.97731,7.01903],[72.97975,7.02753]]],[[[72.98585,5.76557],[72.98276,5.76252],[72.98683,5.77074],[72.98585,5.76557]]],[[[72.9957,6.84146],[72.99155,6.83674],[72.98943,6.83763],[72.99024,6.84243],[72.9957,6.84146]]],[[[73.02182,6.36677],[73.02491,6.36481],[73.02418,6.3627],[73.0193,6.36359],[73.02052,6.36896],[73.02182,6.36677]]],[[[73.02988,6.58218],[73.03045,6.57608],[73.02817,6.57518],[73.02556,6.57925],[73.02988,6.58218]]],[[[73.03403,6.22224],[73.02914,6.21898],[73.02898,6.21882],[73.03045,6.22102],[73.03403,6.22224]]],[[[73.03663,6.75963],[73.03688,6.75348],[73.03468,6.75259],[73.03199,6.75658],[73.03663,6.75963]]],[[[73.04265,6.62035],[73.0407,6.61717],[73.03842,6.61815],[73.0394,6.62287],[73.04477,6.62189],[73.04265,6.62035]]],[[[73.04624,6.43626],[73.04314,6.4337],[73.04881,6.44134],[73.04624,6.43626]]],[[[73.06178,6.66096],[73.06227,6.6669],[73.06951,6.66796],[73.06178,6.66096]]],[[[73.08326,6.30846],[73.08139,6.30561],[73.07814,6.30508],[73.08334,6.30858],[73.08326,6.30846]]],[[[73.09807,6.85212],[73.094,6.84756],[73.09181,6.84833],[73.09295,6.8531],[73.09807,6.85212]]],[[[73.10353,6.70588],[73.10043,6.69977],[73.09588,6.69843],[73.09929,6.70893],[73.10597,6.70995],[73.10353,6.70588]]],[[[73.10572,6.89403],[73.10662,6.89045],[73.10434,6.88955],[73.10174,6.89354],[73.10621,6.89667],[73.10572,6.89403]]],[[[73.1242,6.33226],[73.11964,6.32917],[73.11931,6.32892],[73.12094,6.33104],[73.1242,6.33226]]],[[[73.12615,6.284],[73.1229,6.28335],[73.12843,6.28685],[73.12615,6.284]]],[[[73.14226,6.84186],[73.14031,6.83869],[73.13803,6.83967],[73.13901,6.84443],[73.14438,6.84341],[73.14226,6.84186]]],[[[73.16424,6.78706],[73.16652,6.78034],[73.15284,6.74921],[73.14479,6.73554],[73.13168,6.72504],[73.136,6.7412],[73.15252,6.76822],[73.15952,6.78653],[73.16424,6.78706]]],[[[73.19728,6.82811],[73.18377,6.82111],[73.18084,6.82343],[73.18165,6.83051],[73.19728,6.82811]]],[[[73.18491,6.34907],[73.18214,6.34634],[73.18019,6.34711],[73.181,6.34984],[73.18727,6.35078],[73.18491,6.34907]]],[[[73.19711,6.3273],[73.20192,6.32217],[73.20102,6.31826],[73.19418,6.3216],[73.19711,6.3273]]],[[[73.19467,6.95124],[73.1919,6.95165],[73.1919,6.9676],[73.1985,6.97134],[73.19467,6.95124]]],[[[73.21404,6.91852],[73.21306,6.90461],[73.20395,6.88496],[73.20192,6.90225],[73.20916,6.91828],[73.21404,6.91852]]],[[[73.21518,6.29466],[73.21306,6.28921],[73.20875,6.28644],[73.20932,6.28685],[73.21518,6.29466]]],[[[73.21892,6.17227],[73.21404,6.16877],[73.21583,6.17121],[73.21892,6.17227]]],[[[73.22039,6.13198],[73.219,6.1293],[73.21518,6.12857],[73.22047,6.13207],[73.22039,6.13198]]],[[[73.2422,6.23648],[73.24391,6.23164],[73.24024,6.22895],[73.23634,6.23212],[73.24171,6.23969],[73.2422,6.23648]]],[[[73.25066,6.08328],[73.24903,6.07954],[73.24545,6.07978],[73.25074,6.0834],[73.25066,6.08328]]],[[[73.25196,6.11115],[73.24724,6.10798],[73.24684,6.10773],[73.24887,6.11018],[73.25196,6.11115]]],[[[73.27019,6.15681],[73.26726,6.15095],[73.26515,6.15062],[73.26539,6.15355],[73.27019,6.15681]]],[[[73.27084,6.18936],[73.26808,6.1787],[73.26596,6.185],[73.27084,6.18936]]],[[[73.38234,5.79474],[73.38453,5.78693],[73.38071,5.78412],[73.3768,5.78734],[73.38234,5.79474]]],[[[73.39533,5.9578],[73.38453,5.96475],[73.38982,5.97028],[73.39533,5.9578]]],[[[73.42905,5.9112],[73.42848,5.90445],[73.42628,5.90327],[73.42319,5.90689],[73.42905,5.9112]]],[[[73.4498,5.84072],[73.43377,5.83088],[73.43344,5.83072],[73.44313,5.84125],[73.4498,5.84072]]]]}}]}