{"type":"FeatureCollection","features":[{"type":"Feature","properties":{"code":"IND","name":"India","source":"Natural Earth 1:10m Admin 0 countries, India point of view (ne_10m_admin_0_countries_ind)","source_version":"Natural Earth 5.2.0-pre (nvkelso/natural-earth-vector master, retrieved 2026-09-27)","license":"Public domain (Natural Earth)","pov":"IND","simplify_tolerance_deg":0.002},"geometry":{"type":"MultiPolygon","coordinates":[[[[78.91769,33.38626],[78.96499,33.34425],[79.09803,33.28766],[79.15021,33.29256],[79.26006,33.29178],[79.34031,33.27513],[79.42008,33.27517],[79.4561,33.2504],[79.42348,33.15782],[79.37317,33.11214],[79.38106,33.06177],[79.39927,33.02688],[79.33979,33.01326],[79.33359,32.99429],[79.37846,32.97888],[79.41409,32.97205],[79.47109,32.90896],[79.56409,32.79393],[79.61391,32.76504],[79.62067,32.72872],[79.57617,32.67065],[79.5312,32.64832],[79.51574,32.60812],[79.4435,32.53477],[79.40682,32.52968],[79.37948,32.57645],[79.32047,32.59227],[79.28741,32.53258],[79.23561,32.5043],[79.21525,32.50791],[79.19117,32.50427],[79.13288,32.48546],[79.11293,32.47239],[79.1029,32.44986],[79.09174,32.39056],[79.07531,32.37079],[79.02818,32.3771],[78.97619,32.36162],[78.94343,32.34637],[78.91129,32.35474],[78.88152,32.37627],[78.85568,32.40045],[78.77145,32.46166],[78.75471,32.49381],[78.73693,32.54579],[78.73497,32.56065],[78.74913,32.59587],[78.75099,32.61279],[78.73683,32.62984],[78.71326,32.63752],[78.69445,32.62966],[78.66489,32.59902],[78.64774,32.58597],[78.63017,32.57801],[78.58986,32.56992],[78.44754,32.56626],[78.40816,32.55838],[78.38481,32.54755],[78.38098,32.52804],[78.4092,32.47662],[78.44878,32.42678],[78.45219,32.41678],[78.43638,32.39616],[78.43452,32.38376],[78.46274,32.2818],[78.46139,32.26015],[78.45633,32.24212],[78.45798,32.22966],[78.47648,32.22442],[78.51307,32.20757],[78.53498,32.18134],[78.55182,32.15039],[78.64929,32.03644],[78.67833,32.01676],[78.72215,31.99459],[78.73383,31.98466],[78.74458,31.9642],[78.74199,31.94534],[78.72019,31.90291],[78.70034,31.82168],[78.67409,31.78695],[78.67089,31.77052],[78.69559,31.74669],[78.69321,31.71853],[78.71047,31.69817],[78.72401,31.67331],[78.73982,31.66603],[78.75812,31.6666],[78.79532,31.63378],[78.81889,31.60737],[78.81403,31.59502],[78.79698,31.57885],[78.69952,31.51002],[78.69538,31.4881],[78.733,31.46774],[78.76256,31.44511],[78.76008,31.41204],[78.74551,31.37354],[78.73848,31.33499],[78.7451,31.30812],[78.78447,31.28827],[78.82199,31.2937],[78.86199,31.29148],[78.92101,31.26968],[78.94028,31.30158],[78.95955,31.32512],[78.9888,31.34326],[79.01553,31.3834],[79.04994,31.42295],[79.07021,31.46138],[79.07799,31.46166],[79.1314,31.43843],[79.17922,31.3938],[79.19244,31.36979],[79.20763,31.35137],[79.23832,31.32966],[79.23924,31.31172],[79.25411,31.29901],[79.26202,31.27851],[79.24843,31.2567],[79.25286,31.24544],[79.27832,31.24004],[79.28832,31.22547],[79.30321,31.1831],[79.30216,31.16345],[79.31942,31.14228],[79.36705,31.11156],[79.37234,31.09407],[79.38836,31.06947],[79.39498,31.03671],[79.40159,31.02364],[79.41441,31.02038],[79.44634,31.02379],[79.46164,31.0211],[79.47642,31.01402],[79.49761,30.98121],[79.5127,30.96617],[79.52965,30.95356],[79.57781,30.93837],[79.58949,30.94023],[79.63031,30.9625],[79.6885,30.96741],[79.73904,30.97925],[79.76064,30.97723],[79.8335,30.96152],[79.85035,30.95449],[79.86286,30.94152],[79.88043,30.91284],[79.90316,30.89021],[79.93489,30.87254],[80.00559,30.84727],[80.02863,30.83078],[80.06253,30.78479],[80.0922,30.7745],[80.10925,30.77812],[80.14067,30.79321],[80.1571,30.79316],[80.1693,30.78525],[80.19607,30.7481],[80.22459,30.73409],[80.23141,30.72495],[80.20702,30.68614],[80.19989,30.68071],[80.17292,30.67916],[80.16661,30.67441],[80.16692,30.6619],[80.19989,30.62588],[80.2033,30.60635],[80.17984,30.55948],[80.21622,30.56682],[80.25281,30.56501],[80.32588,30.54651],[80.42499,30.49783],[80.47543,30.48047],[80.5083,30.46233],[80.52514,30.45861],[80.57527,30.46626],[80.59635,30.4598],[80.69474,30.41174],[80.72306,30.39205],[80.73536,30.3782],[80.755,30.3458],[80.76719,30.33143],[80.78166,30.32099],[80.86698,30.28849],[80.94377,30.27014],[80.97602,30.25521],[81.0033,30.21273],[80.99602,30.19697],[80.92083,30.17666],[80.90331,30.18043],[80.88388,30.2104],[80.86791,30.20017],[80.83644,30.17005],[80.84967,30.14338],[80.82982,30.11713],[80.76967,30.07729],[80.75572,30.06457],[80.72575,30.02277],[80.71583,30.01331],[80.68017,29.99207],[80.64141,29.96344],[80.62229,29.95817],[80.58622,29.95414],[80.57134,29.94686],[80.54953,29.89368],[80.52731,29.86242],[80.47615,29.80614],[80.45486,29.79059],[80.39523,29.77658],[80.36898,29.75793],[80.3543,29.73028],[80.3544,29.70488],[80.38675,29.62682],[80.3852,29.60484],[80.37332,29.58419],[80.35078,29.56207],[80.32722,29.54858],[80.3236,29.54166],[80.32722,29.52484],[80.32009,29.51582],[80.26624,29.47213],[80.26345,29.45924],[80.25746,29.45006],[80.22831,29.44172],[80.21767,29.43464],[80.21374,29.41689],[80.22097,29.40012],[80.24216,29.36741],[80.2495,29.327],[80.25498,29.31664],[80.27275,29.3157],[80.28009,29.31015],[80.28278,29.29131],[80.27875,29.26808],[80.25818,29.20246],[80.24867,29.20439],[80.23606,29.21308],[80.2188,29.21109],[80.21374,29.19656],[80.23048,29.15473],[80.23307,29.13931],[80.22066,29.12608],[80.20144,29.12117],[80.16351,29.12337],[80.13261,29.11021],[80.11307,29.07221],[80.1047,29.02761],[80.10791,28.99459],[80.09943,28.97728],[80.05292,28.94911],[80.04052,28.93281],[80.0339,28.91594],[80.03029,28.87767],[80.03639,28.83703],[80.05478,28.82418],[80.08186,28.81935],[80.11421,28.80258],[80.14759,28.76331],[80.16206,28.75328],[80.21643,28.74194],[80.23327,28.73272],[80.25704,28.70274],[80.2834,28.69536],[80.29105,28.68967],[80.31833,28.64011],[80.3297,28.62748],[80.34975,28.62022],[80.3883,28.62725],[80.40835,28.62634],[80.42654,28.61681],[80.46881,28.57185],[80.48845,28.56244],[80.49341,28.57565],[80.48494,28.63929],[80.48762,28.65647],[80.49755,28.67014],[80.5176,28.68003],[80.55584,28.67895],[80.55904,28.67303],[80.55687,28.65502],[80.56359,28.64704],[80.59852,28.63378],[80.63562,28.62787],[80.64834,28.61975],[80.66818,28.58634],[80.67862,28.57472],[80.72709,28.55968],[80.74353,28.54996],[80.78166,28.51475],[80.79841,28.5057],[80.81701,28.50255],[80.85799,28.50245],[80.87225,28.49687],[80.88036,28.48188],[80.88667,28.45279],[80.90527,28.44085],[80.94119,28.43268],[80.96052,28.43227],[80.97602,28.43692],[80.9878,28.43098],[80.99318,28.40783],[81.00041,28.397],[81.14634,28.37225],[81.1697,28.36132],[81.19037,28.33812],[81.21073,28.27864],[81.22432,28.25078],[81.28236,28.19159],[81.29595,28.16746],[81.28075,28.16198],[81.27678,28.15379],[81.28308,28.14609],[81.29941,28.14252],[81.2962,28.12831],[81.30706,28.12381],[81.3237,28.12624],[81.33812,28.13273],[81.35791,28.16598],[81.3732,28.16784],[81.39604,28.16063],[81.41734,28.14702],[81.43527,28.12978],[81.44824,28.11141],[81.45821,28.07728],[81.47346,28.0664],[81.56192,28.02599],[81.58218,28.01328],[81.5951,27.99488],[81.61505,27.98124],[81.68895,27.9632],[81.71039,27.94752],[81.75013,27.90967],[81.85565,27.85094],[81.8832,27.84905],[81.90609,27.86311],[81.9464,27.90535],[81.9759,27.91695],[82.02722,27.91241],[82.05161,27.90517],[82.09037,27.87233],[82.15104,27.84828],[82.27041,27.76048],[82.34792,27.72601],[82.40193,27.67718],[82.44068,27.66643],[82.52616,27.67521],[82.65214,27.70415],[82.67969,27.69441],[82.69705,27.6694],[82.70925,27.63092],[82.71886,27.55612],[82.72971,27.51817],[82.75214,27.49496],[82.87626,27.48755],[82.90128,27.48036],[82.94716,27.45732],[83.01047,27.44339],[83.13279,27.44422],[83.16963,27.4312],[83.21924,27.39378],[83.23159,27.38122],[83.24942,27.3481],[83.2595,27.33813],[83.28244,27.33094],[83.30487,27.33192],[83.32435,27.34169],[83.34114,27.35694],[83.36275,27.38562],[83.36957,27.39817],[83.37096,27.41021],[83.35582,27.42866],[83.35386,27.44029],[83.35592,27.45249],[83.36099,27.4622],[83.38703,27.47047],[83.48098,27.46975],[83.59043,27.45662],[83.6634,27.43228],[83.802,27.36593],[83.84799,27.35104],[83.8546,27.34505],[83.86173,27.35451],[83.87739,27.36174],[83.87765,27.36991],[83.87119,27.38944],[83.84272,27.41807],[83.83409,27.43404],[83.85352,27.44096],[83.89987,27.44386],[83.92302,27.44995],[83.97584,27.43972],[84.00767,27.44081],[84.02891,27.45373],[84.0796,27.50954],[84.09955,27.51687],[84.11717,27.51328],[84.12156,27.49496],[84.14172,27.48075],[84.16575,27.47217],[84.1751,27.46298],[84.18585,27.43864],[84.19525,27.43605],[84.22554,27.44039],[84.23902,27.43114],[84.24889,27.41244],[84.2677,27.38856],[84.28941,27.37611],[84.57704,27.32903],[84.60655,27.31048],[84.63192,27.27704],[84.6482,27.24072],[84.65765,27.2034],[84.65982,27.16511],[84.6544,27.12537],[84.63037,27.08083],[84.62148,27.05799],[84.62727,27.03649],[84.64024,27.02838],[84.7607,26.99902],[84.77196,26.99918],[84.7855,27.00848],[84.80193,27.01375],[84.81749,27.0106],[84.82813,26.99494],[84.85175,26.98213],[84.90157,26.96719],[84.92405,26.95567],[84.93857,26.9366],[84.95273,26.89764],[84.97577,26.88689],[85.00084,26.88224],[85.01804,26.87443],[85.01856,26.8458],[85.04399,26.84374],[85.10021,26.86353],[85.12284,26.8657],[85.16202,26.85102],[85.16568,26.78627],[85.19493,26.75888],[85.28728,26.73697],[85.30237,26.73734],[85.33704,26.74679],[85.35322,26.75759],[85.38588,26.78844],[85.42154,26.78266],[85.43962,26.78772],[85.51946,26.82643],[85.59858,26.85438],[85.60938,26.85102],[85.68777,26.81185],[85.70183,26.79661],[85.70963,26.76245],[85.70224,26.68845],[85.71289,26.65321],[85.72705,26.6376],[85.781,26.5992],[85.78999,26.59703],[85.80973,26.60303],[85.81764,26.59672],[85.82161,26.57171],[85.82854,26.56613],[85.84476,26.56851],[85.86637,26.57993],[85.93468,26.6329],[85.95215,26.64204],[85.97571,26.64437],[86.01137,26.65445],[86.0417,26.64546],[86.11586,26.60256],[86.15265,26.60065],[86.16779,26.59662],[86.18536,26.58442],[86.19586,26.58267],[86.22516,26.5974],[86.26309,26.60908],[86.28443,26.61202],[86.30138,26.60902],[86.30861,26.60215],[86.30903,26.58799],[86.316,26.58096],[86.35367,26.58262],[86.38365,26.57285],[86.44483,26.54308],[86.49491,26.52784],[86.51062,26.52014],[86.53775,26.49487],[86.5579,26.48402],[86.62534,26.45632],[86.6952,26.41823],[86.7136,26.41456],[86.72409,26.42195],[86.7382,26.44371],[86.75189,26.44552],[86.79644,26.43151],[86.82186,26.43813],[86.84636,26.45265],[86.86568,26.47244],[86.87597,26.49492],[86.90713,26.51151],[86.97245,26.53197],[87.02991,26.57977],[87.04133,26.58019],[87.045,26.54427],[87.05647,26.49492],[87.06671,26.46562],[87.08329,26.43208],[87.10629,26.40475],[87.13502,26.3942],[87.18846,26.39958],[87.2191,26.4081],[87.22944,26.39875],[87.2453,26.37023],[87.30049,26.34599],[87.31403,26.34377],[87.32622,26.35333],[87.34493,26.38935],[87.3564,26.40371],[87.38421,26.41865],[87.41645,26.42697],[87.44963,26.42862],[87.48032,26.4234],[87.55205,26.38671],[87.58698,26.37803],[87.62398,26.39291],[87.65964,26.41751],[87.68119,26.42423],[87.7109,26.40568],[87.72754,26.40376],[87.74222,26.41048],[87.75617,26.44691],[87.76899,26.45146],[87.80444,26.43735],[87.8216,26.43751],[87.85208,26.46066],[87.86981,26.46464],[87.87069,26.46071],[87.8973,26.44345],[87.91477,26.40826],[87.92898,26.39643],[87.96122,26.37896],[87.97549,26.36656],[88.00665,26.36986],[88.04432,26.40568],[88.07419,26.45394],[88.08225,26.49487],[88.07982,26.51756],[88.10168,26.58194],[88.14664,26.66122],[88.16338,26.70514],[88.16907,26.744],[88.15139,26.86281],[88.12044,26.90885],[88.09682,26.95934],[88.07688,26.99179],[88.05595,27.01804],[88.04282,27.02895],[88.00949,27.04564],[87.9913,27.0815],[87.97549,27.09514],[87.96918,27.1108],[87.98546,27.14837],[87.98934,27.21839],[88.02902,27.29808],[88.03512,27.32257],[88.03254,27.33389],[88.0158,27.36422],[88.01476,27.37807],[88.02582,27.41208],[88.03931,27.42949],[88.04163,27.43807],[88.02809,27.45512],[88.0221,27.48424],[88.02334,27.49491],[88.04876,27.54535],[88.11088,27.6395],[88.13486,27.72317],[88.15966,27.77412],[88.1546,27.81515],[88.16659,27.8336],[88.16462,27.84536],[88.15641,27.85127],[88.11822,27.86088],[88.10488,27.87972],[88.0975,27.90401],[88.09992,27.92832],[88.11574,27.94726],[88.12669,27.95044],[88.16297,27.9469],[88.19785,27.9583],[88.37877,27.98263],[88.45577,28.03152],[88.4754,28.03625],[88.50207,28.02888],[88.51716,28.03958],[88.5308,28.05901],[88.55282,28.07806],[88.594,28.10661],[88.61049,28.10583],[88.63168,28.08335],[88.65204,28.0694],[88.71012,28.06198],[88.73565,28.05526],[88.80293,28.011],[88.81771,27.99488],[88.81967,27.97734],[88.80975,27.9445],[88.81068,27.92786],[88.8189,27.9152],[88.84277,27.89241],[88.85156,27.87716],[88.85507,27.85918],[88.85388,27.84368],[88.80567,27.65511],[88.78309,27.62204],[88.76738,27.5862],[88.74815,27.56013],[88.74102,27.54571],[88.74164,27.53168],[88.75756,27.51145],[88.75436,27.46422],[88.75978,27.43507],[88.77358,27.40851],[88.79539,27.38593],[88.83084,27.36732],[88.85202,27.34236],[88.89233,27.31554],[88.88463,27.28635],[88.86143,27.27038],[88.80117,27.25642],[88.77585,27.24087],[88.75436,27.2126],[88.73844,27.17979],[88.73007,27.15095],[88.80526,27.11302],[88.82763,27.09788],[88.84081,27.07525],[88.84562,27.04956],[88.84562,26.99484],[88.85171,26.94544],[88.86711,26.96425],[88.88644,26.97898],[88.90664,26.98109],[88.92447,26.96166],[88.92695,26.94942],[88.9253,26.92936],[88.93233,26.91924],[88.94277,26.91371],[88.95455,26.91262],[88.97532,26.92172],[88.99661,26.92275],[89.02157,26.91267],[89.04488,26.89712],[89.06069,26.88146],[89.08245,26.83604],[89.0965,26.82141],[89.12808,26.81346],[89.18461,26.81056],[89.21283,26.81304],[89.24084,26.81976],[89.2736,26.84389],[89.30016,26.84441],[89.34166,26.85433],[89.40734,26.8134],[89.44289,26.79702],[89.50542,26.80369],[89.5465,26.79754],[89.58609,26.78405],[89.61136,26.76596],[89.61348,26.74855],[89.59751,26.72095],[89.60981,26.71222],[89.62831,26.71253],[89.66324,26.7255],[89.68515,26.72457],[89.73874,26.70328],[89.76029,26.70018],[89.80008,26.70049],[89.81367,26.69615],[89.82209,26.70101],[89.82974,26.72762],[89.83496,26.73155],[89.85077,26.72318],[89.89041,26.71486],[89.91211,26.71672],[89.97526,26.73186],[90.08916,26.74173],[90.12719,26.75139],[90.1522,26.77175],[90.17742,26.83206],[90.21091,26.85149],[90.26599,26.85159],[90.28444,26.85707],[90.32857,26.89066],[90.34883,26.89665],[90.38263,26.8918],[90.47523,26.83242],[90.58778,26.78007],[90.71708,26.76705],[91.0074,26.78214],[91.06207,26.80457],[91.12708,26.8009],[91.19818,26.80234],[91.2325,26.79516],[91.27601,26.77408],[91.29658,26.77459],[91.33006,26.7855],[91.34557,26.7947],[91.35838,26.80617],[91.38846,26.85846],[91.40634,26.86952],[91.42019,26.87154],[91.4606,26.86937],[91.47507,26.86554],[91.50742,26.80803],[91.52065,26.79759],[91.53935,26.79883],[91.57563,26.81015],[91.59372,26.81077],[91.63795,26.79898],[91.65376,26.79795],[91.70213,26.80348],[91.73159,26.81619],[91.79525,26.8535],[91.82512,26.85846],[91.84393,26.84937],[91.85241,26.81852],[91.86305,26.80477],[91.87866,26.80302],[91.88693,26.81444],[91.8859,26.83087],[91.87401,26.84431],[91.89551,26.8535],[91.89313,26.88136],[91.90822,26.88518],[91.92569,26.87867],[91.95742,26.85428],[91.97509,26.84663],[92.03586,26.85485],[92.07276,26.88777],[92.08392,26.93732],[92.06697,26.99494],[92.04971,27.02683],[91.99989,27.07153],[91.9877,27.10403],[91.9879,27.12227],[91.99586,27.15803],[92.00299,27.17261],[92.02708,27.19984],[92.03679,27.23648],[92.05064,27.25141],[92.08185,27.27513],[92.08878,27.29234],[92.0236,27.44678],[91.97509,27.47243],[91.90059,27.45973],[91.85658,27.46624],[91.77956,27.45648],[91.72709,27.45994],[91.70492,27.46876],[91.65738,27.47915],[91.64167,27.49496],[91.63289,27.51166],[91.60446,27.53214],[91.59506,27.54638],[91.57325,27.61971],[91.57987,27.65798],[91.62669,27.71642],[91.63496,27.74657],[91.63577,27.78252],[91.60534,27.81066],[91.56602,27.82107],[91.56436,27.85137],[91.62834,27.85269],[91.68013,27.84982],[91.72987,27.80414],[91.82659,27.80763],[91.85637,27.76454],[91.86491,27.72999],[91.90874,27.7319],[91.95225,27.72482],[91.9889,27.7694],[92.06488,27.76172],[92.10616,27.78608],[92.12629,27.81272],[92.23957,27.86528],[92.24918,27.86264],[92.27522,27.81169],[92.28876,27.79308],[92.30385,27.78616],[92.31729,27.80368],[92.32918,27.83293],[92.33465,27.83127],[92.33982,27.81556],[92.35005,27.80254],[92.36793,27.80383],[92.38106,27.84246],[92.39284,27.85603],[92.40442,27.85383],[92.41734,27.82895],[92.42757,27.82117],[92.43904,27.82329],[92.47511,27.8466],[92.51815,27.83947],[92.57498,27.84781],[92.59291,27.86819],[92.63647,27.89537],[92.68367,27.91045],[92.73639,27.98591],[92.70135,28.02524],[92.70135,28.03782],[92.68926,28.04832],[92.65422,28.05209],[92.63892,28.05749],[92.63727,28.07198],[92.65484,28.10583],[92.67861,28.13306],[92.70786,28.15541],[92.77917,28.1959],[92.79023,28.1789],[92.8199,28.17926],[92.83478,28.18353],[92.85028,28.19195],[92.86537,28.2052],[92.90382,28.2497],[92.92201,28.25864],[92.96035,28.27021],[92.97492,28.28231],[93.12983,28.32596],[93.20782,28.34054],[93.21807,28.39465],[93.18629,28.432],[93.21884,28.45744],[93.28697,28.52052],[93.30284,28.55692],[93.31717,28.60346],[93.44621,28.67189],[93.55174,28.67895],[93.62553,28.67236],[93.66491,28.69024],[93.70552,28.69189],[93.72248,28.69665],[93.78174,28.6805],[93.86308,28.70487],[93.92779,28.68275],[93.96109,28.72994],[93.98159,28.76813],[93.99314,28.80189],[93.99202,28.84465],[94.01145,28.85302],[94.02685,28.86418],[94.07947,28.88307],[94.1354,28.89779],[94.17366,28.93016],[94.25018,28.93311],[94.29139,28.97726],[94.34731,29.02435],[94.27079,29.09793],[94.2875,29.14794],[94.32378,29.14603],[94.33577,29.14962],[94.34631,29.15907],[94.36254,29.18533],[94.37288,29.19631],[94.39644,29.20708],[94.42238,29.21049],[94.47499,29.2108],[94.51478,29.22106],[94.52863,29.23124],[94.58268,29.30292],[94.59994,29.31664],[94.63043,29.31945],[94.66846,29.30661],[94.70422,29.2847],[94.75642,29.23052],[94.76768,29.21385],[94.76148,29.17471],[94.77657,29.1667],[94.85409,29.17],[94.89129,29.1605],[94.98906,29.15398],[95.04767,29.14081],[95.09903,29.11378],[95.11691,29.1081],[95.1997,29.09425],[95.20786,29.0896],[95.21282,29.08187],[95.21634,29.065],[95.22492,29.05936],[95.28155,29.05267],[95.36741,29.0365],[95.42982,29.04652],[95.48758,29.06899],[95.51131,29.13179],[95.52144,29.13786],[95.52268,29.16119],[95.51193,29.19755],[95.51534,29.20943],[95.55017,29.21248],[95.55378,29.23904],[95.56443,29.24561],[95.59234,29.24969],[95.6467,29.22835],[95.71716,29.21828],[95.74736,29.27365],[95.74478,29.34043],[95.77641,29.34555],[95.79594,29.35289],[95.86313,29.32398],[95.95374,29.35922],[96.07454,29.36929],[96.14197,29.36847],[96.15096,29.35408],[96.16605,29.30317],[96.17628,29.28646],[96.20542,29.25695],[96.23529,29.24121],[96.26785,29.24173],[96.32325,29.27501],[96.3371,29.27971],[96.34991,29.27424],[96.36624,29.25723],[96.36686,29.24421],[96.34237,29.21065],[96.32748,29.18044],[96.31642,29.17186],[96.21008,29.14577],[96.19364,29.13693],[96.17462,29.10884],[96.17595,29.01735],[96.19532,28.94111],[96.24859,28.94534],[96.29466,28.99232],[96.36657,29.03654],[96.4576,28.99459],[96.4512,28.98138],[96.45213,28.97038],[96.46009,28.96335],[96.47466,28.96206],[96.49223,28.948],[96.50039,28.92924],[96.51083,28.88552],[96.52375,28.86442],[96.57667,28.80853],[96.59258,28.75788],[96.59801,28.70991],[96.50104,28.68763],[96.50238,28.64448],[96.40902,28.55893],[96.33646,28.47967],[96.30185,28.42071],[96.36964,28.37812],[96.44113,28.39542],[96.49523,28.42147],[96.56152,28.44729],[96.71692,28.43654],[96.93396,28.33662],[96.96579,28.33047],[96.99742,28.33708],[97.03297,28.35703],[97.07845,28.37514],[97.11555,28.36656],[97.18273,28.31499],[97.21053,28.30809],[97.22076,28.28339],[97.22965,28.27461],[97.28526,28.23567],[97.3235,28.21748],[97.32866,28.19001],[97.2989,28.12924],[97.2929,28.09508],[97.30655,28.06966],[97.35512,28.02304],[97.36225,27.99488],[97.34003,27.95181],[97.33569,27.93561],[97.33817,27.90155],[97.33352,27.89416],[97.2929,27.87755],[97.28867,27.88435],[97.28805,27.89776],[97.27637,27.91034],[97.26066,27.91204],[97.24123,27.90786],[97.22293,27.89972],[97.18211,27.85727],[97.13178,27.81686],[97.10604,27.80554],[97.09219,27.78549],[97.07235,27.77918],[97.06532,27.77399],[97.06036,27.75045],[97.05674,27.74678],[97.00403,27.73428],[96.99091,27.72663],[96.95701,27.68808],[96.88352,27.63632],[96.87019,27.61909],[96.86213,27.5993],[96.86202,27.57837],[96.87732,27.55307],[96.88848,27.50718],[96.89024,27.49248],[96.87701,27.46308],[96.88135,27.44411],[96.90512,27.40841],[97.0679,27.2171],[97.10129,27.1833],[97.10439,27.15602],[97.1293,27.13788],[97.13477,27.12734],[97.11917,27.08729],[97.10604,27.08259],[97.07721,27.09649],[97.03804,27.08703],[97.02677,27.09147],[97.003,27.11452],[96.86533,27.17162],[96.8427,27.18852],[96.84177,27.20439],[96.85965,27.24072],[96.85376,27.24872],[96.82172,27.27306],[96.80994,27.28578],[96.78916,27.31797],[96.77635,27.33063],[96.75888,27.34174],[96.72415,27.35626],[96.70524,27.36076],[96.68726,27.36174],[96.67589,27.35766],[96.65925,27.34143],[96.64902,27.33621],[96.63641,27.33554],[96.61418,27.34841],[96.5869,27.35358],[96.57605,27.34541],[96.56747,27.32831],[96.54732,27.30645],[96.51094,27.2925],[96.49006,27.29074],[96.47466,27.29539],[96.40779,27.29818],[96.14259,27.25751],[96.07417,27.22986],[96.01319,27.1908],[95.97484,27.14289],[95.93836,27.0799],[95.91645,27.05137],[95.88886,27.02703],[95.86147,27.01422],[95.80493,27.00476],[95.77796,26.99515],[95.73496,26.9473],[95.6993,26.89619],[95.68608,26.89128],[95.63998,26.88642],[95.62427,26.88074],[95.61332,26.86792],[95.5913,26.82374],[95.57476,26.81614],[95.53136,26.82028],[95.48981,26.81072],[95.46273,26.77718],[95.43999,26.73537],[95.41064,26.70163],[95.39266,26.69176],[95.31597,26.66907],[95.26057,26.64762],[95.23908,26.64964],[95.22326,26.67036],[95.20486,26.66757],[95.19556,26.66075],[95.17324,26.63383],[95.14141,26.62499],[95.1228,26.61161],[95.11908,26.60422],[95.11495,26.56257],[95.10957,26.5513],[95.09924,26.53611],[95.06989,26.50624],[95.05438,26.49492],[95.04064,26.47559],[95.0426,26.45968],[95.06172,26.4266],[95.06606,26.40743],[95.0642,26.3926],[95.05046,26.35906],[95.04364,26.3277],[95.04178,26.2876],[95.04632,26.24796],[95.05872,26.21768],[95.06637,26.21101],[95.09076,26.20269],[95.09448,26.19504],[95.07836,26.17132],[95.08818,26.10409],[95.10172,26.0934],[95.13748,26.08296],[95.15009,26.07097],[95.15122,26.04994],[95.13955,26.02994],[95.06586,25.95382],[95.04942,25.94374],[95.01201,25.93144],[95.00064,25.92204],[94.99403,25.90044],[94.9932,25.88095],[95.01346,25.7777],[95.01532,25.75512],[95.0088,25.73714],[94.99992,25.73156],[94.96901,25.72561],[94.96147,25.71797],[94.87166,25.59802],[94.85347,25.58604],[94.85295,25.58076],[94.86101,25.57141],[94.86029,25.56717],[94.85078,25.56278],[94.83104,25.56247],[94.82236,25.55911],[94.78236,25.50459],[94.76438,25.49168],[94.71115,25.48279],[94.69203,25.47633],[94.65947,25.4555],[94.63053,25.42739],[94.608,25.39463],[94.55012,25.24528],[94.55333,25.20415],[94.57689,25.17361],[94.61296,25.16136],[94.65327,25.15412],[94.68914,25.13852],[94.70681,25.10994],[94.71384,25.06826],[94.70856,25.02589],[94.67353,24.97481],[94.65482,24.88915],[94.63911,24.8628],[94.59901,24.81347],[94.5895,24.74725],[94.58154,24.73012],[94.56945,24.7164],[94.55571,24.70886],[94.51633,24.70495],[94.50796,24.68901],[94.48708,24.62046],[94.47499,24.59739],[94.43024,24.5709],[94.41845,24.56031],[94.4108,24.54594],[94.39706,24.49507],[94.37039,24.47773],[94.36368,24.46582],[94.3612,24.42541],[94.3522,24.41394],[94.32874,24.39448],[94.33071,24.36286],[94.29536,24.3326],[94.28999,24.31676],[94.28275,24.26643],[94.23397,24.16034],[94.22219,24.12264],[94.21412,24.06918],[94.19914,24.04809],[94.19025,23.99528],[94.14488,23.93888],[94.13506,23.91901],[94.13506,23.8773],[94.13186,23.85697],[94.11687,23.84165],[94.09971,23.84263],[94.07108,23.87612],[94.05506,23.88795],[93.99791,23.91696],[93.94055,23.92888],[93.91233,23.939],[93.88319,23.94531],[93.80371,23.93606],[93.78283,23.94546],[93.74304,23.99528],[93.71111,24.00546],[93.66046,24.01122],[93.6124,24.00905],[93.58801,23.99523],[93.58181,23.9796],[93.57106,23.96802],[93.56135,23.9657],[93.54998,23.97802],[93.54347,23.98089],[93.49572,23.95913],[93.47484,23.9575],[93.45665,23.95996],[93.449,23.96893],[93.43918,23.99523],[93.3965,24.03753],[93.36828,24.07848],[93.34854,24.08889],[93.32219,24.08006],[93.30968,24.06398],[93.30297,24.04114],[93.30297,23.99528],[93.31609,23.9611],[93.33759,23.92841],[93.35599,23.90699],[93.35919,23.89095],[93.35826,23.85526],[93.3748,23.73902],[93.40632,23.71912],[93.4303,23.68034],[93.43236,23.64732],[93.40022,23.45402],[93.39981,23.42609],[93.40725,23.34726],[93.3842,23.31313],[93.3779,23.29682],[93.37645,23.27948],[93.38079,23.23726],[93.37273,23.16983],[93.3749,23.12973],[93.33335,23.05229],[93.31826,23.03366],[93.29883,23.01795],[93.27279,23.00591],[93.24654,23.00449],[93.22556,23.02038],[93.21212,23.03989],[93.19651,23.05384],[93.17708,23.05844],[93.15238,23.04994],[93.14008,23.0319],[93.13822,23.00526],[93.14318,22.97751],[93.15114,22.95622],[93.17109,22.92044],[93.17739,22.9002],[93.17553,22.8817],[93.16106,22.86098],[93.1253,22.82155],[93.1159,22.7984],[93.11238,22.79995],[93.07952,22.77272],[93.07084,22.69288],[93.07394,22.6719],[93.08189,22.65283],[93.10442,22.61593],[93.11052,22.59635],[93.10908,22.5747],[93.09822,22.53527],[93.09915,22.51196],[93.11786,22.46287],[93.15352,22.42752],[93.16592,22.38659],[93.17367,22.25942],[93.16902,22.24691],[93.12354,22.23069],[93.12313,22.21839],[93.14174,22.18728],[93.11952,22.18097],[93.09058,22.19715],[93.07249,22.20247],[93.04582,22.20686],[93.02453,22.2019],[93.02236,22.19622],[93.02257,22.12098],[93.02546,22.11292],[92.99518,22.10325],[92.98547,22.09596],[92.96717,22.06268],[92.96531,22.04956],[92.97792,22.01649],[92.97896,21.99535],[92.9681,21.98724],[92.9617,21.98688],[92.9556,21.98962],[92.93741,22.01302],[92.92097,22.02181],[92.90619,22.01731],[92.88924,21.96672],[92.87746,21.95701],[92.86702,21.96652],[92.8539,22.02414],[92.83612,22.04651],[92.77163,22.10418],[92.70807,22.14795],[92.68378,22.15431],[92.67396,22.14707],[92.67107,22.1339],[92.67396,22.09524],[92.66952,22.09266],[92.66208,22.09478],[92.65618,22.07529],[92.65835,22.03282],[92.65091,22.01917],[92.63985,22.01339],[92.61526,22.00879],[92.598,21.9893],[92.57588,21.97757],[92.55996,22.06134],[92.53733,22.12862],[92.54932,22.1385],[92.5642,22.13834],[92.57557,22.1433],[92.57702,22.16867],[92.51738,22.51258],[92.50084,22.56054],[92.50291,22.61862],[92.49588,22.69562],[92.49154,22.71107],[92.48069,22.72616],[92.45372,22.74797],[92.44204,22.76293],[92.43501,22.79329],[92.42633,22.87106],[92.41186,22.88793],[92.37868,22.90044],[92.35987,22.92661],[92.35222,22.96033],[92.35305,23.02991],[92.32762,23.17143],[92.32856,23.21119],[92.33269,23.22626],[92.35749,23.27894],[92.35687,23.28912],[92.34706,23.31543],[92.34861,23.3541],[92.3267,23.37527],[92.32535,23.40351],[92.30148,23.4318],[92.29683,23.44658],[92.29104,23.49528],[92.2528,23.60931],[92.25001,23.64262],[92.26169,23.68512],[92.25931,23.70649],[92.23874,23.71685],[92.2221,23.70778],[92.20939,23.66161],[92.1943,23.64814],[92.18076,23.66538],[92.17063,23.70364],[92.15079,23.73165],[92.10841,23.71824],[92.05963,23.65949],[92.04237,23.64556],[92.01901,23.64006],[92.00351,23.64742],[91.96165,23.69114],[91.93664,23.72354],[91.92269,23.72297],[91.91649,23.70987],[91.91442,23.68832],[91.91597,23.65016],[91.94232,23.53443],[91.94078,23.49518],[91.91814,23.45994],[91.90512,23.44663],[91.8891,23.43594],[91.8338,23.4139],[91.81768,23.40092],[91.79164,23.36834],[91.7626,23.32155],[91.74368,23.27233],[91.74916,23.23241],[91.76394,23.20063],[91.77903,23.13177],[91.79556,23.0895],[91.79133,23.08038],[91.77624,23.06526],[91.76094,23.06549],[91.75598,23.06154],[91.75505,23.04823],[91.73831,23.02467],[91.70699,22.99537],[91.69469,22.98813],[91.64694,22.97658],[91.62576,22.98154],[91.61666,22.97806],[91.6024,22.95297],[91.58607,22.94447],[91.57677,22.96881],[91.53656,22.98185],[91.52364,22.99521],[91.51941,23.00562],[91.51816,23.03508],[91.50328,23.04441],[91.49812,23.06996],[91.47042,23.15329],[91.4636,23.18412],[91.44644,23.19789],[91.44644,23.21554],[91.43993,23.22352],[91.43652,23.21486],[91.41357,23.24863],[91.39435,23.26266],[91.37213,23.26189],[91.36097,23.24752],[91.3557,23.22414],[91.3559,23.17965],[91.37461,23.09572],[91.37089,23.06278],[91.3374,23.07107],[91.31353,23.10105],[91.3005,23.14231],[91.27725,23.30326],[91.26578,23.32935],[91.28728,23.35555],[91.28397,23.36144],[91.27094,23.3646],[91.25813,23.37364],[91.2479,23.39377],[91.22733,23.46878],[91.22082,23.4779],[91.19508,23.49518],[91.18589,23.51156],[91.16987,23.56197],[91.14082,23.6121],[91.13628,23.62952],[91.13969,23.65357],[91.16646,23.65409],[91.17524,23.67031],[91.16894,23.68538],[91.13659,23.69889],[91.13235,23.72065],[91.14175,23.7399],[91.15757,23.74499],[91.17658,23.74654],[91.19498,23.75517],[91.20521,23.77157],[91.22526,23.82614],[91.22816,23.84498],[91.21276,23.88074],[91.21193,23.89446],[91.21627,23.90839],[91.25038,23.96404],[91.27415,23.98823],[91.29162,23.99482],[91.32707,23.98786],[91.33906,23.99523],[91.34929,24.03605],[91.35084,24.07424],[91.36303,24.09985],[91.40458,24.10313],[91.48044,24.08801],[91.51754,24.0852],[91.55868,24.08967],[91.58183,24.0961],[91.59651,24.10499],[91.60602,24.11886],[91.61377,24.1401],[91.62452,24.20346],[91.62906,24.21532],[91.6395,24.2117],[91.66617,24.15592],[91.68415,24.14548],[91.70368,24.14295],[91.72115,24.14899],[91.73262,24.16431],[91.732,24.18168],[91.72301,24.22098],[91.73293,24.23428],[91.80704,24.22113],[91.81376,24.18312],[91.84424,24.15532],[91.8645,24.15059],[91.87711,24.15804],[91.88434,24.17555],[91.90594,24.26064],[91.90688,24.28035],[91.89644,24.32012],[91.89985,24.33805],[91.92186,24.34451],[91.95307,24.32299],[91.97219,24.31606],[91.97137,24.32968],[91.94884,24.36353],[91.94997,24.37539],[92.03338,24.36885],[92.06273,24.37102],[92.08826,24.38164],[92.10759,24.40598],[92.1112,24.4343],[92.10593,24.49525],[92.11089,24.51429],[92.15316,24.54455],[92.1636,24.5592],[92.18293,24.64726],[92.23378,24.77753],[92.23688,24.80859],[92.23502,24.82476],[92.21766,24.87458],[92.22303,24.89138],[92.25218,24.90298],[92.29042,24.8913],[92.35832,24.85365],[92.36359,24.84102],[92.38075,24.8367],[92.47769,24.86391],[92.49154,24.88373],[92.49454,24.89486],[92.49134,24.91228],[92.48379,24.92822],[92.47439,24.93667],[92.44979,24.94644],[92.45806,24.95328],[92.45403,24.95812],[92.41248,24.98408],[92.41227,24.98739],[92.38695,24.99509],[92.38106,25.02344],[92.32814,25.04801],[92.31212,25.0686],[92.30354,25.07428],[92.23368,25.08496],[92.20805,25.09811],[92.1727,25.13196],[92.16474,25.13356],[92.151,25.12973],[92.13859,25.1364],[92.11616,25.13945],[92.09291,25.16472],[92.06604,25.17454],[92.034,25.18167],[92.00175,25.18296],[91.95628,25.16978],[91.90057,25.17759],[91.7937,25.16534],[91.74534,25.16937],[91.73014,25.16746],[91.71071,25.14467],[91.6889,25.15299],[91.67743,25.15263],[91.67226,25.1365],[91.66203,25.1272],[91.63868,25.12405],[91.5962,25.12891],[91.58018,25.1409],[91.56612,25.15996],[91.54876,25.1611],[91.52344,25.14518],[91.48075,25.13526],[91.43187,25.13795],[91.28397,25.17898],[91.2357,25.20192],[91.22495,25.20162],[91.20315,25.19133],[91.19085,25.18947],[91.13535,25.19123],[90.97515,25.16782],[90.94342,25.15743],[90.82198,25.14229],[90.79397,25.14539],[90.75397,25.16756],[90.73796,25.16942],[90.72204,25.1566],[90.70767,25.15299],[90.67057,25.15878],[90.6376,25.17108],[90.62344,25.17144],[90.58334,25.16203],[90.50138,25.1688],[90.39978,25.14901],[90.36464,25.14999],[90.28692,25.18007],[90.13008,25.21159],[89.90813,25.29691],[89.8702,25.29556],[89.8346,25.28244],[89.81904,25.28497],[89.80736,25.3045],[89.79853,25.34006],[89.79502,25.37416],[89.8007,25.41287],[89.82323,25.48914],[89.82509,25.56449],[89.83439,25.63477],[89.82421,25.67409],[89.80153,25.72468],[89.78313,25.81445],[89.78695,25.83915],[89.83005,25.90798],[89.83439,25.93175],[89.82643,25.93749],[89.81072,25.93878],[89.79202,25.94912],[89.81155,25.95521],[89.82561,25.9657],[89.82866,25.9794],[89.81414,25.99614],[89.79553,25.98596],[89.78943,25.98798],[89.75584,26.03242],[89.75021,26.04156],[89.74985,26.08389],[89.72877,26.11417],[89.71848,26.14554],[89.70654,26.15417],[89.67037,26.15412],[89.6558,26.1613],[89.65838,26.20786],[89.65301,26.22269],[89.63492,26.22584],[89.61332,26.21938],[89.6064,26.21101],[89.60846,26.18068],[89.61528,26.1691],[89.61441,26.16419],[89.58676,26.1692],[89.57343,26.16073],[89.56278,26.14259],[89.5694,26.13009],[89.58578,26.1229],[89.60422,26.12073],[89.56692,26.09898],[89.56702,26.08709],[89.57694,26.08265],[89.60386,26.08466],[89.61136,26.07221],[89.60288,26.05526],[89.55916,26.02224],[89.55069,25.99506],[89.54909,25.96886],[89.5417,25.95971],[89.52842,25.95712],[89.51818,25.96209],[89.49534,25.99506],[89.48563,25.99872],[89.41127,25.9932],[89.40662,25.99506],[89.39142,26.01547],[89.37974,26.01531],[89.35148,25.99686],[89.3353,25.99857],[89.29691,26.01816],[89.27298,26.04348],[89.23763,26.0581],[89.22926,26.0672],[89.22306,26.08657],[89.21262,26.09898],[89.19784,26.10771],[89.13159,26.13376],[89.11919,26.14662],[89.1117,26.1645],[89.10338,26.22517],[89.07588,26.27106],[89.06943,26.28739],[89.06886,26.31426],[89.08033,26.3156],[89.0948,26.30951],[89.10353,26.31369],[89.10291,26.32734],[89.09573,26.33452],[89.05522,26.34702],[89.05408,26.35395],[89.05728,26.36263],[89.05263,26.37462],[89.04374,26.38108],[89.01088,26.39017],[88.98654,26.4127],[88.95016,26.43694],[88.94101,26.43942],[88.92458,26.43214],[88.91197,26.42123],[88.89946,26.40449],[88.89125,26.38578],[88.89187,26.36878],[88.91243,26.34894],[88.94122,26.3401],[88.96602,26.32847],[88.97532,26.29995],[88.98173,26.29183],[88.98969,26.2894],[89.00798,26.29716],[89.00436,26.27571],[89.0116,26.2692],[89.03434,26.26579],[89.03971,26.24718],[89.01946,26.23447],[88.97532,26.22434],[88.94685,26.23292],[88.90272,26.27292],[88.87579,26.27736],[88.85564,26.26512],[88.84065,26.23204],[88.82484,26.22657],[88.808,26.23344],[88.78402,26.27995],[88.74795,26.2925],[88.6634,26.26444],[88.64583,26.27602],[88.65328,26.2831],[88.69012,26.29984],[88.70299,26.30966],[88.71224,26.32826],[88.70971,26.34062],[88.67338,26.36072],[88.66744,26.36816],[88.66852,26.38573],[88.65224,26.39152],[88.64986,26.39839],[88.65627,26.41513],[88.63302,26.42009],[88.61152,26.43084],[88.59116,26.46123],[88.57917,26.46603],[88.54977,26.46665],[88.52682,26.47539],[88.50682,26.48764],[88.46238,26.52882],[88.41102,26.5451],[88.39789,26.55869],[88.39438,26.61802],[88.38528,26.62354],[88.37252,26.61161],[88.35283,26.57869],[88.33236,26.51466],[88.31386,26.48154],[88.3151,26.46505],[88.32255,26.45177],[88.33562,26.44821],[88.34022,26.45415],[88.34301,26.4772],[88.34652,26.48402],[88.35355,26.48459],[88.37691,26.47534],[88.43458,26.46516],[88.46114,26.45389],[88.4754,26.43203],[88.49546,26.37808],[88.49763,26.35271],[88.4754,26.35581],[88.44864,26.35343],[88.43169,26.36222],[88.41381,26.3402],[88.36678,26.31343],[88.35169,26.30098],[88.3366,26.28181],[88.33293,26.26724],[88.33454,26.2308],[88.32627,26.21592],[88.3087,26.2061],[88.21888,26.18016],[88.19692,26.15964],[88.1638,26.14047],[88.15563,26.12848],[88.13992,26.08533],[88.14116,26.07546],[88.15641,26.06141],[88.1579,26.05045],[88.15103,26.03133],[88.12587,26.0134],[88.10654,25.97997],[88.08804,25.92322],[88.0744,25.90814],[88.08204,25.86385],[88.08897,25.84866],[88.08757,25.83098],[88.10334,25.81481],[88.11491,25.78726],[88.12773,25.77491],[88.14643,25.77574],[88.18271,25.79243],[88.22746,25.80427],[88.25992,25.78902],[88.32027,25.72525],[88.39298,25.68076],[88.41944,25.65378],[88.42378,25.59224],[88.43778,25.57984],[88.4754,25.56258],[88.48559,25.54263],[88.51277,25.52371],[88.52047,25.5093],[88.53029,25.5002],[88.55096,25.49648],[88.59359,25.49509],[88.64542,25.46734],[88.66635,25.46289],[88.67808,25.46589],[88.70619,25.49168],[88.73265,25.491],[88.74257,25.49519],[88.74195,25.51276],[88.77234,25.50196],[88.80582,25.47168],[88.81492,25.4586],[88.81632,25.43721],[88.79931,25.40171],[88.79962,25.39561],[88.81037,25.38843],[88.81833,25.35964],[88.842,25.33282],[88.84903,25.32719],[88.88019,25.32347],[88.90287,25.30342],[88.92649,25.30047],[88.97532,25.30264],[88.98271,25.29448],[88.98494,25.28497],[88.98235,25.27489],[88.97532,25.26523],[88.93775,25.24017],[88.92907,25.22942],[88.93078,25.20265],[88.92788,25.19273],[88.90964,25.18916],[88.92416,25.16787],[88.89864,25.16932],[88.81709,25.19681],[88.80913,25.19526],[88.80252,25.18813],[88.79234,25.16658],[88.78422,25.16095],[88.72454,25.16648],[88.66459,25.18689],[88.63426,25.19226],[88.59912,25.19314],[88.59013,25.19014],[88.5707,25.17324],[88.55938,25.17076],[88.4754,25.1951],[88.4413,25.18973],[88.43148,25.17304],[88.43417,25.11666],[88.4258,25.05106],[88.41412,25.02152],[88.39102,24.99509],[88.38786,24.96876],[88.37567,24.94561],[88.34089,24.90414],[88.32275,24.87468],[88.31361,24.8683],[88.24276,24.8806],[88.24188,24.89877],[88.23284,24.91827],[88.21878,24.93515],[88.20245,24.9453],[88.18302,24.94698],[88.16452,24.94111],[88.11491,24.91641],[88.13806,24.8635],[88.14096,24.84458],[88.11739,24.81926],[88.10778,24.8011],[88.09481,24.80311],[88.08824,24.79614],[88.08401,24.77045],[88.07698,24.76118],[88.05321,24.75498],[88.04846,24.71121],[88.03543,24.69382],[88.02716,24.67573],[88.02179,24.6456],[88.05724,24.6341],[88.06726,24.61367],[88.08184,24.59987],[88.08499,24.59388],[88.08602,24.53672],[88.09879,24.52248],[88.10995,24.50099],[88.13878,24.49525],[88.4013,24.36942],[88.4754,24.31547],[88.49835,24.31097],[88.5631,24.30821],[88.61245,24.29288],[88.63452,24.29412],[88.6495,24.31536],[88.66015,24.33826],[88.6818,24.33389],[88.71456,24.31542],[88.73751,24.2871],[88.74304,24.24754],[88.74981,24.22325],[88.7464,24.21408],[88.73162,24.18984],[88.69379,24.17532],[88.68376,24.16654],[88.67808,24.15429],[88.68299,24.12429],[88.6741,24.08264],[88.67901,24.07122],[88.69782,24.05626],[88.70092,24.04365],[88.725,24.03838],[88.72547,24.0289],[88.70159,23.99528],[88.71436,23.9644],[88.71715,23.94314],[88.71415,23.92516],[88.65312,23.86978],[88.63395,23.86614],[88.59359,23.86692],[88.57762,23.85516],[88.57437,23.84563],[88.57752,23.81852],[88.55271,23.77498],[88.55251,23.76542],[88.56119,23.74101],[88.5401,23.64995],[88.54155,23.63876],[88.56636,23.62874],[88.5617,23.60202],[88.57142,23.59233],[88.58155,23.58833],[88.60925,23.58879],[88.62423,23.57386],[88.64764,23.53508],[88.66449,23.51831],[88.70464,23.49518],[88.71942,23.4681],[88.73193,23.47262],[88.74371,23.48932],[88.75684,23.4988],[88.77017,23.48883],[88.76789,23.46728],[88.71927,23.34829],[88.69503,23.31261],[88.68594,23.29331],[88.68661,23.2716],[88.69658,23.25235],[88.71002,23.24122],[88.7757,23.22163],[88.78619,23.22153],[88.80954,23.23605],[88.82267,23.23796],[88.91807,23.20858],[88.95424,23.20742],[88.95998,23.20269],[88.95982,23.19445],[88.9547,23.18381],[88.9191,23.15386],[88.86479,23.10027],[88.8513,23.07513],[88.84872,23.02384],[88.83941,22.99537],[88.83879,22.97581],[88.84277,22.96457],[88.87218,22.92677],[88.89347,22.87964],[88.90515,22.86644],[88.9331,22.85812],[88.94452,22.84801],[88.9468,22.83452],[88.94514,22.81509],[88.93688,22.78233],[88.91496,22.7544],[88.90814,22.74078],[88.91057,22.72259],[88.92251,22.69371],[88.93,22.65862],[88.94235,22.63748],[88.95202,22.6119],[88.95641,22.58498],[88.95031,22.56198],[88.92799,22.54813],[88.95904,22.53682],[88.97098,22.52793],[88.97997,22.49093],[88.99837,22.45124],[89.0025,22.42799],[88.98948,22.39667],[89.00152,22.33368],[89.02354,22.29482],[89.00912,22.28562],[89.01863,22.26469],[89.0623,22.21156],[89.0762,22.17503],[89.07816,22.15084],[89.0604,22.12987],[89.04371,22.1374],[89.0486,22.12295],[89.03688,22.0856],[89.04005,22.06952],[89.05405,22.04365],[89.05738,22.03124],[89.0656,21.96711],[89.06088,21.93846],[89.03688,21.92512],[89.02312,21.9311],[89.01303,21.92943],[89.00807,21.92056],[89.00953,21.90461],[88.96046,21.93431],[88.94467,21.93879],[88.93784,21.94872],[88.92872,21.98656],[88.91391,21.98656],[88.90504,21.96943],[88.91082,21.94648],[88.92408,21.92634],[88.96827,21.90473],[88.99586,21.88418],[89.01588,21.85334],[89.03094,21.77045],[89.04371,21.73334],[89.06788,21.70913],[89.08522,21.67471],[89.08823,21.63373],[89.08269,21.61734],[89.06422,21.6092],[89.05323,21.60981],[89.03883,21.61945],[89.03395,21.63325],[89.01979,21.60611],[89.00026,21.60342],[88.97576,21.61591],[88.93385,21.64395],[88.89698,21.65013],[88.89161,21.65351],[88.8816,21.67202],[88.87208,21.74901],[88.86606,21.76683],[88.85865,21.76683],[88.85572,21.74885],[88.83823,21.70197],[88.84295,21.68415],[88.85987,21.65257],[88.85865,21.63654],[88.84425,21.62222],[88.82398,21.61726],[88.80584,21.62287],[88.79786,21.6402],[88.81837,21.65762],[88.81666,21.67504],[88.81088,21.69172],[88.80047,21.66185],[88.78403,21.65595],[88.77906,21.65119],[88.77711,21.64354],[88.78175,21.61424],[88.79664,21.58442],[88.79054,21.56826],[88.76246,21.55585],[88.72788,21.55988],[88.70753,21.57832],[88.72218,21.6092],[88.688,21.67813],[88.68491,21.69721],[88.70362,21.81061],[88.69451,21.83983],[88.71469,21.89785],[88.71697,21.95197],[88.72218,21.96613],[88.75831,21.99946],[88.76303,22.01728],[88.75465,22.03758],[88.71705,22.05805],[88.70851,22.07221],[88.71485,22.08698],[88.73015,22.10358],[88.76303,22.13056],[88.74391,22.12934],[88.72657,22.12116],[88.71217,22.10904],[88.69484,22.08153],[88.69288,22.06586],[88.69947,22.05321],[88.71852,22.04804],[88.73072,22.03718],[88.72332,22.01309],[88.70167,21.97602],[88.68995,21.94599],[88.67872,21.93667],[88.667,21.94501],[88.65626,21.94107],[88.64259,21.9409],[88.63087,21.94546],[88.62599,21.95551],[88.62745,21.9704],[88.64633,22.00023],[88.65349,22.01801],[88.6395,22.10952],[88.65699,22.15107],[88.674,22.16206],[88.68312,22.18496],[88.67994,22.20441],[88.66017,22.20502],[88.66114,22.19896],[88.65602,22.18325],[88.63494,22.14496],[88.63087,22.1258],[88.61915,22.10952],[88.61996,22.07832],[88.62599,22.04804],[88.62037,22.02998],[88.60255,22.00642],[88.59864,21.9903],[88.5984,21.92935],[88.56707,21.85082],[88.56463,21.76683],[88.58131,21.76944],[88.60418,21.77875],[88.62403,21.77802],[88.63282,21.75007],[88.62338,21.71027],[88.61264,21.6975],[88.59864,21.70539],[88.59181,21.70539],[88.59962,21.63727],[88.59506,21.61213],[88.57814,21.62344],[88.57814,21.57168],[88.57228,21.55793],[88.55893,21.55557],[88.54477,21.562],[88.53647,21.5751],[88.53028,21.5644],[88.52963,21.55337],[88.53443,21.54291],[88.54396,21.53408],[88.51295,21.52464],[88.49391,21.53482],[88.48797,21.55654],[88.49562,21.58186],[88.51401,21.60082],[88.51881,21.63915],[88.52963,21.65762],[88.50953,21.71231],[88.50489,21.74152],[88.51271,21.76341],[88.53289,21.79532],[88.53102,21.82412],[88.51588,21.85082],[88.49562,21.8767],[88.51466,21.9162],[88.51498,21.9372],[88.49562,21.95181],[88.49985,21.93366],[88.48121,21.9099],[88.47446,21.89033],[88.47706,21.87181],[88.49204,21.83714],[88.49562,21.81867],[88.4935,21.80516],[88.48146,21.80516],[88.47446,21.80097],[88.46827,21.77725],[88.45769,21.75886],[88.45338,21.74177],[88.45476,21.70539],[88.47218,21.66328],[88.46827,21.64395],[88.45631,21.62401],[88.42612,21.61103],[88.40968,21.59927],[88.39308,21.60025],[88.38356,21.63142],[88.38282,21.67133],[88.39259,21.69855],[88.35572,21.68496],[88.3462,21.68862],[88.33123,21.71906],[88.32472,21.70136],[88.3274,21.69111],[88.34571,21.6706],[88.34946,21.66096],[88.34881,21.6503],[88.33546,21.61579],[88.32179,21.60566],[88.30974,21.61018],[88.30445,21.63345],[88.30201,21.74518],[88.29819,21.76411],[88.28981,21.78022],[88.27312,21.79792],[88.26157,21.79865],[88.26417,21.7753],[88.29542,21.67658],[88.29705,21.65388],[88.28419,21.62124],[88.28338,21.6092],[88.28761,21.60029],[88.30063,21.58934],[88.30584,21.57168],[88.27898,21.55516],[88.2544,21.55467],[88.24928,21.5583],[88.24594,21.5799],[88.23748,21.60171],[88.22438,21.61302],[88.20826,21.60297],[88.18946,21.64179],[88.1819,21.66523],[88.18092,21.68496],[88.20346,21.72435],[88.21046,21.74726],[88.20143,21.77432],[88.20973,21.78856],[88.20379,21.80541],[88.15406,21.88809],[88.15943,21.90616],[88.14674,21.95922],[88.15626,21.99087],[88.2068,22.05337],[88.22242,22.07795],[88.21274,22.10004],[88.19801,22.16779],[88.16529,22.185],[88.11842,22.20018],[88.08131,22.21735],[88.07732,22.24042],[88.05974,22.22948],[88.04347,22.22476],[88.02703,22.22785],[88.00904,22.24042],[87.97267,22.28319],[87.9642,22.31928],[87.95069,22.35619],[87.94614,22.39492],[87.94044,22.41303],[87.92799,22.42422],[87.90659,22.42475],[87.90659,22.41861],[87.92286,22.39777],[87.9358,22.35517],[87.94752,22.27766],[87.95281,22.26244],[87.96534,22.24482],[87.99195,22.21589],[88.00847,22.2049],[88.09547,22.19123],[88.13258,22.17914],[88.16098,22.15656],[88.17351,22.11689],[88.16432,22.08979],[88.14064,22.06013],[88.11118,22.03486],[88.08473,22.0207],[88.0486,22.02074],[88.04314,22.01728],[88.05079,21.98501],[88.0324,21.95718],[87.98365,21.85419],[87.97047,21.83649],[87.89918,21.79483],[87.89291,21.77432],[87.8672,21.7508],[87.834,21.72932],[87.75571,21.69172],[87.70379,21.6555],[87.68385,21.65013],[87.62135,21.65062],[87.46876,21.6114],[87.34181,21.5624],[87.29347,21.55366],[87.25611,21.562],[87.2352,21.55451],[87.20094,21.55199],[87.11305,21.50796],[87.06373,21.475],[86.91765,21.32738],[86.86695,21.25605],[86.83725,21.17471],[86.844,21.08222],[86.95216,20.84911],[86.96567,20.80598],[86.95387,20.78058],[86.93629,20.7875],[86.91652,20.78807],[86.87875,20.78058],[86.88933,20.76447],[86.91066,20.75642],[86.9572,20.75324],[86.97999,20.75556],[86.98658,20.75186],[87.00001,20.72822],[87.0018,20.71898],[86.99871,20.71113],[86.98862,20.70425],[86.97576,20.71068],[86.96119,20.71284],[86.94825,20.70905],[86.9402,20.69798],[86.96119,20.69505],[86.97429,20.68439],[86.9865,20.68439],[86.99488,20.67072],[87.01938,20.68036],[87.04322,20.69798],[87.00359,20.65705],[86.97625,20.63788],[86.92319,20.62173],[86.77418,20.51195],[86.75148,20.48916],[86.7339,20.46223],[86.72462,20.43195],[86.72047,20.36848],[86.74195,20.37954],[86.75636,20.39374],[86.76979,20.4007],[86.78875,20.39012],[86.78981,20.4147],[86.79615,20.43732],[86.80982,20.41511],[86.7942,20.37816],[86.76832,20.34345],[86.75148,20.32807],[86.71974,20.31509],[86.70167,20.30378],[86.6937,20.29393],[86.70167,20.28465],[86.71974,20.29173],[86.75465,20.31444],[86.71746,20.28693],[86.62818,20.23526],[86.58383,20.21821],[86.53419,20.20612],[86.51148,20.19746],[86.49513,20.18407],[86.47885,20.12934],[86.46852,20.10928],[86.46713,20.09467],[86.41505,20.03632],[86.39145,20.02021],[86.40414,20.00263],[86.41407,19.99885],[86.42628,19.99917],[86.39723,19.98286],[86.3484,20.00886],[86.2754,20.06737],[86.20916,20.06664],[86.17302,20.1022],[86.1631,20.13483],[86.1587,20.14313],[86.15252,20.14313],[86.14503,20.12202],[86.15431,20.08999],[86.1587,20.08104],[86.16774,20.07294],[86.18776,20.06367],[86.21372,20.04243],[86.23024,20.0353],[86.26856,20.02644],[86.28907,20.02644],[86.29322,20.02143],[86.29591,20.00658],[86.31495,19.98688],[86.34156,19.97988],[86.35646,19.9704],[86.37241,19.96499],[86.26856,19.91035],[86.11158,19.8557],[86.08904,19.84422],[86.07838,19.84357],[86.05665,19.85688],[86.03207,19.8415],[86.01352,19.83906],[85.88884,19.80296],[85.84636,19.79584],[85.8086,19.77338],[85.78883,19.76569],[85.73439,19.76362],[85.71485,19.75422],[85.68458,19.74775],[85.62428,19.71857],[85.62599,19.72289],[85.636,19.72663],[85.63795,19.73164],[85.61427,19.72793],[85.54916,19.69062],[85.48048,19.66633],[85.4568,19.66332],[85.44988,19.66669],[85.44679,19.69062],[85.43043,19.69172],[85.42628,19.69746],[85.42701,19.70409],[85.43686,19.70466],[85.45086,19.7163],[85.52198,19.73908],[85.52556,19.73404],[85.51498,19.71113],[85.57651,19.74584],[85.56324,19.7569],[85.56414,19.76439],[85.57032,19.77318],[85.56715,19.79165],[85.57032,19.87564],[85.55714,19.88178],[85.51498,19.88931],[85.47682,19.90103],[85.46355,19.9029],[85.44012,19.89623],[85.41627,19.87979],[85.37452,19.8378],[85.31959,19.79365],[85.29029,19.78994],[85.26808,19.78002],[85.22096,19.73603],[85.20338,19.70726],[85.20655,19.68378],[85.18995,19.67097],[85.17514,19.63691],[85.15016,19.61347],[85.14015,19.59658],[85.13933,19.57978],[85.15138,19.56778],[85.15138,19.56029],[85.1229,19.54902],[85.1089,19.53897],[85.10288,19.52961],[85.1045,19.51488],[85.10874,19.50678],[85.11549,19.50747],[85.12403,19.51936],[85.12875,19.50951],[85.12867,19.48798],[85.12403,19.47834],[85.13575,19.48159],[85.15138,19.49885],[85.16245,19.50348],[85.18556,19.50568],[85.20289,19.51716],[85.1963,19.53848],[85.19923,19.5541],[85.20631,19.548],[85.21453,19.54727],[85.23325,19.5541],[85.19304,19.57392],[85.19304,19.5808],[85.2129,19.58112],[85.2326,19.60155],[85.24757,19.60871],[85.24757,19.61494],[85.23732,19.62055],[85.23325,19.63255],[85.24757,19.65648],[85.26075,19.65607],[85.30909,19.64224],[85.3506,19.67764],[85.38307,19.67609],[85.39145,19.69062],[85.40317,19.67129],[85.40528,19.64594],[85.38461,19.63597],[85.37794,19.61494],[85.35231,19.59943],[85.33676,19.5961],[85.33009,19.60497],[85.32643,19.6188],[85.31837,19.61953],[85.31105,19.6105],[85.30909,19.59504],[85.28842,19.60126],[85.3025,19.58666],[85.30584,19.58015],[85.30291,19.57392],[85.33058,19.5764],[85.57651,19.69062],[85.46339,19.63105],[85.33668,19.57518],[85.28541,19.53628],[85.24057,19.51805],[85.18043,19.475],[85.06951,19.37214],[84.99586,19.32331],[84.87208,19.21988],[84.79103,19.12059],[84.77516,19.1153],[84.73878,19.14765],[84.73121,19.12881],[84.72096,19.11424],[84.71998,19.10163],[84.74049,19.07368],[84.761,19.10163],[84.77524,19.10049],[84.78004,19.09707],[84.75115,19.0539],[84.74106,19.02814],[84.66505,18.93012],[84.63087,18.91572],[84.54786,18.79609],[84.54184,18.77578],[84.44825,18.68065],[84.43718,18.66279],[84.43263,18.6457],[84.42368,18.63646],[84.37045,18.6013],[84.34946,18.56981],[84.33286,18.5537],[84.30633,18.54369],[84.28175,18.52558],[84.24692,18.52558],[84.23764,18.51093],[84.24936,18.50165],[84.27101,18.50019],[84.34995,18.55292],[84.28793,18.50576],[84.24008,18.46076],[84.23048,18.44623],[84.18832,18.41804],[84.17449,18.39985],[84.14389,18.37482],[84.13282,18.34341],[84.12403,18.33381],[84.11313,18.29828],[84.0774,18.27155],[83.77516,18.13959],[83.61394,18.04515],[83.58229,18.01911],[83.55665,17.97346],[83.52613,17.94253],[83.48658,17.9169],[83.47291,17.90249],[83.46559,17.90249],[83.45192,17.92292],[83.44898,17.90689],[83.45297,17.86848],[83.43116,17.85423],[83.41774,17.80622],[83.40235,17.78449],[83.34132,17.71743],[83.2986,17.69013],[83.28468,17.69636],[83.27638,17.71308],[83.26824,17.71748],[83.24692,17.71625],[83.24204,17.70653],[83.24928,17.69538],[83.29249,17.67748],[83.2986,17.6728],[83.29908,17.66429],[83.24692,17.63422],[83.2129,17.63491],[83.2339,17.60773],[83.23894,17.59296],[83.20924,17.58369],[83.1714,17.5598],[83.08823,17.53071],[83.05323,17.5065],[83.01987,17.49091],[82.97584,17.45368],[82.94549,17.4431],[82.89682,17.40933],[82.88868,17.41014],[82.88331,17.42206],[82.83766,17.39277],[82.7964,17.38304],[82.75815,17.3592],[82.71852,17.34862],[82.47486,17.20596],[82.45192,17.18244],[82.43507,17.1538],[82.42286,17.13996],[82.38771,17.12694],[82.37037,17.11009],[82.34205,17.07319],[82.3117,17.04662],[82.29933,17.03034],[82.29168,16.99844],[82.2527,16.92918],[82.25074,16.90786],[82.25514,16.88532],[82.26791,16.8675],[82.29835,16.85847],[82.31422,16.84662],[82.33465,16.85407],[82.35206,16.8454],[82.36248,16.85908],[82.35743,16.92487],[82.34889,16.95649],[82.36118,16.93602],[82.36655,16.90864],[82.36557,16.81159],[82.35206,16.7613],[82.34596,16.70612],[82.33814,16.67841],[82.31422,16.62816],[82.31284,16.60814],[82.30397,16.60643],[82.29933,16.61009],[82.29379,16.62564],[82.28688,16.62816],[82.28094,16.62084],[82.28549,16.60651],[82.30738,16.57978],[82.25904,16.5655],[82.20346,16.51268],[82.1229,16.47736],[82.09067,16.45478],[82.06861,16.44428],[82.03736,16.44766],[81.99269,16.40843],[81.95623,16.40717],[81.94809,16.39155],[81.94077,16.38837],[81.89991,16.38581],[81.86166,16.37539],[81.78321,16.33857],[81.76295,16.32258],[81.7116,16.3122],[81.69606,16.31493],[81.65626,16.33735],[81.6364,16.33271],[81.62094,16.3395],[81.58497,16.34211],[81.56813,16.34638],[81.5739,16.35834],[81.56918,16.36758],[81.55698,16.37303],[81.54021,16.37368],[81.54908,16.35236],[81.53598,16.35004],[81.49586,16.36066],[81.47535,16.35863],[81.41668,16.34016],[81.42823,16.36567],[81.42408,16.37368],[81.41139,16.38251],[81.39894,16.38264],[81.37574,16.3675],[81.35963,16.37434],[81.31739,16.3675],[81.25961,16.33271],[81.24855,16.32014],[81.25961,16.28864],[81.25416,16.27131],[81.23032,16.2436],[81.21852,16.19945],[81.19028,16.13886],[81.18002,16.08674],[81.16196,16.05707],[81.15602,16.03852],[81.15545,15.9855],[81.14975,15.96963],[81.1351,15.9665],[81.08823,15.92121],[81.0433,15.89411],[81.02687,15.88084],[80.99887,15.84675],[80.99838,15.8347],[81.01254,15.81196],[81.01922,15.79238],[81.01905,15.78417],[81.01254,15.77782],[81.00473,15.77851],[80.99586,15.78433],[80.97902,15.80341],[80.94947,15.82787],[80.92164,15.83861],[80.91,15.85269],[80.90431,15.87128],[80.90268,15.89082],[80.91017,15.96589],[80.90895,15.98347],[80.8965,16.03107],[80.89226,16.02094],[80.8965,16.01056],[80.88901,16.00373],[80.87534,16.0174],[80.89129,15.97826],[80.89576,15.93602],[80.89015,15.89525],[80.85572,15.8227],[80.83025,15.74763],[80.82008,15.72687],[80.80714,15.71638],[80.80836,15.80394],[80.80274,15.84243],[80.77613,15.88426],[80.7601,15.89297],[80.69044,15.9007],[80.67018,15.9077],[80.6631,15.9007],[80.66041,15.89395],[80.66285,15.88935],[80.61842,15.88768],[80.57114,15.86872],[80.56072,15.88084],[80.55388,15.88084],[80.52589,15.85692],[80.49187,15.83926],[80.46909,15.83466],[80.43629,15.8083],[80.39332,15.79702],[80.35963,15.77582],[80.27963,15.70067],[80.26319,15.67455],[80.21949,15.56745],[80.21746,15.54816],[80.20134,15.5183],[80.1976,15.50308],[80.21119,15.49665],[80.18385,15.4523],[80.14031,15.4064],[80.1268,15.38813],[80.12127,15.37002],[80.09059,15.30488],[80.09254,15.29658],[80.08237,15.20409],[80.05299,15.0926],[80.05454,15.01415],[80.06153,14.97468],[80.07342,14.94204],[80.07301,14.92056],[80.10515,14.76386],[80.10816,14.71434],[80.11069,14.70478],[80.11695,14.69815],[80.15187,14.6728],[80.15984,14.66266],[80.16635,14.62816],[80.17848,14.60578],[80.17596,14.59296],[80.16969,14.58584],[80.14186,14.57123],[80.14918,14.56501],[80.1902,14.57123],[80.19695,14.56501],[80.1902,14.54759],[80.17596,14.46874],[80.17872,14.38939],[80.17498,14.34455],[80.15943,14.32477],[80.13706,14.26992],[80.12818,14.25654],[80.09791,14.2543],[80.08717,14.25031],[80.07008,14.22919],[80.05502,14.22158],[80.04664,14.20661],[80.05063,14.19611],[80.0735,14.20185],[80.10662,14.23404],[80.1211,14.24201],[80.13559,14.22919],[80.12338,14.19351],[80.12582,14.1485],[80.14967,14.02774],[80.16391,13.98798],[80.23715,13.83967],[80.24928,13.80028],[80.24545,13.7556],[80.22739,13.72053],[80.22096,13.69697],[80.22771,13.67707],[80.23805,13.66022],[80.25904,13.59174],[80.30958,13.47932],[80.31373,13.4409],[80.3069,13.4409],[80.24545,13.59174],[80.19728,13.64362],[80.1836,13.67918],[80.14186,13.72895],[80.14178,13.64912],[80.13559,13.61909],[80.12127,13.62726],[80.11769,13.63886],[80.12127,13.66376],[80.11785,13.67451],[80.10084,13.68626],[80.094,13.69477],[80.09132,13.65912],[80.07553,13.64838],[80.05299,13.61909],[80.05649,13.59516],[80.06951,13.57441],[80.10133,13.5371],[80.1194,13.50068],[80.17596,13.48932],[80.21974,13.48778],[80.22771,13.48558],[80.24342,13.47215],[80.26588,13.46825],[80.26238,13.45124],[80.29314,13.42914],[80.3069,13.41303],[80.31373,13.42723],[80.327,13.43036],[80.344,13.37543],[80.34783,13.34907],[80.33416,13.24291],[80.31984,13.24917],[80.31373,13.21503],[80.33416,13.22118],[80.33277,13.19815],[80.3069,13.14606],[80.31373,13.10578],[80.28972,13.07673],[80.28582,13.06757],[80.28272,13.02936],[80.26905,12.95726],[80.26319,12.83535],[80.25172,12.76252],[80.23365,12.711],[80.22869,12.67499],[80.20387,12.63215],[80.19646,12.61372],[80.1797,12.53262],[80.15602,12.47451],[80.12127,12.41682],[80.11704,12.40095],[80.09596,12.36225],[80.08717,12.35102],[80.05982,12.33422],[80.02573,12.27652],[80.00514,12.25605],[79.95216,12.22993],[79.94386,12.21784],[79.95314,12.21357],[79.97381,12.2224],[80.00514,12.24177],[79.9476,12.15363],[79.9275,12.12987],[79.89698,12.06875],[79.87013,12.03742],[79.86183,12.02204],[79.86183,11.97797],[79.85035,11.95913],[79.84498,11.93325],[79.82032,11.87865],[79.80323,11.79609],[79.79274,11.78807],[79.7859,11.76919],[79.75196,11.57697],[79.75734,11.53608],[79.78077,11.46507],[79.78598,11.42617],[79.79298,11.42617],[79.79737,11.43488],[79.79916,11.44221],[79.79298,11.45352],[79.80934,11.45136],[79.81666,11.44306],[79.82195,11.39106],[79.81935,11.3815],[79.81031,11.37889],[79.7693,11.38093],[79.74985,11.37368],[79.68434,11.3122],[79.67628,11.29645],[79.68312,11.29645],[79.6963,11.30341],[79.75196,11.34052],[79.75929,11.35834],[79.77638,11.36298],[79.79689,11.35904],[79.82993,11.3461],[79.83302,11.34199],[79.83497,11.26386],[79.85532,11.15986],[79.85222,11.00698],[79.84067,10.95014],[79.84986,10.75519],[79.85027,10.59211],[79.85963,10.55146],[79.86378,10.37873],[79.8567,10.29328],[79.85133,10.28221],[79.7951,10.26923],[79.77858,10.27538],[79.78004,10.29662],[79.75709,10.30907],[79.63315,10.3286],[79.62127,10.32416],[79.61411,10.30956],[79.66179,10.30707],[79.70362,10.28905],[79.7308,10.28905],[79.75896,10.28221],[79.77369,10.27367],[79.77247,10.2617],[79.75978,10.25825],[79.55665,10.29865],[79.55274,10.30272],[79.55177,10.3133],[79.5739,10.31696],[79.60402,10.32909],[79.60711,10.336],[79.58692,10.3437],[79.56772,10.33588],[79.52858,10.33832],[79.53224,10.32319],[79.51148,10.3166],[79.45973,10.3083],[79.43727,10.30956],[79.39812,10.32465],[79.38551,10.32014],[79.36378,10.30191],[79.30494,10.26813],[79.28614,10.25283],[79.27223,10.23444],[79.26922,10.19782],[79.2483,10.1892],[79.24,10.17976],[79.23634,10.16657],[79.24431,10.08495],[79.25416,10.05427],[79.27906,10.03583],[79.24073,10.01056],[79.20037,9.97028],[79.14186,9.89118],[79.12135,9.85025],[79.10084,9.82608],[79.09409,9.80231],[79.07781,9.78217],[79.03883,9.74722],[78.9808,9.66718],[78.97731,9.63793],[78.9568,9.6175],[78.93832,9.58369],[78.93149,9.56167],[78.9253,9.51362],[78.91326,9.47427],[78.91529,9.45303],[78.93344,9.41645],[78.95973,9.38496],[79.03989,9.31468],[79.07472,9.29987],[79.11557,9.29125],[79.25172,9.28852],[79.27377,9.2967],[79.29713,9.31265],[79.32008,9.32331],[79.34108,9.31586],[79.34571,9.30654],[79.33668,9.29047],[79.33367,9.27827],[79.3357,9.26765],[79.35353,9.24091],[79.43824,9.17634],[79.45362,9.159],[79.44028,9.15135],[79.424,9.15908],[79.36101,9.21345],[79.29274,9.25031],[79.23243,9.25788],[79.21697,9.2674],[79.20102,9.26651],[79.16538,9.27424],[79.1294,9.25633],[79.09864,9.25723],[79.08717,9.25381],[79.0608,9.26459],[79.02573,9.27375],[78.98894,9.27827],[78.9568,9.27485],[78.92897,9.25381],[78.91847,9.25161],[78.89552,9.25381],[78.84376,9.24396],[78.8152,9.22842],[78.77711,9.21939],[78.74073,9.19282],[78.72779,9.18744],[78.67628,9.18415],[78.66131,9.17719],[78.64894,9.15144],[78.63478,9.1446],[78.48585,9.12482],[78.44988,9.1166],[78.41212,9.09984],[78.37745,9.07746],[78.23976,8.96556],[78.21762,8.93895],[78.18279,8.8771],[78.17791,8.86107],[78.17449,8.79442],[78.17042,8.77188],[78.16236,8.75348],[78.17579,8.7639],[78.20045,8.76968],[78.21022,8.78828],[78.21518,8.76545],[78.2046,8.75332],[78.1692,8.73363],[78.15496,8.69888],[78.14047,8.68061],[78.13673,8.66987],[78.14259,8.6579],[78.11459,8.6579],[78.13551,8.6258],[78.14234,8.59308],[78.12827,8.48802],[78.11459,8.46613],[78.07984,8.43195],[78.06276,8.3732],[78.05592,8.36372],[78.03883,8.36091],[77.99977,8.34492],[77.80616,8.22866],[77.76832,8.18154],[77.75245,8.17381],[77.64381,8.15571],[77.59522,8.13898],[77.56105,8.11457],[77.56528,8.08251],[77.51092,8.076],[77.44972,8.08747],[77.3086,8.13093],[77.28679,8.15351],[77.26295,8.1684],[77.23894,8.17512],[77.22527,8.18439],[77.12875,8.2718],[76.99586,8.36811],[76.96258,8.40469],[76.88014,8.5207],[76.82651,8.56981],[76.81373,8.60126],[76.74171,8.68452],[76.73129,8.70795],[76.69565,8.73981],[76.66033,8.79975],[76.64454,8.819],[76.5586,8.89069],[76.54396,8.9125],[76.54811,8.92422],[76.55909,8.92524],[76.57325,8.90445],[76.59116,8.90815],[76.62062,8.92544],[76.60727,8.92577],[76.58155,8.91991],[76.57228,8.93163],[76.57398,8.94257],[76.59327,8.96821],[76.60328,8.97321],[76.65756,8.96638],[76.66082,8.96988],[76.63429,8.98688],[76.66847,8.99982],[76.66847,9.00739],[76.65789,9.01069],[76.64405,9.00788],[76.63209,9.00235],[76.62062,8.98713],[76.60646,8.98941],[76.58277,9.00056],[76.57683,8.99413],[76.56593,8.96328],[76.5586,8.95209],[76.55112,8.96638],[76.56153,8.97899],[76.56544,8.99433],[76.54965,8.98444],[76.53883,8.9726],[76.53443,8.95783],[76.5381,8.93911],[76.52809,8.94697],[76.5215,8.96133],[76.51384,9.00214],[76.50017,9.02228],[76.48927,9.05557],[76.46046,9.11494],[76.46241,9.13833],[76.46909,9.1166],[76.47657,9.1166],[76.48276,9.17182],[76.47332,9.16425],[76.46909,9.15135],[76.46241,9.15135],[76.44337,9.21214],[76.42823,9.24535],[76.41456,9.24698],[76.41603,9.23631],[76.44679,9.15961],[76.44874,9.14517],[76.44256,9.14517],[76.36297,9.32518],[76.31178,9.49299],[76.29103,9.6332],[76.29713,9.65843],[76.27735,9.80927],[76.25318,9.88373],[76.24676,9.89374],[76.23634,9.9527],[76.25148,9.96312],[76.26954,9.951],[76.28468,9.92853],[76.29103,9.9086],[76.28566,9.90436],[76.26222,9.91157],[76.25685,9.9086],[76.26059,9.88471],[76.26686,9.87604],[76.27735,9.87075],[76.28419,9.89118],[76.28907,9.87714],[76.28826,9.86123],[76.28077,9.84284],[76.29998,9.8478],[76.3047,9.85627],[76.29713,9.87075],[76.3086,9.87962],[76.31381,9.86131],[76.33888,9.69941],[76.3462,9.69941],[76.34734,9.72687],[76.33758,9.78925],[76.3462,9.81611],[76.32398,9.84618],[76.32008,9.86164],[76.33269,9.87075],[76.33741,9.85619],[76.35922,9.81611],[76.35922,9.7683],[76.36801,9.71556],[76.37713,9.6955],[76.39405,9.67894],[76.39243,9.66283],[76.3729,9.62434],[76.35328,9.53535],[76.35743,9.5207],[76.42579,9.50528],[76.43507,9.50764],[76.459,9.4973],[76.47706,9.50373],[76.50327,9.53498],[76.46656,9.55638],[76.4485,9.56342],[76.42823,9.55541],[76.40699,9.56908],[76.41969,9.59418],[76.41961,9.61449],[76.41505,9.63618],[76.41456,9.68268],[76.41,9.70026],[76.4026,9.7106],[76.39405,9.70624],[76.39405,9.74722],[76.38038,9.7851],[76.38404,9.80264],[76.3965,9.82266],[76.39405,9.84284],[76.36378,9.89924],[76.35922,9.91543],[76.32081,9.95332],[76.31153,9.96695],[76.29428,9.95132],[76.27817,9.97793],[76.2693,10.01626],[76.27394,10.03583],[76.25506,10.04768],[76.24513,10.1022],[76.23634,10.10346],[76.22771,10.10956],[76.21534,10.13825],[76.20753,10.11713],[76.22902,10.0659],[76.23097,10.02582],[76.23504,10.00507],[76.24269,9.98745],[76.2282,9.99994],[76.21461,10.02448],[76.18238,10.10566],[76.18116,10.12116],[76.18458,10.14492],[76.17774,10.15534],[76.1775,10.17064],[76.22413,10.19693],[76.23634,10.21027],[76.24171,10.22394],[76.24024,10.23896],[76.22283,10.23444],[76.20631,10.26288],[76.19484,10.26862],[76.20786,10.23456],[76.20948,10.21601],[76.20167,10.19969],[76.18409,10.18936],[76.17058,10.19375],[76.15317,10.22016],[76.13819,10.26105],[76.12062,10.34357],[76.10613,10.38467],[76.07008,10.43281],[76.05242,10.51398],[76.04461,10.52928],[76.00807,10.56708],[75.99968,10.60554],[75.93914,10.72606],[75.93214,10.75096],[75.92205,10.76557],[75.92107,10.7757],[75.92408,10.78071],[75.94158,10.79621],[75.91114,10.80923],[75.89454,10.84976],[75.88014,10.93268],[75.83277,11.09785],[75.74293,11.31013],[75.7308,11.33173],[75.72926,11.34366],[75.73951,11.35074],[75.74244,11.35871],[75.73552,11.37153],[75.72218,11.3675],[75.71119,11.38178],[75.69516,11.41999],[75.67709,11.4501],[75.66481,11.46263],[75.61655,11.47362],[75.6089,11.48493],[75.60084,11.52338],[75.58188,11.54979],[75.5853,11.56338],[75.53077,11.69367],[75.50611,11.72724],[75.37973,11.86498],[75.3558,11.85765],[75.34938,11.87198],[75.32456,11.89912],[75.30763,11.9322],[75.32651,11.93586],[75.40024,11.92023],[75.40024,11.92646],[75.38657,11.93513],[75.38282,11.9455],[75.3934,11.97484],[75.38022,11.9687],[75.36134,11.95124],[75.34913,11.94758],[75.33172,11.94953],[75.31609,11.95563],[75.30226,11.96605],[75.29038,11.98111],[75.27882,12.00324],[75.2811,12.01065],[75.31471,12.00837],[75.32976,12.01264],[75.32496,12.02265],[75.30421,12.04316],[75.26433,12.01333],[75.26051,11.99779],[75.2767,11.96743],[75.24562,12.00292],[75.22218,12.02204],[75.21062,12.017],[75.20704,12.01203],[75.20851,12.00837],[75.1937,12.02228],[75.18629,12.04157],[75.18051,12.0773],[75.14381,12.16132],[75.13087,12.20783],[75.13966,12.2486],[75.12672,12.24584],[75.10548,12.22126],[75.10475,12.24608],[75.09864,12.26903],[75.08286,12.30589],[75.0184,12.41474],[75.00994,12.44379],[74.99204,12.46174],[74.98536,12.49136],[74.95525,12.53726],[74.87965,12.72549],[74.87013,12.74286],[74.85572,12.75943],[74.85231,12.79731],[74.82765,12.82465],[74.82496,12.8382],[74.85141,12.82551],[74.85914,12.82461],[74.88111,12.84805],[74.91749,12.85814],[74.93287,12.86644],[74.94093,12.87861],[74.89479,12.87116],[74.8506,12.85716],[74.81756,12.86176],[74.77027,13.05244],[74.78338,13.08466],[74.76922,13.09956],[74.76295,13.1188],[74.75978,13.15522],[74.75294,13.16039],[74.74879,13.17084],[74.7378,13.22138],[74.73341,13.26276],[74.7151,13.33104],[74.68946,13.38158],[74.69459,13.39313],[74.68751,13.41035],[74.68092,13.46825],[74.69077,13.43911],[74.6937,13.41527],[74.70826,13.41303],[74.70192,13.42036],[74.70143,13.46137],[74.67709,13.52676],[74.67799,13.54914],[74.6714,13.60395],[74.67351,13.61909],[74.66798,13.62515],[74.66668,13.63276],[74.67286,13.62889],[74.67709,13.63032],[74.68092,13.64696],[74.68718,13.64696],[74.69679,13.64045],[74.70997,13.64057],[74.73561,13.6538],[74.72055,13.65229],[74.7129,13.6562],[74.70143,13.67373],[74.68832,13.68594],[74.68898,13.69086],[74.70143,13.69477],[74.68776,13.71182],[74.67604,13.70108],[74.66049,13.66006],[74.64698,13.69208],[74.62306,13.77416],[74.61459,13.83552],[74.59596,13.87149],[74.584,13.90388],[74.50473,14.01024],[74.49537,14.03058],[74.49537,14.07152],[74.47486,14.1057],[74.47316,14.16169],[74.46746,14.18138],[74.43873,14.22012],[74.42905,14.24042],[74.43336,14.26337],[74.44703,14.25397],[74.47104,14.24868],[74.49496,14.24746],[74.50896,14.25031],[74.50001,14.25796],[74.42774,14.28384],[74.41538,14.30109],[74.41261,14.34479],[74.39698,14.37275],[74.39422,14.41079],[74.39186,14.41901],[74.3816,14.43122],[74.37428,14.46727],[74.35385,14.50507],[74.3519,14.53022],[74.36704,14.51236],[74.38884,14.46271],[74.40724,14.46198],[74.39763,14.47541],[74.40113,14.47972],[74.42774,14.47626],[74.38543,14.52412],[74.37241,14.53022],[74.37924,14.54458],[74.36834,14.54971],[74.35874,14.54458],[74.35548,14.55707],[74.35874,14.57123],[74.34295,14.56367],[74.34295,14.53685],[74.33904,14.52399],[74.32488,14.51724],[74.30982,14.51944],[74.30055,14.52741],[74.30356,14.53766],[74.29591,14.56501],[74.29518,14.58731],[74.30738,14.60187],[74.33904,14.60594],[74.33904,14.61278],[74.3239,14.6186],[74.28712,14.60594],[74.27589,14.61018],[74.26808,14.61994],[74.26686,14.63129],[74.27622,14.64008],[74.26922,14.65892],[74.26319,14.70161],[74.25294,14.71894],[74.23406,14.73408],[74.22047,14.7381],[74.20875,14.73184],[74.19435,14.71581],[74.17384,14.74994],[74.15333,14.74994],[74.14584,14.76362],[74.11134,14.78034],[74.09645,14.79336],[74.09132,14.81143],[74.10914,14.80264],[74.11402,14.80842],[74.11427,14.82095],[74.11866,14.83186],[74.12875,14.83747],[74.14047,14.83877],[74.15154,14.83511],[74.15952,14.82567],[74.17897,14.85627],[74.19068,14.8631],[74.20802,14.86664],[74.2269,14.86274],[74.23308,14.86457],[74.2352,14.87653],[74.21119,14.88736],[74.20802,14.90082],[74.19752,14.89086],[74.16619,14.87653],[74.15406,14.86213],[74.14088,14.85269],[74.12501,14.84585],[74.11183,14.84618],[74.10304,14.85692],[74.09116,14.8876],[74.03598,14.92129],[74.03028,14.93521],[74.03598,14.97964],[74.03126,14.99531],[73.99578,15.01069],[73.97299,15.05687],[73.96437,15.06464],[73.9131,15.07892],[73.92897,15.12059],[73.93702,15.13044],[73.95826,15.14313],[73.96217,15.15204],[73.95411,15.16828],[73.94728,15.16083],[73.89129,15.34321],[73.88258,15.35529],[73.8274,15.36518],[73.8104,15.37759],[73.78289,15.4079],[73.83937,15.40404],[73.86012,15.40786],[73.88494,15.39802],[73.89959,15.4079],[73.93336,15.39541],[73.94532,15.38569],[73.95411,15.36628],[73.96778,15.37376],[73.93702,15.41132],[73.92758,15.41738],[73.88592,15.43521],[73.85857,15.43521],[73.84156,15.44888],[73.80616,15.45222],[73.7964,15.44888],[73.79518,15.46076],[73.80047,15.475],[73.81756,15.49665],[73.87224,15.51093],[73.85955,15.52114],[73.86598,15.5314],[73.86598,15.53758],[73.7964,15.50039],[73.78639,15.49217],[73.76629,15.49726],[73.75123,15.51313],[73.75611,15.53758],[73.73683,15.57172],[73.73707,15.59854],[73.74659,15.60838],[73.74871,15.61677],[73.76043,15.63202],[73.83814,15.65428],[73.83814,15.66112],[73.80104,15.66185],[73.78386,15.65912],[73.77662,15.65086],[73.72828,15.61957],[73.71827,15.62714],[73.69793,15.66283],[73.68588,15.70429],[73.68678,15.71312],[73.70086,15.72321],[73.65602,15.73029],[73.64625,15.73688],[73.64356,15.74909],[73.64625,15.79214],[73.63884,15.81721],[73.60467,15.88084],[73.58758,15.9029],[73.52898,15.94916],[73.5101,15.9676],[73.49098,15.99348],[73.48732,16.01423],[73.51596,16.0174],[73.51596,16.02485],[73.49928,16.02432],[73.4839,16.02822],[73.4725,16.03636],[73.46485,16.05166],[73.45037,16.0589],[73.44703,16.06892],[73.4607,16.08633],[73.4607,16.14468],[73.46339,16.15957],[73.48797,16.18936],[73.46502,16.18228],[73.45281,16.16657],[73.44801,16.1433],[73.44703,16.11359],[73.4402,16.16201],[73.4402,16.20234],[73.43523,16.21784],[73.43084,16.21874],[73.42596,16.21516],[73.41969,16.2167],[73.41358,16.22394],[73.37867,16.33271],[73.37867,16.35692],[73.35825,16.3675],[73.35939,16.3806],[73.36443,16.38931],[73.38494,16.4016],[73.35206,16.41812],[73.34132,16.43207],[73.334,16.46817],[73.31918,16.50975],[73.31381,16.5183],[73.30584,16.52265],[73.30299,16.53303],[73.30372,16.55557],[73.3073,16.56318],[73.344,16.52359],[73.35572,16.51944],[73.37867,16.5183],[73.36232,16.52546],[73.35084,16.53815],[73.37127,16.55927],[73.35402,16.55964],[73.33644,16.56562],[73.32276,16.57616],[73.31463,16.59943],[73.3235,16.60643],[73.35825,16.62067],[73.35841,16.60395],[73.36305,16.59683],[73.36866,16.59903],[73.37127,16.61018],[73.36647,16.62808],[73.35426,16.63467],[73.33888,16.63166],[73.3235,16.62067],[73.31218,16.64472],[73.31251,16.65839],[73.32146,16.67084],[73.3235,16.6791],[73.32162,16.69245],[73.3003,16.7132],[73.28956,16.74022],[73.29526,16.76805],[73.30445,16.79352],[73.30372,16.81314],[73.29689,16.80565],[73.28663,16.82087],[73.27467,16.84882],[73.26938,16.87564],[73.27955,16.88764],[73.26938,16.92918],[73.27052,16.94501],[73.27491,16.95864],[73.2894,16.98383],[73.26238,16.99698],[73.25457,17.00674],[73.26271,17.01854],[73.25123,17.03217],[73.25148,17.04243],[73.25896,17.04409],[73.26938,17.03164],[73.27735,17.05467],[73.27573,17.0786],[73.26743,17.10139],[73.25514,17.121],[73.26197,17.13496],[73.26059,17.15054],[73.23618,17.1992],[73.23601,17.22061],[73.21803,17.25324],[73.21485,17.26874],[73.19313,17.29401],[73.18702,17.30598],[73.20346,17.29873],[73.23121,17.27928],[73.24903,17.28486],[73.23471,17.30231],[73.20737,17.35375],[73.19597,17.36937],[73.17058,17.38972],[73.16529,17.41303],[73.1854,17.44188],[73.17335,17.45742],[73.18068,17.47769],[73.16554,17.5034],[73.13168,17.53937],[73.12599,17.55654],[73.12794,17.56468],[73.16342,17.56948],[73.20069,17.58649],[73.18588,17.59252],[73.15406,17.59561],[73.13917,17.60078],[73.12818,17.61156],[73.12135,17.62641],[73.12029,17.64204],[73.12615,17.65542],[73.11052,17.67573],[73.10548,17.68891],[73.10816,17.69977],[73.12322,17.72333],[73.1233,17.73578],[73.10987,17.75829],[73.10662,17.78555],[73.10133,17.79633],[73.07944,17.82461],[73.07374,17.85712],[73.0652,17.87836],[73.01856,17.95173],[73.0171,17.97211],[73.03541,17.99185],[73.01889,17.9925],[73.00864,18.00023],[73.00522,18.01236],[73.0088,18.02595],[73.01954,18.03588],[73.04225,18.04898],[73.04347,18.06696],[73.02272,18.05768],[73.0088,18.03901],[73.00115,18.05207],[72.98732,18.06656],[72.98097,18.08055],[72.98666,18.08771],[72.98813,18.09602],[72.97608,18.11864],[72.9673,18.19599],[72.95484,18.21752],[72.92693,18.22394],[72.93995,18.25129],[72.93482,18.25788],[72.93328,18.26659],[72.93995,18.28604],[72.95314,18.28132],[72.96453,18.25495],[72.97267,18.2447],[73.01246,18.24315],[73.0324,18.23786],[73.05096,18.22748],[73.06349,18.21035],[73.04762,18.20116],[73.04762,18.18879],[73.05746,18.18561],[73.07154,18.20409],[73.07398,18.22419],[73.06528,18.25755],[73.07154,18.27302],[73.05698,18.28095],[73.01246,18.2792],[72.99488,18.2836],[72.97739,18.29507],[72.96803,18.31061],[72.97478,18.32758],[72.95875,18.32811],[72.95086,18.33295],[72.9336,18.35493],[72.92791,18.35757],[72.91733,18.35639],[72.91261,18.36115],[72.90984,18.36807],[72.91261,18.38565],[72.91017,18.39924],[72.89145,18.42939],[72.89145,18.4809],[72.89576,18.503],[72.90724,18.52359],[72.92465,18.53563],[72.94679,18.53242],[72.96111,18.51773],[72.99024,18.46996],[73.0088,18.45051],[73.01498,18.46996],[72.98878,18.48994],[72.97788,18.52412],[72.9603,18.55467],[72.95021,18.56037],[72.92115,18.55488],[72.91017,18.55899],[72.90577,18.57714],[72.88217,18.63548],[72.86451,18.64891],[72.85532,18.68114],[72.85174,18.71967],[72.85239,18.76992],[72.85694,18.7862],[72.86557,18.79938],[72.87916,18.80736],[72.88706,18.80703],[72.90203,18.79951],[72.91261,18.79999],[72.92693,18.82665],[72.97478,18.77949],[72.96632,18.76142],[72.96957,18.74698],[72.98064,18.73676],[72.99513,18.73102],[72.98805,18.75385],[72.99171,18.77936],[73.00245,18.80146],[73.01629,18.81362],[72.98797,18.82494],[72.98129,18.83271],[72.97478,18.84833],[72.9817,18.87149],[72.97779,18.87499],[72.97218,18.87425],[72.96168,18.86514],[72.94614,18.8583],[72.91627,18.87051],[72.89682,18.89448],[72.91261,18.92349],[72.92807,18.91136],[72.93458,18.9208],[72.93678,18.94741],[72.94923,18.95148],[72.97722,18.94843],[72.98829,18.96442],[72.95362,18.96442],[72.95362,18.97126],[72.96827,18.9726],[72.99204,18.98249],[73.04664,18.99518],[73.05681,19.01533],[73.03981,19.01752],[73.01189,19.00943],[72.98829,18.9986],[72.98357,19.01044],[72.9878,19.03693],[72.98097,19.04637],[72.99187,19.06721],[72.98569,19.07429],[72.97381,19.07856],[72.9673,19.09101],[72.97478,19.16307],[72.9673,19.16307],[72.95004,19.12792],[72.93556,19.11506],[72.93393,19.08031],[72.92693,19.06684],[72.94337,19.05512],[72.93426,19.03408],[72.89145,18.99177],[72.88526,19.02586],[72.86931,19.01142],[72.85108,18.98713],[72.83627,18.95913],[72.82765,18.91836],[72.8213,18.90331],[72.81251,18.89745],[72.80274,18.90982],[72.80201,18.92048],[72.80738,18.94282],[72.80274,18.95759],[72.79591,18.95759],[72.78826,18.94652],[72.7754,18.93651],[72.77036,18.94819],[72.79591,18.98493],[72.80242,18.99966],[72.80494,19.01105],[72.80274,19.04019],[72.81707,19.0327],[72.82423,19.05353],[72.8213,19.06318],[72.80958,19.06684],[72.82195,19.09711],[72.82309,19.10847],[72.80958,19.14631],[72.81218,19.15371],[72.82244,19.16376],[72.82309,19.16926],[72.81804,19.17536],[72.81121,19.17552],[72.80519,19.17182],[72.79957,19.15689],[72.79217,19.15046],[72.78492,19.15038],[72.78159,19.15965],[72.8025,19.21162],[72.83009,19.25243],[72.81512,19.25365],[72.7894,19.21735],[72.7754,19.20466],[72.77223,19.26512],[72.77564,19.29902],[72.78541,19.31391],[72.83937,19.31908],[72.86704,19.3168],[72.88551,19.29605],[72.90056,19.29076],[72.93035,19.28657],[72.95973,19.29483],[72.97267,19.29369],[72.98829,19.27912],[73.01051,19.22431],[73.02662,19.20551],[73.04965,19.21772],[73.03004,19.22773],[73.02914,19.25934],[73.01246,19.27245],[72.9878,19.30069],[72.97096,19.30703],[72.91676,19.30337],[72.89894,19.30703],[72.85532,19.3395],[72.83692,19.34805],[72.81853,19.33027],[72.80209,19.33194],[72.78761,19.3452],[72.76344,19.38019],[72.74822,19.44424],[72.74684,19.46796],[72.7544,19.48176],[72.76922,19.49046],[72.87916,19.53238],[72.8567,19.54133],[72.81593,19.52851],[72.79591,19.5268],[72.78126,19.53657],[72.77068,19.56615],[72.74195,19.5808],[72.73455,19.5808],[72.74073,19.56074],[72.73976,19.55268],[72.73455,19.54662],[72.75489,19.52704],[72.75563,19.51936],[72.7492,19.5126],[72.74155,19.51602],[72.7225,19.53628],[72.71078,19.58759],[72.71803,19.60668],[72.70965,19.64997],[72.6867,19.7248],[72.69996,19.71418],[72.70777,19.69746],[72.72641,19.7058],[72.72641,19.71524],[72.7186,19.72793],[72.71404,19.74584],[72.7173,19.75153],[72.73129,19.75458],[72.73455,19.76264],[72.73276,19.77973],[72.72828,19.79365],[72.69012,19.74897],[72.67791,19.74657],[72.67579,19.76415],[72.67986,19.80048],[72.65008,19.84199],[72.64918,19.852],[72.65919,19.86644],[72.66424,19.88158],[72.66619,19.91657],[72.66277,19.9418],[72.66521,19.95295],[72.68434,19.96402],[72.70338,19.99763],[72.70777,20.01276],[72.70777,20.07111],[72.7103,20.08291],[72.72828,20.12946],[72.73764,20.18427],[72.75229,20.20376],[72.75563,20.21516],[72.75359,20.21821],[72.7444,20.21939],[72.74195,20.22504],[72.74195,20.24555],[72.74822,20.28034],[72.77752,20.33006],[72.78159,20.35228],[72.78679,20.35224],[72.79819,20.35932],[72.81707,20.37592],[72.82081,20.38614],[72.82309,20.41682],[72.82944,20.43793],[72.84002,20.45873],[72.87916,20.51244],[72.88648,20.53156],[72.89145,20.57514],[72.88526,20.61921],[72.88844,20.62848],[72.9026,20.64191],[72.90943,20.69868],[72.90797,20.71833],[72.89894,20.73216],[72.94028,20.75943],[72.94679,20.75947],[72.945,20.77001],[72.91944,20.78742],[72.91912,20.7956],[72.92498,20.81061],[72.91944,20.82152],[72.90024,20.79914],[72.88575,20.80712],[72.88014,20.8299],[72.88844,20.85196],[72.9004,20.86811],[72.89381,20.87006],[72.8812,20.86567],[72.83692,20.83584],[72.84588,20.85179],[72.85426,20.88715],[72.86492,20.89728],[72.83668,20.92992],[72.85646,20.94798],[72.88648,20.9621],[72.88844,20.98261],[72.83269,20.97236],[72.82309,20.98261],[72.81609,20.99901],[72.80836,21.00397],[72.78761,21.0069],[72.77198,21.02387],[72.76686,21.03856],[72.78395,21.04043],[72.82309,21.03384],[72.84498,21.03832],[72.84986,21.048],[72.80958,21.13003],[72.79957,21.12881],[72.75563,21.10956],[72.74195,21.12324],[72.73561,21.11074],[72.73455,21.09248],[72.73015,21.08784],[72.70037,21.07477],[72.70582,21.10635],[72.72869,21.1481],[72.71404,21.16413],[72.70655,21.1577],[72.6867,21.15815],[72.67644,21.15363],[72.6727,21.14574],[72.67124,21.0998],[72.6587,21.0976],[72.63787,21.0854],[72.62965,21.08796],[72.615,21.10586],[72.61549,21.11982],[72.63038,21.13597],[72.69353,21.17845],[72.71176,21.19404],[72.72104,21.1988],[72.73455,21.19892],[72.72364,21.20913],[72.68767,21.22044],[72.67319,21.23908],[72.64698,21.25361],[72.64576,21.27338],[72.61842,21.25292],[72.60613,21.26659],[72.60206,21.27766],[72.59791,21.30756],[72.58676,21.34121],[72.5905,21.34854],[72.63852,21.35716],[72.64576,21.36278],[72.63868,21.37124],[72.59409,21.36278],[72.57887,21.36701],[72.56764,21.37641],[72.56463,21.38581],[72.6351,21.40746],[72.67286,21.42813],[72.72828,21.46581],[72.74708,21.45287],[72.75262,21.46357],[72.74855,21.47964],[72.73829,21.48286],[72.68328,21.46581],[72.66505,21.45722],[72.61248,21.42186],[72.58367,21.41743],[72.61964,21.48737],[72.65105,21.50702],[72.69012,21.54068],[72.70395,21.54841],[72.72682,21.55317],[72.75115,21.56513],[72.7732,21.58051],[72.78907,21.59553],[72.8104,21.63508],[72.82309,21.64395],[72.834,21.64448],[72.87159,21.63654],[72.88966,21.64053],[72.93556,21.65835],[72.96534,21.67878],[73.02247,21.69855],[73.08497,21.72968],[73.11695,21.73725],[73.12696,21.74677],[73.13201,21.7578],[73.12615,21.76683],[73.11883,21.76472],[73.084,21.7464],[73.04664,21.73334],[73.02247,21.71601],[72.99147,21.70844],[72.95021,21.68915],[72.92693,21.68496],[72.85816,21.69497],[72.84034,21.68838],[72.81918,21.67504],[72.79811,21.67353],[72.75563,21.68496],[72.73325,21.68749],[72.67644,21.67813],[72.61606,21.68545],[72.5503,21.66669],[72.53468,21.67292],[72.52849,21.69514],[72.53207,21.71385],[72.55014,21.75194],[72.55633,21.77432],[72.56276,21.83942],[72.5669,21.84935],[72.58546,21.85887],[72.59881,21.88101],[72.61842,21.92512],[72.63404,21.93749],[72.65211,21.94107],[72.69012,21.93879],[72.70232,21.94758],[72.71404,21.98298],[72.73455,21.98656],[72.73455,21.99404],[72.7199,21.99632],[72.70777,21.99404],[72.70094,21.98892],[72.69353,21.97232],[72.62306,21.96662],[72.60271,21.94359],[72.5818,21.92817],[72.5586,21.91527],[72.54274,21.91083],[72.53338,21.92032],[72.50709,21.96231],[72.50172,21.97602],[72.52223,22.05427],[72.51954,22.08845],[72.53004,22.10749],[72.5359,22.14053],[72.54217,22.15672],[72.57545,22.19452],[72.5905,22.20502],[72.61411,22.21174],[72.63445,22.2104],[72.65235,22.20234],[72.6819,22.18159],[72.70777,22.18578],[72.72926,22.17744],[72.74822,22.16405],[72.79021,22.21723],[72.81227,22.23412],[72.84742,22.24042],[72.86508,22.23347],[72.88111,22.2204],[72.89723,22.21304],[72.91603,22.22309],[72.92213,22.23652],[72.9227,22.25458],[72.91749,22.27143],[72.90577,22.2814],[72.89967,22.26919],[72.88608,22.2624],[72.86948,22.2624],[72.83863,22.27656],[72.81821,22.27342],[72.7566,22.24372],[72.72657,22.24893],[72.65943,22.27391],[72.62501,22.27139],[72.60662,22.28384],[72.57374,22.28824],[72.55307,22.28246],[72.52117,22.25312],[72.50172,22.24042],[72.46616,22.23257],[72.45704,22.23672],[72.45484,22.24531],[72.46697,22.25584],[72.46388,22.26398],[72.44874,22.26683],[72.41375,22.24632],[72.39186,22.25348],[72.38103,22.28994],[72.38038,22.3124],[72.38819,22.32233],[72.40496,22.33295],[72.40805,22.35346],[72.39723,22.36677],[72.37135,22.3559],[72.36101,22.34345],[72.3405,22.30321],[72.3283,22.26073],[72.30909,22.25723],[72.28834,22.2613],[72.27516,22.26032],[72.26319,22.27635],[72.26466,22.29523],[72.24041,22.30191],[72.2234,22.30317],[72.20851,22.30044],[72.20094,22.29145],[72.20631,22.27391],[72.16179,22.28095],[72.14877,22.2779],[72.16603,22.26032],[72.19068,22.25129],[72.20924,22.25943],[72.24041,22.28824],[72.2461,22.27558],[72.23414,22.24356],[72.23911,22.23892],[72.26832,22.22675],[72.30649,22.22956],[72.31723,22.18488],[72.30763,22.07901],[72.29566,22.05117],[72.29176,22.05341],[72.27516,22.02753],[72.25766,22.01215],[72.23732,22.00702],[72.22096,22.01097],[72.21648,22.0078],[72.21437,21.99404],[72.20631,21.99404],[72.19988,22.00698],[72.19516,22.00365],[72.18637,21.98656],[72.17311,21.97565],[72.16342,21.97321],[72.1517,21.99388],[72.13429,22.00458],[72.11378,22.01056],[72.09702,22.00702],[72.11931,21.99364],[72.1281,21.98355],[72.12485,21.97232],[72.11492,21.96939],[72.07651,21.97972],[72.1045,21.95922],[72.10206,21.94505],[72.0962,21.94302],[72.07325,21.9545],[72.05519,21.95352],[72.03842,21.94758],[72.02866,21.93879],[72.08758,21.91966],[72.1045,21.91767],[72.1565,21.92585],[72.14536,21.91767],[72.14536,21.91083],[72.15919,21.90461],[72.15235,21.89785],[72.16977,21.89045],[72.16,21.86591],[72.16261,21.85285],[72.16944,21.84138],[72.16188,21.83918],[72.13087,21.84626],[72.11134,21.86986],[72.09848,21.88052],[72.07765,21.89444],[72.05795,21.89875],[72.04933,21.88044],[72.05291,21.87653],[72.08033,21.86986],[72.08644,21.86563],[72.1045,21.83576],[72.08676,21.83027],[72.06284,21.83438],[72.00416,21.85773],[71.99732,21.85493],[71.99464,21.8395],[71.9961,21.79951],[72.00148,21.78791],[72.00538,21.79296],[72.02182,21.80097],[72.02182,21.77432],[72.05494,21.78559],[72.0739,21.78872],[72.1032,21.77521],[72.11744,21.7766],[72.16603,21.79393],[72.17107,21.79096],[72.17701,21.76667],[72.19581,21.7578],[72.2024,21.74811],[72.21437,21.71284],[72.22381,21.70059],[72.24041,21.69172],[72.27174,21.6909],[72.27833,21.67194],[72.29566,21.65388],[72.29884,21.62629],[72.29566,21.61603],[72.27516,21.59553],[72.2422,21.48078],[72.2199,21.44473],[72.16684,21.39208],[72.15162,21.36018],[72.11606,21.32274],[72.1045,21.31501],[72.1115,21.29609],[72.10776,21.28998],[72.09702,21.28766],[72.10255,21.2744],[72.09083,21.25292],[72.1045,21.22215],[72.10475,21.20506],[72.09083,21.19147],[72.06666,21.18134],[72.05502,21.16836],[71.99073,21.13638],[71.97242,21.13227],[71.92628,21.13003],[71.80616,21.06208],[71.78858,21.04751],[71.76295,21.03229],[71.74366,21.02757],[71.71762,21.03205],[71.68336,21.01146],[71.63998,20.99681],[71.58351,20.95824],[71.54957,20.95124],[71.5573,20.96601],[71.56935,20.97919],[71.55112,20.97358],[71.49342,20.92914],[71.48439,20.91714],[71.48072,20.90038],[71.46225,20.88532],[71.3781,20.85944],[71.31861,20.84931],[71.14064,20.76569],[71.11695,20.76691],[71.11012,20.75947],[71.09547,20.76374],[71.06235,20.73896],[71.02418,20.74453],[71.00766,20.7416],[71.00082,20.72215],[70.98243,20.71015],[70.84018,20.70189],[70.81967,20.70295],[70.80161,20.70905],[70.77459,20.72736],[70.74024,20.71849],[70.69858,20.7464],[70.54152,20.80785],[70.48414,20.84394],[70.46306,20.84886],[70.45143,20.8559],[70.417,20.89045],[70.39877,20.90351],[70.33668,20.92707],[70.29998,20.95856],[70.26352,20.98041],[70.15219,21.07852],[70.05444,21.15316],[69.95826,21.27334],[69.91163,21.31501],[69.84498,21.38959],[69.81471,21.43366],[69.8086,21.46581],[69.78875,21.46931],[69.75636,21.49042],[69.62973,21.61603],[69.56821,21.65013],[69.51979,21.70478],[69.49936,21.7202],[69.47853,21.75263],[69.4463,21.7663],[69.42742,21.78124],[69.39772,21.81525],[69.39178,21.83218],[69.39519,21.86131],[69.39088,21.8767],[69.36785,21.85611],[69.35548,21.85318],[69.33619,21.86245],[69.24391,21.94595],[69.19842,21.97972],[69.15064,22.0412],[69.10304,22.07636],[69.09205,22.0996],[69.04819,22.1579],[69.01254,22.18561],[68.99415,22.20392],[68.98048,22.23554],[68.9533,22.27603],[68.94459,22.29507],[68.94402,22.31826],[68.96062,22.34951],[68.96762,22.38719],[68.98325,22.41938],[69.0075,22.44318],[69.04754,22.46402],[69.07358,22.48188],[69.08139,22.48054],[69.08522,22.47289],[69.08229,22.45954],[69.07447,22.44945],[69.056,22.44184],[69.04819,22.43159],[69.06227,22.4077],[69.07179,22.39948],[69.08855,22.39688],[69.09742,22.39887],[69.12273,22.41108],[69.14698,22.40485],[69.15463,22.4077],[69.17856,22.42764],[69.18824,22.42642],[69.20216,22.41486],[69.20574,22.39867],[69.18214,22.36644],[69.18531,22.34968],[69.16969,22.32795],[69.17384,22.3083],[69.19044,22.2923],[69.21209,22.2814],[69.21209,22.27391],[69.28647,22.28461],[69.3357,22.30614],[69.34645,22.3249],[69.35987,22.32917],[69.4354,22.33039],[69.47967,22.34223],[69.5027,22.37226],[69.51987,22.37763],[69.52564,22.39208],[69.51368,22.43159],[69.51596,22.44815],[69.53077,22.44611],[69.54103,22.45209],[69.54786,22.45209],[69.55982,22.41153],[69.5617,22.39159],[69.5547,22.37763],[69.56902,22.37055],[69.60108,22.36384],[69.61606,22.3559],[69.61988,22.37104],[69.62973,22.38378],[69.64039,22.37596],[69.64723,22.38044],[69.66944,22.40925],[69.67465,22.41108],[69.69939,22.40428],[69.709,22.41889],[69.73341,22.48005],[69.79493,22.41861],[69.80698,22.42097],[69.82228,22.45209],[69.83326,22.46381],[69.84181,22.46638],[69.86378,22.46577],[69.88478,22.47358],[69.90528,22.4864],[69.96209,22.53535],[69.97299,22.54145],[69.99627,22.54145],[70.02084,22.55512],[70.05909,22.55842],[70.1447,22.5478],[70.17848,22.56196],[70.18971,22.57779],[70.20729,22.61498],[70.23487,22.64887],[70.26726,22.70596],[70.3191,22.77827],[70.32325,22.78766],[70.32252,22.82266],[70.34295,22.84317],[70.37526,22.90266],[70.40463,22.9195],[70.43686,22.9549],[70.45338,22.96662],[70.48634,22.96369],[70.49757,22.97004],[70.50473,22.97956],[70.52719,23.02359],[70.52849,23.04706],[70.52369,23.07038],[70.5149,23.08954],[70.50294,23.1044],[70.48422,23.12214],[70.46713,23.12971],[70.45965,23.114],[70.45094,23.10566],[70.41066,23.086],[70.39877,23.06904],[70.40105,23.0454],[70.41098,23.02318],[70.40187,22.99925],[70.40382,22.98188],[70.40162,22.95384],[70.39877,22.9455],[70.39243,22.94086],[70.36354,22.93871],[70.34669,22.9313],[70.32569,22.94501],[70.3191,22.9455],[70.30348,22.93814],[70.29176,22.95303],[70.2693,22.95856],[70.24968,22.98745],[70.23308,23.00015],[70.23194,22.97492],[70.22202,22.95917],[70.20411,22.95222],[70.17848,22.95303],[70.1631,22.94896],[70.14747,22.96605],[70.12908,22.96931],[70.12501,22.97598],[70.13063,22.99396],[70.10955,22.95917],[70.13234,22.94107],[70.13543,22.93],[70.12013,22.92504],[70.06178,22.9182],[69.99692,22.89378],[69.94068,22.88614],[69.88429,22.86782],[69.83318,22.85847],[69.78012,22.82746],[69.7601,22.80834],[69.72885,22.75483],[69.71583,22.74689],[69.65382,22.76048],[69.5857,22.76118],[69.57569,22.76435],[69.55698,22.77851],[69.54444,22.78168],[69.50001,22.78168],[69.47218,22.79466],[69.42465,22.80427],[69.40594,22.81367],[69.37257,22.819],[69.33814,22.83308],[69.23878,22.84195],[69.20192,22.85224],[69.13559,22.88837],[69.03989,22.95051],[68.86622,23.01996],[68.69125,23.13052],[68.65406,23.15778],[68.65064,23.16206],[68.64967,23.18085],[68.62257,23.19156],[68.60914,23.20677],[68.59995,23.22504],[68.59571,23.24038],[68.60939,23.22671],[68.62013,23.24543],[68.62306,23.26765],[68.60532,23.25959],[68.57781,23.25528],[68.55226,23.25971],[68.54103,23.27822],[68.56105,23.31611],[68.60694,23.32559],[68.60304,23.33283],[68.59205,23.34007],[68.57106,23.34638],[68.56105,23.36392],[68.54103,23.357],[68.52068,23.36921],[68.51515,23.37702],[68.51515,23.39932],[68.52076,23.40754],[68.52955,23.41193],[68.54103,23.41169],[68.53639,23.42133],[68.53012,23.42569],[68.52215,23.42475],[68.51319,23.41852],[68.50148,23.42328],[68.49049,23.40933],[68.47535,23.40485],[68.46258,23.40912],[68.45883,23.41983],[68.4655,23.44579],[68.44044,23.43427],[68.43092,23.43659],[68.42368,23.44579],[68.44744,23.48745],[68.46559,23.50528],[68.48585,23.51411],[68.48129,23.52513],[68.46803,23.51984],[68.45867,23.52147],[68.43735,23.54881],[68.44744,23.51634],[68.44695,23.503],[68.43116,23.4936],[68.41163,23.4947],[68.4061,23.50873],[68.41082,23.54881],[68.40496,23.5976],[68.40886,23.62132],[68.4275,23.63142],[68.47153,23.61864],[68.49147,23.61884],[68.49269,23.6376],[68.48618,23.64142],[68.46876,23.64082],[68.4655,23.65526],[68.46941,23.65925],[68.48894,23.66478],[68.50473,23.67422],[68.53354,23.67918],[68.5547,23.70649],[68.58351,23.7353],[68.60174,23.74868],[68.63787,23.76154],[68.65455,23.79906],[68.67075,23.81574],[68.68019,23.81778],[68.71559,23.81574],[68.7256,23.81892],[68.74513,23.83308],[68.76881,23.84113],[68.82162,23.8784],[68.80568,23.88443],[68.78004,23.87409],[68.76694,23.8784],[68.74024,23.85346],[68.71778,23.84101],[68.63347,23.83308],[68.62306,23.82441],[68.60939,23.79523],[68.59889,23.78189],[68.58774,23.7757],[68.5547,23.76854],[68.51002,23.74409],[68.47283,23.73749],[68.44972,23.72333],[68.42774,23.7143],[68.41082,23.70051],[68.34197,23.62397],[68.35157,23.61782],[68.35304,23.61066],[68.34197,23.59662],[68.32732,23.5869],[68.29412,23.5904],[68.2308,23.58808],[68.18141,23.59406],[68.1574,23.60082],[68.1434,23.6127],[68.15016,23.63137],[68.17543,23.63141],[68.17867,23.63372],[68.18475,23.65218],[68.19966,23.6596],[68.20932,23.66275],[68.22079,23.65843],[68.23258,23.64491],[68.24513,23.65912],[68.27589,23.66584],[68.28045,23.68598],[68.25896,23.67471],[68.24098,23.67402],[68.22486,23.68187],[68.20875,23.69623],[68.19752,23.71454],[68.19776,23.77481],[68.16928,23.74823],[68.16375,23.75772],[68.16603,23.77318],[68.17563,23.79824],[68.18352,23.8433],[68.20729,23.87702],[68.23995,23.89312],[68.25679,23.89193],[68.26036,23.89554],[68.25194,23.90482],[68.25266,23.92009],[68.25493,23.92911],[68.26393,23.93593],[68.274,23.93769],[68.2862,23.91637],[68.30041,23.9105],[68.31405,23.91591],[68.32599,23.92779],[68.33503,23.941],[68.32986,23.95815],[68.33043,23.96657],[68.34263,23.96856],[68.34888,23.96461],[68.3524,23.95655],[68.35364,23.93929],[68.38547,23.96042],[68.43156,23.96714],[68.72447,23.96518],[68.72591,24.28922],[68.74731,24.33118],[68.79919,24.32908],[68.81382,24.30844],[68.81965,24.2503],[68.83877,24.23646],[68.8489,24.24402],[68.88012,24.29736],[68.88508,24.31356],[68.8903,24.31947],[68.9042,24.32058],[68.92197,24.31051],[68.94869,24.27028],[68.96264,24.25723],[68.98078,24.25539],[69.00781,24.26457],[69.04848,24.28524],[69.0677,24.28844],[69.09189,24.2819],[69.14821,24.25666],[69.16671,24.25317],[69.20625,24.25857],[69.28082,24.28374],[69.56307,24.27676],[69.59232,24.26462],[69.67056,24.18871],[69.71459,24.16858],[69.76905,24.16256],[69.97204,24.16522],[70.01596,24.17406],[70.05214,24.20206],[70.06299,24.22031],[70.08717,24.28255],[70.09787,24.29883],[70.1097,24.3049],[70.14459,24.3079],[70.2022,24.32557],[70.24256,24.33061],[70.2791,24.35508],[70.29853,24.36342],[70.3532,24.36627],[70.37077,24.37236],[70.41635,24.40195],[70.52095,24.42492],[70.56291,24.42409],[70.57521,24.40004],[70.56921,24.38988],[70.54647,24.37314],[70.54565,24.36218],[70.55536,24.32702],[70.56022,24.28725],[70.56766,24.27281],[70.58471,24.2579],[70.62151,24.24116],[70.75545,24.23144],[70.77602,24.23669],[70.81359,24.25446],[70.85147,24.26488],[70.85757,24.27167],[70.84454,24.28829],[70.84093,24.30583],[70.85653,24.32381],[70.91772,24.36172],[70.93632,24.3672],[70.95534,24.3659],[70.97714,24.35725],[70.99668,24.3566],[71.00712,24.36397],[71.0251,24.38629],[71.07306,24.4021],[71.08277,24.41151],[71.07502,24.43642],[71.04009,24.44678],[71.00009,24.4529],[70.97714,24.46494],[70.97322,24.48724],[70.9819,24.52853],[70.98087,24.53473],[70.95777,24.55602],[70.95482,24.58452],[70.96278,24.61578],[70.97714,24.63969],[71.04334,24.66906],[71.06386,24.68258],[71.03694,24.72074],[71.00319,24.8082],[70.94304,24.89406],[70.91524,24.94662],[70.89333,25.00189],[70.85989,25.13945],[70.84857,25.16332],[70.83142,25.18332],[70.76837,25.23309],[70.73489,25.26735],[70.7231,25.2873],[70.7105,25.33587],[70.67039,25.37556],[70.65448,25.39659],[70.64662,25.43137],[70.65748,25.63363],[70.65386,25.67446],[70.63231,25.70138],[70.59226,25.70882],[70.55443,25.69879],[70.51666,25.68386],[70.47723,25.67632],[70.36013,25.67347],[70.3037,25.68458],[70.26458,25.6973],[70.24923,25.70768],[70.23445,25.73099],[70.21399,25.78633],[70.19559,25.80695],[70.15425,25.83941],[70.11498,25.88173],[70.08325,25.92994],[70.06464,25.98033],[70.06428,25.99552],[70.07291,26.04746],[70.07389,26.08311],[70.07828,26.09965],[70.13203,26.18047],[70.14691,26.21742],[70.15161,26.25406],[70.14247,26.31369],[70.1605,26.37131],[70.15699,26.41095],[70.16293,26.49332],[70.15807,26.53011],[70.1296,26.56251],[70.09368,26.58039],[70.05606,26.58908],[69.81556,26.58029],[69.77226,26.59507],[69.70022,26.653],[69.6594,26.6777],[69.50416,26.73516],[69.47284,26.76658],[69.46509,26.80777],[69.50757,27.05008],[69.53444,27.12558],[69.57558,27.18842],[69.66611,27.27002],[69.73061,27.31032],[69.84802,27.41037],[69.90806,27.49729],[69.99354,27.57108],[70.01689,27.60059],[70.09069,27.79355],[70.10195,27.81174],[70.199,27.90096],[70.26773,27.94527],[70.32385,28.00044],[70.34194,28.01147],[70.39827,28.02165],[70.45625,28.03979],[70.50679,28.02896],[70.5349,28.01596],[70.55981,27.99845],[70.59288,27.9645],[70.6212,27.94414],[70.63319,27.93163],[70.64161,27.91127],[70.63763,27.87422],[70.64073,27.85479],[70.67174,27.7911],[70.71039,27.74115],[70.76176,27.70978],[70.83157,27.70146],[70.91379,27.71782],[71.15068,27.82241],[71.22633,27.84536],[71.31144,27.86171],[71.39779,27.86838],[71.47712,27.86244],[71.56073,27.86853],[71.86086,27.95021],[71.8744,27.95969],[71.87998,27.97491],[71.89156,28.0971],[71.89693,28.11555],[71.9083,28.13557],[71.9882,28.2281],[72.11098,28.31763],[72.14994,28.35377],[72.17764,28.39705],[72.19779,28.44488],[72.2565,28.64559],[72.28027,28.68716],[72.35458,28.76719],[72.38218,28.78401],[72.90152,29.02262],[72.91816,29.03285],[72.93036,29.04768],[72.96292,29.11683],[72.98865,29.15463],[73.05087,29.22822],[73.23287,29.5366],[73.37033,29.92732],[73.38522,29.94231],[73.55782,30.01254],[73.73972,30.04845],[73.77827,30.06731],[73.94435,30.18829],[73.9489,30.21728],[73.93464,30.26105],[73.9119,30.30378],[73.89164,30.32978],[73.84234,30.35298],[73.85175,30.37267],[73.86767,30.38745],[73.88761,30.39654],[73.90611,30.39484],[73.89991,30.42212],[73.91666,30.41716],[73.92926,30.41908],[73.93908,30.42605],[74.0044,30.50894],[74.04409,30.51866],[74.05753,30.53137],[74.06145,30.5556],[74.05711,30.59157],[74.06745,30.61054],[74.09587,30.63715],[74.11148,30.64624],[74.13266,30.65549],[74.15571,30.65958],[74.16367,30.6649],[74.17008,30.68717],[74.18465,30.69684],[74.19116,30.71704],[74.21514,30.73745],[74.23571,30.76412],[74.26671,30.78835],[74.25669,30.81528],[74.2602,30.81941],[74.27994,30.82468],[74.3002,30.83817],[74.31136,30.85595],[74.30402,30.87403],[74.31922,30.89341],[74.32976,30.89961],[74.34247,30.90194],[74.40128,30.8931],[74.40913,30.90101],[74.41337,30.91506],[74.42432,30.93232],[74.44158,30.94617],[74.45854,30.95341],[74.49946,30.95651],[74.51931,30.96245],[74.56406,31.00436],[74.56426,31.02503],[74.57946,31.04271],[74.60096,31.05661],[74.65883,31.08379],[74.63196,31.10751],[74.61698,31.11526],[74.59692,31.11578],[74.5531,31.10896],[74.53677,31.11516],[74.51486,31.14182],[74.50639,31.17541],[74.50907,31.19567],[74.52509,31.23541],[74.5253,31.28021],[74.53222,31.30321],[74.5716,31.38925],[74.61191,31.4402],[74.61718,31.45891],[74.6146,31.47782],[74.58452,31.51751],[74.55558,31.61223],[74.49946,31.69988],[74.48944,31.71119],[74.50329,31.73057],[74.51621,31.73739],[74.52303,31.75848],[74.53512,31.77114],[74.5408,31.81088],[74.55042,31.827],[74.56561,31.84054],[74.64106,31.89056],[74.65718,31.89568],[74.67,31.90415],[74.69842,31.95025],[74.76301,31.93898],[74.78368,31.94286],[74.80249,31.96885],[74.81128,32.00373],[74.82864,32.02544],[74.87319,32.01169],[74.8891,32.0289],[74.90884,32.0319],[74.93137,32.02983],[74.95566,32.03221],[74.96786,32.03789],[74.98615,32.06321],[74.99556,32.0674],[75.03018,32.06642],[75.02264,32.09468],[75.04082,32.09799],[75.10211,32.0781],[75.11896,32.08104],[75.13839,32.09349],[75.17415,32.08683],[75.17312,32.10972],[75.19575,32.12863],[75.24991,32.14889],[75.26334,32.15091],[75.29466,32.14889],[75.3084,32.1939],[75.31657,32.21075],[75.34861,32.24201],[75.35905,32.26168],[75.35295,32.28439],[75.32691,32.31247],[75.23017,32.3802],[75.19616,32.3973],[75.12599,32.41174],[75.09219,32.42934],[75.05488,32.45554],[75.02367,32.46626],[74.9907,32.46337],[74.94843,32.44877],[74.90698,32.44518],[74.83815,32.47487],[74.79939,32.47267],[74.76353,32.46267],[74.72498,32.46081],[74.68932,32.47135],[74.66255,32.49838],[74.63258,32.56817],[74.62958,32.58809],[74.65604,32.64067],[74.65728,32.66059],[74.65015,32.70124],[74.64974,32.72315],[74.65697,32.74534],[74.68229,32.78733],[74.68912,32.80882],[74.68529,32.83123],[74.67175,32.84058],[74.65356,32.83743],[74.63589,32.82208],[74.61408,32.7704],[74.59341,32.75787],[74.57377,32.75255],[74.52096,32.74529],[74.50091,32.74601],[74.48448,32.75353],[74.45533,32.7786],[74.43869,32.78598],[74.41895,32.78462],[74.38639,32.76777],[74.36769,32.76353],[74.34619,32.76689],[74.32934,32.77642],[74.31632,32.79108],[74.3065,32.80991],[74.31699,32.82307],[73.98301,32.96907],[73.95624,33.00618],[73.94301,33.01819],[73.92606,33.02597],[73.90735,33.02995],[73.8595,33.02698],[73.8224,33.01321],[73.80586,33.01514],[73.7732,33.03065],[73.76349,33.04566],[73.73196,33.06266],[73.67274,33.08491],[73.6405,33.1033],[73.62251,33.12449],[73.64535,33.14309],[73.64442,33.15439],[73.65455,33.17304],[73.65486,33.18469],[73.64928,33.19485],[73.62076,33.212],[73.61466,33.23244],[73.59471,33.2282],[73.58117,33.22916],[73.57983,33.23926],[73.60029,33.24671],[73.59347,33.3043],[73.60319,33.33303],[73.57642,33.36954],[73.57383,33.3874],[73.5944,33.41173],[73.60422,33.44158],[73.62758,33.45207],[73.6282,33.4617],[73.61466,33.51966],[73.61817,33.52617],[73.63099,33.53118],[73.63502,33.5408],[73.63285,33.55684],[73.61466,33.59312],[73.60381,33.60593],[73.57642,33.62637],[73.57311,33.63366],[73.57838,33.64756],[73.57745,33.66324],[73.60029,33.70859],[73.59574,33.74562],[73.58851,33.76233],[73.57642,33.77714],[73.56722,33.80344],[73.58252,33.87674],[73.57983,33.91046],[73.51864,34.00777],[73.50852,34.06839],[73.49043,34.12949],[73.49043,34.19835],[73.4741,34.26918],[73.45953,34.2824],[73.44723,34.30597],[73.40713,34.35504],[73.4002,34.37553],[73.41508,34.39764],[73.42592,34.43033],[73.42748,34.47003],[73.43751,34.48772],[73.43668,34.52216],[73.44495,34.53686],[73.44712,34.55805],[73.45446,34.56637],[73.46407,34.57055],[73.49415,34.57494],[73.53404,34.57164],[73.56577,34.58492],[73.59316,34.58833],[73.60535,34.58492],[73.61383,34.56921],[73.61844,34.56404],[73.62344,34.56399],[73.63895,34.58549],[73.65951,34.63365],[73.65972,34.64398],[73.64794,34.66781],[73.65083,34.6767],[73.6808,34.7153],[73.70127,34.75566],[73.71884,34.77132],[73.74023,34.78475],[73.75842,34.7925],[73.78912,34.7941],[73.8195,34.81049],[73.8411,34.8141],[73.884,34.81069],[73.92379,34.83353],[73.93722,34.8494],[73.95438,34.86268],[73.98911,34.86878],[74.01784,34.88066],[74.02425,34.8881],[74.03417,34.91451],[74.0568,34.93291],[74.06145,34.94169],[74.06693,34.98179],[74.10031,35.00965],[74.10135,35.01394],[74.09267,35.0267],[74.06962,35.0391],[74.06621,35.04551],[74.06755,35.05538],[74.07654,35.07202],[74.08843,35.08504],[74.09938,35.09274],[74.1247,35.0992],[74.1244,35.10509],[74.10517,35.12137],[74.10186,35.14049],[74.03148,35.1468],[74.00636,35.16515],[74.00264,35.17129],[73.99228,35.17527],[73.9767,35.17434],[73.96068,35.16917],[73.95407,35.17072],[73.9243,35.19889],[73.88782,35.20808],[73.86435,35.2023],[73.83935,35.22183],[73.80962,35.23352],[73.7731,35.23449],[73.73868,35.20979],[73.73227,35.20938],[73.72215,35.21573],[73.71481,35.23015],[73.72028,35.25464],[73.71842,35.2641],[73.68742,35.31015],[73.69021,35.35743],[73.72752,35.41763],[73.74251,35.42776],[73.78416,35.44714],[73.77847,35.50233],[73.77206,35.52197],[73.75842,35.52703],[73.62954,35.543],[73.56608,35.54181],[73.5048,35.53385],[73.46573,35.55757],[73.44258,35.56176],[73.40971,35.54775],[73.39235,35.58016],[73.38253,35.58822],[73.35473,35.59685],[73.3292,35.59545],[73.30708,35.60031],[73.29044,35.62284],[73.25158,35.64506],[73.22781,35.66366],[73.13531,35.71498],[73.12559,35.7248],[73.12311,35.74449],[73.12849,35.79632],[73.15133,35.81745],[73.15474,35.8249],[73.14957,35.83192],[73.10833,35.85616],[73.08839,35.8759],[73.08063,35.87342],[73.0643,35.85952],[73.04219,35.85606],[73.01645,35.86112],[72.9716,35.87812],[72.87217,35.8743],[72.85615,35.87022],[72.81802,35.8512],[72.80613,35.83869],[72.79238,35.83756],[72.75001,35.84484],[72.65585,35.85414],[72.5156,35.90396],[72.58909,36.01615],[72.57917,36.04276],[72.54124,36.07253],[72.52914,36.09754],[72.53442,36.1165],[72.56025,36.14389],[72.56056,36.15573],[72.55136,36.17004],[72.55384,36.18911],[72.5649,36.23014],[72.58599,36.25784],[72.60748,36.27272],[72.63343,36.27856],[72.65451,36.2781],[72.68087,36.26931],[72.69244,36.27107],[72.7188,36.30011],[72.73771,36.31096],[72.76727,36.32001],[72.78453,36.32879],[72.83021,36.37039],[72.86928,36.37969],[72.87693,36.38429],[72.88654,36.39706],[72.88592,36.43891],[72.88995,36.4571],[72.89574,36.46155],[72.92602,36.46837],[72.95599,36.46811],[72.98493,36.47276],[72.98958,36.48377],[72.97986,36.5078],[72.98917,36.51446],[73.04219,36.53116],[73.055,36.53963],[73.06306,36.54898],[73.07216,36.57363],[73.09448,36.6033],[73.09304,36.61771],[73.0734,36.6636],[73.07133,36.69497],[73.07815,36.70081],[73.13055,36.70939],[73.17655,36.73486],[73.19236,36.72825],[73.21344,36.7129],[73.2708,36.71848],[73.29633,36.71745],[73.41601,36.75207],[73.45384,36.74722],[73.51988,36.73073],[73.55316,36.73233],[73.57104,36.72773],[73.59512,36.73548],[73.61352,36.71559],[73.62231,36.71016],[73.65486,36.71058],[73.67863,36.70396],[73.69538,36.71037],[73.72122,36.72711],[73.76163,36.71606],[73.78716,36.7284],[73.80193,36.72846],[73.85423,36.71476],[73.87934,36.71161],[73.88575,36.71419],[73.88813,36.71993],[73.88637,36.73404],[73.89206,36.7515],[73.8873,36.77052],[73.86901,36.78499],[73.81299,36.81569],[73.79894,36.82799],[73.77475,36.83811],[73.73775,36.84344],[73.72028,36.85114],[73.71171,36.86111],[73.70892,36.87382],[73.71184,36.89414],[73.77289,36.89201],[73.83408,36.88287],[73.86508,36.87258],[73.94694,36.83088],[74.00637,36.81574],[74.0353,36.81558],[74.09432,36.83124],[74.10393,36.84132],[74.10879,36.87563],[74.1153,36.88953],[74.12967,36.89842],[74.146,36.9017],[74.21173,36.89514],[74.23571,36.90217],[74.28459,36.93423],[74.3681,36.97676],[74.39404,36.99402],[74.43559,37.00322],[74.45698,37.00438],[74.47662,36.99932],[74.50174,36.97242],[74.52137,36.9585],[74.53739,36.96224],[74.54928,37.00893],[74.54235,37.02167],[74.56178,37.02968],[74.62607,37.04275],[74.66245,37.05448],[74.67795,37.05169],[74.69222,37.03588],[74.71919,37.01645],[74.79257,37.01516],[74.82451,36.99412],[74.86089,36.94689],[74.86678,36.91656],[74.87236,36.9071],[74.8858,36.91144],[74.892,36.92098],[74.90078,36.94992],[74.9105,36.96255],[74.92497,36.97087],[74.97685,36.98428],[75.01447,36.98449],[75.10015,36.99412],[75.11855,36.99123],[75.13281,36.9847],[75.16123,36.9642],[75.19513,36.94888],[75.31347,36.92876],[75.3513,36.91578],[75.37796,36.89429],[75.3945,36.86426],[75.41052,36.74732],[75.43191,36.72293],[75.49258,36.7207],[75.49888,36.72763],[75.50798,36.74763],[75.57051,36.76675],[75.64978,36.75404],[75.72874,36.72319],[75.79055,36.68784],[75.84977,36.64474],[75.87478,36.61947],[75.97658,36.46263],[75.98108,36.44544],[76.14928,36.42455],[76.239,36.3199],[76.31858,36.33008],[76.38886,36.30977],[76.42865,36.23955],[76.46926,36.22001],[76.56828,36.1904],[76.66894,36.1904],[76.71876,36.15991],[76.75865,36.11004],[76.77891,36.03982],[76.77891,35.91026],[76.83906,35.85952],[76.939,35.84004],[77.00856,35.81973],[77.06861,35.77994],[77.08959,35.7402],[77.20896,35.70966],[77.3089,35.71978],[77.34859,35.71978],[77.42135,35.64015],[77.46889,35.65188],[77.50868,35.58016],[77.51961,35.47744],[77.66061,35.4581],[77.68966,35.46269],[77.74743,35.49432],[77.76035,35.49809],[77.77358,35.49897],[77.82949,35.49179],[77.86029,35.48409],[77.88985,35.48176],[77.91517,35.49416],[77.93202,35.52269],[77.94122,35.54672],[77.95476,35.56171],[77.98452,35.56326],[78.0733,35.54021],[78.10162,35.5383],[78.11485,35.54455],[78.1288,35.583],[78.14234,35.60579],[78.16188,35.62362],[78.18554,35.63596],[78.22936,35.64749],[78.24104,35.65679],[78.26099,35.68278],[78.27577,35.69472],[78.32993,35.70924],[78.43524,35.76097],[78.50893,35.7679],[78.54531,35.78112],[78.65228,35.84091],[78.66479,35.85254],[78.73654,35.86806],[78.82526,35.86521],[78.97143,35.88743],[79.02808,35.85237],[79.13253,35.83622],[79.19405,35.88692],[79.18362,35.94132],[79.29008,35.97729],[79.32366,35.98003],[79.36366,35.97517],[79.40025,35.96199],[79.42392,35.93982],[79.42826,35.90851],[79.46082,35.88577],[79.62334,35.84565],[79.71636,35.81718],[79.73754,35.80201],[79.79644,35.79725],[79.87556,35.78496],[79.91855,35.82225],[79.96028,35.83886],[80.00452,35.83893],[80.03824,35.79976],[80.05824,35.74994],[80.08849,35.72469],[80.11107,35.68001],[80.1779,35.66695],[80.24357,35.63866],[80.2915,35.60742],[80.30597,35.57272],[80.32712,35.47687],[80.32632,35.46678],[80.30943,35.46281],[80.28442,35.44552],[80.28404,35.39597],[80.27771,35.34523],[80.25549,35.31268],[80.26128,35.26989],[80.24183,35.22316],[80.20257,35.19085],[80.18796,35.15064],[80.18325,35.10318],[80.17384,35.07192],[80.16261,34.95088],[80.11656,34.88393],[80.07791,34.83733],[80.07387,34.79228],[80.08558,34.77659],[80.06636,34.73742],[80.04972,34.67313],[80.03525,34.65747],[79.99577,34.6475],[79.9073,34.66186],[79.86678,34.65804],[79.85211,34.64445],[79.83929,34.60006],[79.83071,34.58084],[79.81335,34.56538],[79.7315,34.54508],[79.71362,34.53484],[79.70214,34.52035],[79.70173,34.5003],[79.71144,34.48645],[79.73677,34.46332],[79.73801,34.44472],[79.71268,34.41532],[79.66959,34.40744],[79.62287,34.41198],[79.5436,34.42868],[79.52303,34.42609],[79.51032,34.41216],[79.50949,34.39216],[79.52469,34.35152],[79.54835,34.25065],[79.55156,34.20957],[79.53285,34.18417],[79.51394,34.18298],[79.49802,34.18642],[79.4882,34.18189],[79.48727,34.15673],[79.49781,34.12019],[79.49502,34.10593],[79.44851,34.06751],[79.40552,34.0219],[79.37596,34.01141],[79.13226,34.02648],[79.10166,34.01999],[79.08099,34.0001],[79.07066,33.9955],[79.03934,34.00196],[78.93506,34.00715],[78.90281,33.98317],[78.88752,33.94646],[78.89754,33.90747],[78.94539,33.79982],[78.99128,33.75192],[78.99614,33.70546],[79.01133,33.658],[79.01278,33.63368],[79.00255,33.61934],[78.94539,33.63412],[78.91738,33.6334],[78.89599,33.62009],[78.88524,33.59178],[78.8869,33.56689],[78.90405,33.5216],[78.90984,33.49424],[78.90602,33.44798],[78.90757,33.42354],[78.91769,33.38626]]],[[[80.96827,15.79523],[80.98316,15.78075],[80.98854,15.77074],[80.98487,15.76179],[80.97169,15.75047],[80.94264,15.74103],[80.91798,15.75511],[80.8685,15.81196],[80.87916,15.84007],[80.88836,15.84675],[80.93727,15.81892],[80.96827,15.79523]]],[[[73.64633,10.0847],[73.64096,10.06932],[73.63258,10.05728],[73.63331,10.07787],[73.64389,10.09455],[73.64633,10.0847]]],[[[73.66228,10.1446],[73.65789,10.13906],[73.65463,10.14151],[73.65561,10.14476],[73.66228,10.1446]]],[[[72.64975,10.56684],[72.63852,10.55939],[72.62745,10.55476],[72.64861,10.57396],[72.64975,10.56684]]],[[[72.54884,10.77945],[72.54876,10.77932],[72.54119,10.7729],[72.54086,10.77652],[72.54884,10.77945]]],[[[73.6714,10.82974],[73.68124,10.82807],[73.68442,10.82754],[73.67286,10.82469],[73.6714,10.82974]]],[[[72.75001,11.11909],[72.74496,11.10952],[72.73951,11.10883],[72.73951,11.11396],[72.75001,11.11909]]],[[[73.01319,11.50218],[73.01092,11.49014],[73.00563,11.47964],[73.0044,11.49649],[73.00709,11.50129],[73.01319,11.50218]]],[[[72.71616,11.69416],[72.70525,11.68732],[72.70094,11.68643],[72.70509,11.69233],[72.71616,11.69416]]],[[[93.87281,12.26887],[93.85377,12.26056],[93.8519,12.27155],[93.86061,12.2812],[93.87281,12.26887]]],[[[94.28094,13.44355],[94.29078,13.42292],[94.27491,13.42032],[94.26189,13.42927],[94.28094,13.44355]]],[[[93.92026,7.02432],[93.92872,7.01236],[93.92986,6.95905],[93.92107,6.93382],[93.89356,6.87678],[93.88942,6.84178],[93.90414,6.81924],[93.90309,6.8083],[93.8899,6.80097],[93.85939,6.80427],[93.84791,6.7853],[93.83424,6.74555],[93.81267,6.75397],[93.80934,6.76903],[93.81373,6.8083],[93.79217,6.82587],[93.78443,6.83641],[93.79322,6.84919],[93.77573,6.86738],[93.77312,6.878],[93.77955,6.8902],[93.77076,6.89387],[93.76612,6.90111],[93.76531,6.9243],[93.74806,6.92357],[93.71754,6.99262],[93.70362,7.00629],[93.68434,7.0209],[93.66456,7.02652],[93.64918,7.01309],[93.64967,7.11962],[93.67644,7.18187],[93.7173,7.18769],[93.73463,7.20551],[93.76531,7.21914],[93.77215,7.21174],[93.79762,7.2346],[93.81398,7.24185],[93.83082,7.23591],[93.85532,7.21418],[93.865,7.20067],[93.88063,7.14427],[93.88315,7.10472],[93.88706,7.0893],[93.92026,7.02432]]],[[[93.73121,7.36937],[93.73439,7.35082],[93.72853,7.3371],[93.67921,7.29833],[93.64422,7.25751],[93.62818,7.25332],[93.61793,7.25996],[93.61508,7.28742],[93.594,7.31476],[93.60694,7.3264],[93.61671,7.36726],[93.63868,7.37617],[93.66725,7.38276],[93.67799,7.3994],[93.68377,7.4217],[93.69695,7.44505],[93.69947,7.39875],[93.72169,7.38117],[93.73121,7.36937]]],[[[93.42945,7.95527],[93.43312,7.95429],[93.45981,7.91079],[93.46046,7.89985],[93.45444,7.86929],[93.42124,7.89179],[93.40211,7.89008],[93.36785,7.87861],[93.35426,7.88329],[93.34498,7.89134],[93.34034,7.90127],[93.34108,7.91258],[93.34816,7.92487],[93.34067,7.93171],[93.33269,7.92495],[93.32301,7.92438],[93.31365,7.92918],[93.30665,7.93854],[93.30502,7.94994],[93.31332,7.98973],[93.3226,8.0021],[93.34441,8.01211],[93.37029,8.01732],[93.39137,8.01557],[93.39617,7.99722],[93.39601,7.97639],[93.40122,7.96796],[93.42416,7.95987],[93.42945,7.95527]]],[[[93.56593,7.99934],[93.57423,7.96882],[93.57398,7.92487],[93.51832,7.96581],[93.51075,7.98017],[93.51148,7.99551],[93.52076,8.00438],[93.53932,7.99934],[93.54029,8.01618],[93.54835,8.02009],[93.5586,8.01362],[93.56593,7.99934]]],[[[93.53191,8.03474],[93.5149,8.02766],[93.49496,7.99628],[93.48439,7.99189],[93.47926,8.00292],[93.47731,8.03099],[93.4808,8.04051],[93.49562,8.04938],[93.49781,8.062],[93.50522,8.062],[93.51482,8.05622],[93.51694,8.0633],[93.51148,8.07486],[93.49781,8.08251],[93.4922,8.06362],[93.47975,8.06322],[93.46632,8.07441],[93.45737,8.08999],[93.44662,8.15436],[93.44654,8.1645],[93.4651,8.1833],[93.47731,8.20913],[93.48585,8.22012],[93.50465,8.227],[93.52345,8.22582],[93.53167,8.2132],[93.53102,8.19375],[93.51051,8.16657],[93.50522,8.14704],[93.50856,8.12881],[93.52516,8.09504],[93.53761,8.05732],[93.53736,8.0478],[93.53191,8.03474]]],[[[73.07716,8.31525],[73.0818,8.31582],[73.084,8.3085],[73.06609,8.27045],[73.04469,8.25243],[73.03272,8.2495],[73.0241,8.25544],[73.02247,8.27436],[73.02931,8.27432],[73.02931,8.26],[73.04835,8.26756],[73.06316,8.27949],[73.07301,8.2954],[73.07716,8.31525]]],[[[93.13453,8.24018],[93.17302,8.22126],[93.17628,8.21288],[93.16733,8.20454],[93.15349,8.20551],[93.10255,8.2215],[93.08155,8.24238],[93.06577,8.26813],[93.05958,8.29141],[93.0643,8.33613],[93.06984,8.34662],[93.08375,8.3559],[93.09506,8.35517],[93.10141,8.34577],[93.10076,8.29926],[93.10402,8.27558],[93.11411,8.25642],[93.13453,8.24018]]],[[[93.60768,8.54804],[93.6268,8.50584],[93.62818,8.48656],[93.61834,8.45392],[93.60971,8.43842],[93.60141,8.43818],[93.60035,8.45034],[93.60768,8.50707],[93.59555,8.54173],[93.59498,8.55801],[93.60768,8.56916],[93.60768,8.54804]]],[[[92.81137,9.23117],[92.83385,9.20236],[92.83198,9.14502],[92.79956,9.11015],[92.73121,9.13084],[92.72022,9.14712],[92.71168,9.17512],[92.70851,9.20161],[92.71388,9.21345],[92.72926,9.21784],[92.74513,9.22907],[92.7544,9.24445],[92.75099,9.26122],[92.76303,9.26415],[92.81137,9.23117]]],[[[92.58509,10.77127],[92.58699,10.73629],[92.59806,10.7093],[92.59591,10.67836],[92.53984,10.62067],[92.54176,10.59172],[92.57421,10.58062],[92.54668,10.54778],[92.53542,10.52486],[92.51303,10.50797],[92.47956,10.51607],[92.44414,10.54514],[92.42179,10.5462],[92.40647,10.52927],[92.38411,10.52933],[92.37806,10.54133],[92.40256,10.57521],[92.41386,10.60612],[92.417,10.62906],[92.40892,10.64706],[92.37949,10.67212],[92.37672,10.78402],[92.38588,10.78198],[92.40726,10.78989],[92.41542,10.79886],[92.42897,10.85082],[92.4828,10.88562],[92.52759,10.89547],[92.54888,10.87437],[92.56506,10.84931],[92.56798,10.8153],[92.58212,10.79026],[92.58509,10.77127]]],[[[92.67652,11.41254],[92.68507,11.39936],[92.69679,11.39179],[92.69988,11.38443],[92.67319,11.36734],[92.63502,11.3579],[92.61964,11.36074],[92.59352,11.37836],[92.60084,11.40632],[92.60816,11.41132],[92.62387,11.4125],[92.6312,11.41625],[92.63722,11.43016],[92.62762,11.47736],[92.63559,11.50804],[92.65414,11.50812],[92.67506,11.49042],[92.6963,11.45441],[92.6797,11.42939],[92.67652,11.41254]]],[[[92.26678,11.58954],[92.27809,11.58381],[92.28688,11.56318],[92.285,11.54401],[92.2732,11.53107],[92.25213,11.52924],[92.23455,11.54035],[92.23024,11.57734],[92.2173,11.59125],[92.2173,11.59809],[92.25489,11.59382],[92.26678,11.58954]]],[[[93.04249,11.96117],[93.04868,11.95279],[93.06642,11.89912],[93.04933,11.89614],[93.03541,11.91193],[93.02491,11.94013],[92.99057,11.95441],[92.96754,11.97858],[92.95314,11.98111],[92.94703,11.98969],[92.9572,12.00869],[92.98072,12.03632],[93.01466,12.03718],[93.0254,12.03156],[93.01856,12.01582],[93.04249,11.96117]]],[[[93.10328,12.1905],[93.10328,12.18008],[93.09498,12.15176],[93.10328,12.10204],[93.09425,12.09097],[93.08546,12.09585],[93.0643,12.12714],[93.05958,12.13874],[93.05934,12.15355],[93.06625,12.18985],[93.07325,12.20083],[93.08204,12.20478],[93.09108,12.20425],[93.09848,12.19941],[93.10328,12.1905]]],[[[92.73308,12.97248],[92.73748,12.96174],[92.73219,12.9457],[92.72999,12.89521],[92.72438,12.87238],[92.69711,12.8382],[92.69467,12.80378],[92.68279,12.79731],[92.67026,12.86766],[92.67774,12.89037],[92.68491,12.94505],[92.68279,12.96174],[92.70834,12.98867],[92.7225,12.98578],[92.73308,12.97248]]],[[[93.05274,13.28388],[93.07569,13.26911],[93.07944,13.25983],[93.0569,13.2248],[93.05258,13.19697],[93.05274,13.13304],[93.03679,13.06216],[93.01954,13.03364],[92.99806,13.04369],[92.99057,13.04369],[92.98683,13.03368],[92.97934,13.02953],[92.97088,13.03075],[92.96404,13.03685],[92.96144,13.04816],[92.96656,13.07217],[92.96404,13.08466],[92.95655,13.08466],[92.95655,13.06415],[92.93702,13.06708],[92.92888,13.0502],[92.9284,13.02749],[92.93263,13.01301],[92.95069,12.99364],[92.95623,12.98168],[92.95265,12.97077],[92.94288,12.95429],[92.93605,12.95429],[92.93474,12.97305],[92.92742,12.98102],[92.90528,12.98224],[92.87631,12.91665],[92.8768,12.91153],[92.88453,12.90347],[92.89633,12.89973],[92.90553,12.90607],[92.91554,12.91958],[92.92449,12.91437],[92.93263,12.89289],[92.94068,12.88931],[92.96404,12.86494],[92.9607,12.84715],[92.96803,12.80317],[92.95655,12.78303],[92.97316,12.76435],[92.98439,12.7451],[92.99049,12.72431],[92.99057,12.70112],[92.97682,12.65493],[92.97291,12.62812],[92.98902,12.59211],[92.99057,12.51923],[92.9559,12.47744],[92.97022,12.46833],[92.96241,12.45441],[92.93865,12.43814],[92.93605,12.41991],[92.92921,12.41991],[92.91586,12.44086],[92.89503,12.45466],[92.90187,12.43354],[92.8733,12.43138],[92.84669,12.43354],[92.84669,12.4274],[92.85353,12.41682],[92.86362,12.38548],[92.8711,12.37889],[92.89405,12.36811],[92.90252,12.35712],[92.90187,12.34479],[92.91505,12.33836],[92.91277,12.33364],[92.87924,12.31297],[92.88575,12.29556],[92.90016,12.28319],[92.90187,12.26903],[92.87989,12.2436],[92.89422,12.20502],[92.89161,12.20083],[92.87257,12.20148],[92.87452,12.18374],[92.8274,12.14012],[92.83367,12.12568],[92.83367,12.11823],[92.80641,12.10456],[92.80893,12.09577],[92.79933,12.08954],[92.76881,12.0847],[92.7575,12.07746],[92.76726,12.06122],[92.79265,12.03632],[92.77125,12.03608],[92.76368,12.03095],[92.75856,12.02204],[92.76539,12.02204],[92.74562,11.99665],[92.74057,11.98363],[92.73748,11.96117],[92.73748,11.87865],[92.74488,11.87865],[92.75375,11.93159],[92.76197,11.94013],[92.77638,11.93928],[92.78793,11.93452],[92.79591,11.92219],[92.79949,11.89912],[92.79689,11.86514],[92.76002,11.70869],[92.75473,11.70112],[92.73455,11.69929],[92.72291,11.69379],[92.68995,11.66006],[92.68393,11.64989],[92.68279,11.61518],[92.68702,11.61156],[92.69679,11.61123],[92.70639,11.61449],[92.7107,11.62173],[92.7107,11.65957],[92.73121,11.65274],[92.73024,11.67145],[92.73601,11.68244],[92.7461,11.68374],[92.75856,11.67324],[92.76148,11.66364],[92.76539,11.6186],[92.74757,11.59785],[92.74488,11.58759],[92.74488,11.55712],[92.73512,11.52387],[92.72674,11.50617],[92.71697,11.49445],[92.71314,11.50731],[92.68971,11.51557],[92.65895,11.54629],[92.6548,11.55589],[92.65463,11.5738],[92.63356,11.58259],[92.62566,11.5954],[92.62135,11.6186],[92.62794,11.62515],[92.64568,11.62983],[92.64869,11.6385],[92.64283,11.64525],[92.61964,11.65131],[92.61451,11.66299],[92.60377,11.7189],[92.59596,11.72016],[92.57984,11.71418],[92.56324,11.72557],[92.56031,11.74136],[92.56666,11.7862],[92.56666,11.82714],[92.56324,11.83393],[92.53435,11.84687],[92.52809,11.84589],[92.52491,11.85749],[92.53199,11.86498],[92.53972,11.89444],[92.563,11.93016],[92.57057,11.9326],[92.57716,11.9274],[92.59474,11.89875],[92.60027,11.89549],[92.61451,11.89912],[92.60768,11.8828],[92.61085,11.87051],[92.61769,11.8664],[92.62135,11.87494],[92.62452,11.93016],[92.6294,11.94375],[92.62135,11.98794],[92.62501,12.00312],[92.64186,12.03632],[92.64015,12.13614],[92.64527,12.15607],[92.66822,12.201],[92.68181,12.21963],[92.68971,12.20767],[92.69711,12.20767],[92.70387,12.22516],[92.71306,12.23257],[92.72096,12.22655],[92.72438,12.20425],[92.71949,12.17626],[92.72779,12.17284],[92.74106,12.18032],[92.76539,12.18032],[92.78403,12.18936],[92.79265,12.20767],[92.7824,12.2486],[92.76775,12.25544],[92.75856,12.26594],[92.7588,12.27656],[92.7645,12.27432],[92.7894,12.27949],[92.7942,12.28319],[92.79265,12.29637],[92.78696,12.3063],[92.77849,12.31013],[92.75473,12.31004],[92.73365,12.31806],[92.72234,12.3378],[92.71778,12.36249],[92.72169,12.59943],[92.72682,12.61298],[92.75473,12.64956],[92.77898,12.65266],[92.78321,12.66498],[92.75473,12.67719],[92.74773,12.69269],[92.74488,12.76252],[92.73748,12.8072],[92.7409,12.81965],[92.76539,12.84512],[92.78566,12.84003],[92.8003,12.85782],[92.81324,12.90648],[92.81324,12.95808],[92.83473,13.00202],[92.83025,13.00951],[92.80795,13.02009],[92.80926,13.04474],[92.8296,13.10346],[92.85418,13.14606],[92.83367,13.17402],[92.84474,13.187],[92.84278,13.227],[92.86402,13.2355],[92.86394,13.2447],[92.84986,13.28901],[92.85418,13.31061],[92.84116,13.3249],[92.84742,13.34492],[92.89137,13.40095],[92.89503,13.41303],[92.89503,13.45458],[92.90187,13.46825],[92.91554,13.47574],[92.94288,13.50922],[92.94549,13.53693],[92.94972,13.54462],[92.95851,13.55024],[92.98439,13.5576],[92.99732,13.5467],[93.01173,13.55077],[93.00457,13.5622],[93.01173,13.57811],[93.01629,13.56737],[93.0228,13.56611],[93.04249,13.57123],[93.04998,13.56639],[93.06642,13.5371],[93.05502,13.50308],[93.05372,13.47142],[93.05958,13.40681],[93.08009,13.41303],[93.07838,13.39712],[93.05787,13.38288],[93.04689,13.35741],[93.00424,13.33104],[93.00367,13.34862],[92.99513,13.35737],[92.98439,13.35643],[92.97706,13.34536],[92.97934,13.32978],[92.99049,13.31782],[93.00457,13.31184],[93.02556,13.31615],[93.05274,13.28388]]],[[[93.03907,13.66747],[93.05274,13.6402],[93.0005,13.6577],[92.99057,13.66747],[93.01954,13.68012],[93.03321,13.68024],[93.03907,13.66747]]],[[[88.8729,21.59553],[88.90203,21.58027],[88.91131,21.56688],[88.91391,21.54841],[88.90797,21.53071],[88.87973,21.52998],[88.86248,21.52359],[88.83872,21.53193],[88.83082,21.57738],[88.84132,21.614],[88.8729,21.59553]]],[[[88.05055,21.70539],[88.09002,21.80866],[88.11931,21.85952],[88.14674,21.86986],[88.167,21.76545],[88.16342,21.70547],[88.13258,21.68496],[88.14438,21.65778],[88.14601,21.64374],[88.13942,21.63032],[88.13006,21.62592],[88.09156,21.63654],[88.06349,21.63666],[88.05177,21.64159],[88.04314,21.65762],[88.04225,21.66816],[88.05055,21.70539]]],[[[88.63624,21.92137],[88.65016,21.92744],[88.66326,21.92129],[88.67058,21.90742],[88.64918,21.84235],[88.64633,21.78791],[88.59181,21.80439],[88.58497,21.82661],[88.58627,21.843],[88.59864,21.86986],[88.61647,21.89794],[88.63624,21.92137]]],[[[88.0809,21.84935],[88.07228,21.85676],[88.07106,21.8736],[88.07732,21.90461],[88.09425,21.93789],[88.10572,21.94758],[88.11891,21.94501],[88.13258,21.92048],[88.12501,21.88866],[88.10499,21.86115],[88.0809,21.84935]]],[[[72.1727,10.80923],[72.17262,10.82998],[72.17905,10.8487],[72.20004,10.87808],[72.20004,10.86445],[72.1727,10.80923]]],[[[72.78907,11.26166],[72.79591,11.26166],[72.79558,11.25723],[72.78907,11.24803],[72.78492,11.21638],[72.7754,11.18659],[72.77036,11.20364],[72.77418,11.22289],[72.78907,11.26166]]]]}}]}